applicant_id,age,annual_income,emp_length_years,home_ownership,loan_amount,loan_intent,loan_term_months,interest_rate,credit_score,dti_ratio,revolving_utilization,total_open_acc,delinq_2yrs,derogatory_recs,target_default
APP-10000,59,35801.23,12,RENT,11000,MEDICAL,36,10.03,758,35.76,40.08,12,0,0,0
APP-10001,49,38647.84,14,MORTGAGE,21000,DEBTCONSOLIDATION,36,11.16,675,57.0,36.0,12,3,0,0
APP-10002,35,81992.6,5,MORTGAGE,33000,DEBTCONSOLIDATION,36,11.15,701,19.81,36.15,10,0,0,1
APP-10003,63,50076.87,14,RENT,30000,VENTURE,36,16.51,663,14.87,58.08,11,0,0,0
APP-10004,28,139413.59,10,RENT,2000,DEBTCONSOLIDATION,36,9.46,810,13.46,25.18,11,0,1,0
APP-10005,41,124719.09,13,RENT,28000,HOMEIMPROVEMENT,36,7.03,802,11.2,9.71,4,0,0,0
APP-10006,59,138254.19,17,RENT,21000,PERSONAL,36,11.07,737,30.25,21.26,8,0,1,0
APP-10007,39,37863.52,2,RENT,15000,DEBTCONSOLIDATION,36,15.07,675,37.03,55.8,4,0,0,0
APP-10008,43,76530.57,12,RENT,16000,DEBTCONSOLIDATION,60,13.33,587,14.21,54.13,11,2,0,0
APP-10009,31,47157.01,0,RENT,7000,PERSONAL,36,14.31,693,34.3,36.27,11,0,0,0
APP-10010,31,70540.05,0,MORTGAGE,3000,DEBTCONSOLIDATION,36,11.31,724,23.75,14.43,16,0,0,0
APP-10011,44,40022.34,13,MORTGAGE,30000,PERSONAL,36,19.87,604,13.07,41.71,8,2,0,0
APP-10012,56,110533.97,0,RENT,40000,HOMEIMPROVEMENT,36,7.72,795,18.02,50.66,17,0,0,0
APP-10013,60,40397.95,11,RENT,33000,HOMEIMPROVEMENT,36,10.93,774,23.8,47.6,9,0,0,1
APP-10014,44,22615.27,3,MORTGAGE,6000,DEBTCONSOLIDATION,36,11.75,635,29.68,28.36,15,0,0,0
APP-10015,23,165527.13,5,RENT,23000,DEBTCONSOLIDATION,36,12.25,698,32.74,83.87,8,2,0,0
APP-10016,42,74700.97,1,MORTGAGE,29000,HOMEIMPROVEMENT,60,11.96,703,40.85,23.01,9,0,0,0
APP-10017,22,35081.76,3,OWN,33000,PERSONAL,60,11.67,687,9.13,46.92,12,0,0,0
APP-10018,44,55208.07,16,MORTGAGE,30000,HOMEIMPROVEMENT,36,12.14,705,7.42,36.58,9,0,0,0
APP-10019,64,44872.1,12,MORTGAGE,4000,HOMEIMPROVEMENT,36,15.05,652,10.8,37.11,5,1,0,0
APP-10020,50,60046.27,19,RENT,32000,DEBTCONSOLIDATION,36,15.53,682,8.93,40.87,12,1,0,0
APP-10021,58,89446.0,0,RENT,14000,PERSONAL,36,12.9,699,15.08,54.6,11,0,0,0
APP-10022,22,82692.94,16,MORTGAGE,7000,MEDICAL,60,14.06,652,11.37,60.11,13,0,0,0
APP-10023,41,67972.91,14,OWN,22000,DEBTCONSOLIDATION,60,11.57,733,7.69,2.47,9,0,0,0
APP-10024,53,60031.61,4,MORTGAGE,15000,DEBTCONSOLIDATION,36,13.48,691,37.88,83.23,15,0,1,0
APP-10025,32,102676.17,14,RENT,26000,VENTURE,60,13.87,660,11.97,60.82,10,0,0,0
APP-10026,42,22862.9,14,RENT,8000,DEBTCONSOLIDATION,60,16.83,635,20.55,90.49,9,0,0,0
APP-10027,64,41172.82,8,RENT,23000,PERSONAL,60,10.92,727,6.28,40.44,5,0,0,0
APP-10028,45,36705.01,13,RENT,33000,DEBTCONSOLIDATION,60,10.33,695,18.4,33.15,10,5,0,0
APP-10029,69,99025.13,8,MORTGAGE,33000,MEDICAL,60,13.95,644,11.74,41.75,6,2,0,0
APP-10030,47,41375.89,5,RENT,31000,HOMEIMPROVEMENT,60,13.67,671,31.42,15.12,13,0,0,0
APP-10031,62,31477.31,8,RENT,18000,DEBTCONSOLIDATION,36,14.02,668,15.81,60.42,6,0,0,0
APP-10032,48,78799.65,18,MORTGAGE,39000,HOMEIMPROVEMENT,60,12.38,740,9.58,22.4,11,0,0,0
APP-10033,36,38010.82,7,RENT,22000,DEBTCONSOLIDATION,36,11.52,782,5.6,21.49,10,0,0,0
APP-10034,35,50243.51,7,MORTGAGE,27000,DEBTCONSOLIDATION,60,11.35,681,11.53,51.12,15,0,0,0
APP-10035,67,196923.76,12,RENT,4000,MEDICAL,60,11.89,712,22.7,44.59,5,0,0,0
APP-10036,64,88749.16,15,RENT,39000,HOMEIMPROVEMENT,36,14.13,727,30.63,11.88,14,0,0,0
APP-10037,23,,14,RENT,18000,VENTURE,36,13.32,620,9.57,62.3,4,0,1,0
APP-10038,57,56355.55,0,MORTGAGE,40000,MEDICAL,36,11.53,693,14.07,20.51,14,0,0,0
APP-10039,27,94253.55,13,MORTGAGE,7000,VENTURE,36,12.34,716,31.54,33.79,12,0,0,0
APP-10040,41,83402.64,8,MORTGAGE,22000,DEBTCONSOLIDATION,36,8.54,721,24.35,44.98,12,0,1,1
APP-10041,29,62180.69,10,MORTGAGE,14000,DEBTCONSOLIDATION,36,11.0,674,19.94,34.6,12,0,0,0
APP-10042,59,63056.09,11,MORTGAGE,10000,PERSONAL,36,16.59,611,30.29,70.04,3,0,0,0
APP-10043,38,28568.95,14,RENT,6000,DEBTCONSOLIDATION,36,12.71,719,17.93,58.61,11,2,0,0
APP-10044,24,25719.24,17,MORTGAGE,8000,HOMEIMPROVEMENT,36,13.17,704,29.64,24.27,11,0,0,0
APP-10045,45,54807.86,12,RENT,39000,HOMEIMPROVEMENT,36,11.45,739,23.71,10.54,6,1,0,0
APP-10046,34,43623.77,11,RENT,39000,HOMEIMPROVEMENT,36,15.93,564,11.42,42.79,8,0,0,1
APP-10047,29,80261.03,6,RENT,32000,PERSONAL,36,12.61,691,20.55,34.41,3,0,0,0
APP-10048,46,66077.92,1,RENT,5000,PERSONAL,36,15.05,670,20.39,30.18,8,0,0,0
APP-10049,22,40684.92,20,OWN,14000,MEDICAL,36,11.46,660,16.18,32.83,12,0,0,0
APP-10050,40,64964.69,8,RENT,16000,VENTURE,60,17.05,616,17.06,65.05,8,0,0,0
APP-10051,48,48575.94,11,RENT,14000,HOMEIMPROVEMENT,60,12.72,631,8.82,47.33,7,0,0,0
APP-10052,67,168265.89,15,MORTGAGE,27000,DEBTCONSOLIDATION,36,13.7,698,20.68,60.0,6,0,0,0
APP-10053,27,72629.11,0,RENT,20000,HOMEIMPROVEMENT,36,13.39,645,8.42,55.26,11,0,0,0
APP-10054,64,27438.34,17,MORTGAGE,2000,PERSONAL,36,14.16,631,15.2,72.74,9,0,0,0
APP-10055,28,148784.99,16,OWN,14000,HOMEIMPROVEMENT,60,11.06,686,2.67,10.8,7,0,0,0
APP-10056,67,43626.74,15,RENT,26000,DEBTCONSOLIDATION,60,19.42,640,27.89,50.69,9,0,0,1
APP-10057,55,36777.13,0,RENT,21000,VENTURE,36,13.51,685,9.87,43.7,6,0,0,0
APP-10058,34,174877.91,10,RENT,24000,PERSONAL,36,15.03,683,21.44,63.25,4,0,0,0
APP-10059,37,71176.52,0,MORTGAGE,25000,MEDICAL,36,9.69,701,11.52,14.4,5,0,0,0
APP-10060,56,84998.0,10,RENT,40000,DEBTCONSOLIDATION,36,16.16,633,32.38,19.05,13,0,0,0
APP-10061,60,86381.61,14,MORTGAGE,31000,PERSONAL,60,12.54,740,2.73,70.85,13,0,1,0
APP-10062,24,54014.36,1,MORTGAGE,35000,DEBTCONSOLIDATION,36,11.26,735,8.16,20.02,12,0,0,0
APP-10063,22,44972.09,14,RENT,11000,PERSONAL,60,12.26,687,2.17,37.85,14,0,0,0
APP-10064,26,48794.42,8,RENT,2000,DEBTCONSOLIDATION,36,10.72,709,8.95,18.43,7,0,0,0
APP-10065,62,133844.39,16,RENT,13000,VENTURE,60,12.83,715,20.97,38.46,10,0,0,0
APP-10066,24,66296.59,10,MORTGAGE,30000,DEBTCONSOLIDATION,36,10.22,723,26.0,56.84,11,2,0,0
APP-10067,49,115434.38,5,RENT,12000,PERSONAL,36,12.04,720,18.0,39.75,9,1,0,0
APP-10068,38,57628.78,5,RENT,18000,PERSONAL,36,13.46,717,14.51,4.51,7,0,0,0
APP-10069,46,41040.24,18,RENT,21000,PERSONAL,60,14.48,706,19.55,75.76,9,0,0,0
APP-10070,64,29111.59,8,MORTGAGE,39000,HOMEIMPROVEMENT,60,12.72,712,5.46,35.84,5,0,3,0
APP-10071,54,82784.95,7,RENT,7000,DEBTCONSOLIDATION,36,16.89,561,9.72,42.58,11,0,0,0
APP-10072,30,139671.57,0,OTHER,21000,DEBTCONSOLIDATION,60,16.17,621,24.86,23.25,13,0,0,0
APP-10073,56,38446.14,6,MORTGAGE,11000,DEBTCONSOLIDATION,60,12.76,723,11.57,74.23,10,0,1,0
APP-10074,34,77395.68,17,MORTGAGE,11000,PERSONAL,36,12.81,625,14.46,59.16,10,4,0,0
APP-10075,51,30097.34,15,MORTGAGE,32000,PERSONAL,60,12.42,690,9.14,45.39,8,0,0,0
APP-10076,68,45349.37,3,MORTGAGE,27000,VENTURE,60,13.56,640,6.27,43.27,11,0,0,0
APP-10077,35,68457.5,7,MORTGAGE,18000,PERSONAL,60,13.28,703,29.56,13.24,12,0,2,1
APP-10078,28,25231.61,2,RENT,15000,EDUCATION,36,16.13,498,14.31,22.89,9,0,0,0
APP-10079,34,59337.0,19,MORTGAGE,6000,DEBTCONSOLIDATION,36,11.8,706,6.51,38.61,9,0,0,0
APP-10080,43,39405.07,11,RENT,4000,DEBTCONSOLIDATION,36,13.84,680,5.58,55.47,15,0,0,0
APP-10081,60,81014.19,15,RENT,21000,DEBTCONSOLIDATION,36,13.01,631,20.78,39.33,7,0,0,0
APP-10082,41,55121.75,14,RENT,16000,DEBTCONSOLIDATION,60,10.82,743,4.22,39.86,11,0,0,0
APP-10083,36,95771.41,18,MORTGAGE,4000,EDUCATION,60,9.72,790,10.73,47.98,8,0,0,0
APP-10084,65,52062.53,19,MORTGAGE,4000,HOMEIMPROVEMENT,36,13.89,561,20.74,42.49,9,0,0,0
APP-10085,38,30297.19,0,MORTGAGE,24000,DEBTCONSOLIDATION,36,14.22,649,4.19,33.31,11,0,0,0
APP-10086,67,28467.55,20,MORTGAGE,10000,PERSONAL,36,14.94,598,12.9,38.58,8,2,0,0
APP-10087,44,23051.71,18,RENT,12000,VENTURE,36,15.2,583,7.86,74.46,13,0,0,0
APP-10088,46,82164.52,6,RENT,14000,DEBTCONSOLIDATION,36,14.08,695,23.23,30.93,11,0,0,0
APP-10089,45,215101.54,17,RENT,9000,PERSONAL,36,18.37,625,14.95,32.92,8,0,0,0
APP-10090,65,,15,RENT,23000,DEBTCONSOLIDATION,36,16.15,625,6.18,31.65,7,0,0,0
APP-10091,61,138140.07,16,MORTGAGE,39000,PERSONAL,60,15.45,644,3.42,51.71,11,1,1,0
APP-10092,49,105533.81,3,MORTGAGE,28000,DEBTCONSOLIDATION,36,10.34,685,11.37,62.07,14,0,0,0
APP-10093,35,46204.48,13,RENT,27000,HOMEIMPROVEMENT,36,9.63,756,13.07,20.38,8,0,0,0
APP-10094,65,112719.53,0,MORTGAGE,24000,HOMEIMPROVEMENT,36,12.41,709,15.06,40.21,11,2,0,0
APP-10095,21,47132.25,17,OWN,40000,PERSONAL,36,10.92,707,40.29,8.31,17,0,1,0
APP-10096,45,47602.76,19,RENT,32000,MEDICAL,36,18.32,639,13.13,72.43,19,0,0,0
APP-10097,27,53944.11,13,MORTGAGE,30000,MEDICAL,36,10.74,742,18.21,36.35,10,0,0,0
APP-10098,29,55237.7,9,RENT,2000,DEBTCONSOLIDATION,60,12.72,754,31.95,64.88,5,0,0,0
APP-10099,44,83340.07,14,MORTGAGE,11000,DEBTCONSOLIDATION,36,11.64,742,11.82,16.28,15,0,0,0
APP-10100,21,42811.27,5,RENT,5000,DEBTCONSOLIDATION,36,15.12,644,12.63,38.66,12,0,0,0
APP-10101,64,93391.11,12,MORTGAGE,32000,DEBTCONSOLIDATION,36,11.65,737,36.06,22.25,11,0,0,0
APP-10102,28,92723.02,14,RENT,5000,PERSONAL,36,13.04,762,48.54,13.08,5,0,0,0
APP-10103,44,71074.35,1,OWN,30000,DEBTCONSOLIDATION,36,10.78,739,7.95,84.14,18,0,0,0
APP-10104,31,157914.01,1,MORTGAGE,10000,HOMEIMPROVEMENT,36,11.54,679,2.62,57.4,14,2,0,0
APP-10105,37,113970.66,14,RENT,16000,DEBTCONSOLIDATION,36,14.41,639,22.45,48.27,12,0,0,0
APP-10106,28,102218.16,8,MORTGAGE,4000,DEBTCONSOLIDATION,36,10.75,701,13.91,23.03,9,0,0,0
APP-10107,55,61887.7,18,MORTGAGE,16000,VENTURE,36,12.43,659,24.6,41.7,12,0,0,0
APP-10108,55,71387.86,5,MORTGAGE,12000,DEBTCONSOLIDATION,36,18.45,511,25.9,47.44,8,0,0,0
APP-10109,53,77800.54,0,OWN,7000,DEBTCONSOLIDATION,60,13.23,650,27.15,36.31,9,1,0,0
APP-10110,25,60271.86,13,MORTGAGE,8000,DEBTCONSOLIDATION,36,8.13,705,15.94,10.17,10,0,0,0
APP-10111,62,49623.28,13,MORTGAGE,5000,DEBTCONSOLIDATION,60,11.75,716,9.43,80.84,8,0,0,0
APP-10112,59,18000.0,10,RENT,22000,VENTURE,36,10.43,782,8.54,29.02,9,0,0,0
APP-10113,61,85723.54,13,RENT,2000,PERSONAL,36,9.43,771,8.6,87.75,16,0,0,0
APP-10114,48,100782.86,10,OTHER,24000,PERSONAL,36,14.37,718,8.1,88.18,16,0,0,0
APP-10115,27,33504.69,14,OWN,14000,VENTURE,60,15.45,641,43.21,58.6,16,0,1,0
APP-10116,29,81030.78,0,RENT,29000,VENTURE,36,13.69,696,11.63,16.86,11,0,0,0
APP-10117,28,44544.17,6,MORTGAGE,30000,DEBTCONSOLIDATION,36,11.47,664,47.23,8.04,10,1,0,0
APP-10118,32,49848.09,3,MORTGAGE,19000,DEBTCONSOLIDATION,36,17.36,561,15.82,12.78,17,0,0,0
APP-10119,54,115310.1,0,MORTGAGE,24000,DEBTCONSOLIDATION,36,8.22,850,10.57,53.87,9,0,0,0
APP-10120,53,36485.96,3,MORTGAGE,29000,DEBTCONSOLIDATION,36,14.19,623,8.3,11.82,7,0,3,0
APP-10121,68,36458.36,2,RENT,10000,PERSONAL,36,20.0,578,9.63,59.53,8,2,0,0
APP-10122,43,147623.03,20,OWN,7000,DEBTCONSOLIDATION,36,18.43,576,14.66,66.23,13,0,2,0
APP-10123,44,55671.39,4,RENT,17000,DEBTCONSOLIDATION,36,14.2,677,14.03,2.2,3,0,0,0
APP-10124,57,111666.59,3,MORTGAGE,38000,PERSONAL,60,10.41,749,13.48,46.58,14,0,0,0
APP-10125,55,26920.64,17,RENT,2000,HOMEIMPROVEMENT,60,10.61,647,11.79,43.58,11,1,0,0
APP-10126,64,28020.69,7,MORTGAGE,23000,VENTURE,60,12.95,721,22.08,44.65,6,0,0,0
APP-10127,60,37931.14,7,MORTGAGE,24000,DEBTCONSOLIDATION,60,11.07,711,5.93,24.09,12,3,0,0
APP-10128,42,47064.28,8,MORTGAGE,22000,PERSONAL,60,12.38,670,8.43,51.62,12,1,0,0
APP-10129,47,29683.8,7,MORTGAGE,32000,DEBTCONSOLIDATION,60,14.51,627,10.61,57.99,10,0,1,0
APP-10130,55,72016.33,5,MORTGAGE,39000,EDUCATION,36,8.9,740,24.85,24.13,9,0,0,0
APP-10131,21,74406.39,4,RENT,29000,DEBTCONSOLIDATION,36,10.92,699,18.34,37.09,20,0,0,0
APP-10132,55,38212.9,18,OWN,28000,PERSONAL,60,13.91,689,31.62,13.29,9,0,0,0
APP-10133,57,39763.34,1,RENT,40000,EDUCATION,36,10.9,764,36.79,68.69,11,0,0,0
APP-10134,67,42472.38,2,MORTGAGE,14000,DEBTCONSOLIDATION,60,12.53,707,20.47,45.46,11,0,0,0
APP-10135,34,33441.64,11,RENT,33000,VENTURE,60,11.98,643,27.44,28.45,19,0,3,1
APP-10136,23,18000.0,6,RENT,8000,DEBTCONSOLIDATION,60,12.49,751,14.83,23.25,14,0,0,0
APP-10137,21,57381.65,7,RENT,34000,DEBTCONSOLIDATION,36,10.7,770,9.77,49.62,14,0,0,0
APP-10138,25,48280.41,16,OWN,14000,DEBTCONSOLIDATION,36,9.44,713,34.12,17.55,9,1,0,0
APP-10139,46,50813.99,18,RENT,33000,MEDICAL,36,14.44,677,12.28,17.52,8,0,0,0
APP-10140,34,36101.81,16,RENT,8000,DEBTCONSOLIDATION,36,8.3,792,10.27,20.2,17,0,0,0
APP-10141,59,89791.78,3,MORTGAGE,13000,DEBTCONSOLIDATION,60,10.24,783,5.06,65.02,10,0,0,0
APP-10142,47,201329.03,20,RENT,16000,EDUCATION,60,9.38,714,26.77,22.15,10,0,0,0
APP-10143,29,39456.64,6,MORTGAGE,22000,HOMEIMPROVEMENT,60,14.88,609,15.9,83.16,6,0,0,0
APP-10144,35,120553.4,2,MORTGAGE,13000,PERSONAL,36,10.61,648,48.69,68.61,9,0,0,0
APP-10145,35,71921.1,9,MORTGAGE,14000,PERSONAL,36,7.61,829,10.36,2.74,16,0,0,0
APP-10146,46,60943.95,14,RENT,40000,DEBTCONSOLIDATION,60,15.01,651,12.01,64.19,9,0,0,0
APP-10147,62,50409.69,0,RENT,3000,VENTURE,36,9.12,760,20.53,46.5,5,0,0,0
APP-10148,33,57433.99,12,RENT,30000,VENTURE,60,15.37,625,13.01,50.08,11,0,0,0
APP-10149,52,106382.39,17,RENT,30000,DEBTCONSOLIDATION,36,12.37,647,8.21,27.01,13,0,0,0
APP-10150,59,33892.86,4,RENT,37000,DEBTCONSOLIDATION,36,13.8,658,16.53,74.08,15,0,0,0
APP-10151,69,52182.2,14,MORTGAGE,39000,MEDICAL,60,13.68,723,10.89,58.53,11,2,0,0
APP-10152,52,111803.72,7,MORTGAGE,8000,DEBTCONSOLIDATION,36,11.92,706,17.73,39.68,10,0,0,0
APP-10153,24,97915.23,7,RENT,31000,HOMEIMPROVEMENT,36,8.45,850,2.62,13.77,6,0,0,0
APP-10154,50,34156.46,4,RENT,24000,PERSONAL,36,17.51,586,13.61,67.39,5,0,0,0
APP-10155,57,54649.98,12,MORTGAGE,29000,VENTURE,36,18.06,582,33.81,14.37,9,0,2,1
APP-10156,43,86163.67,6,RENT,24000,DEBTCONSOLIDATION,36,11.78,653,11.24,62.07,16,0,0,0
APP-10157,59,83425.9,17,MORTGAGE,37000,VENTURE,60,13.37,708,5.46,1.19,9,1,0,0
APP-10158,65,97496.06,20,RENT,30000,DEBTCONSOLIDATION,36,14.1,713,10.02,8.86,10,0,0,0
APP-10159,35,72558.1,19,OWN,5000,DEBTCONSOLIDATION,36,15.51,684,44.54,24.0,7,0,0,0
APP-10160,63,78903.16,1,MORTGAGE,21000,PERSONAL,60,13.64,629,38.47,42.66,9,0,2,1
APP-10161,49,71068.41,0,OWN,6000,DEBTCONSOLIDATION,36,13.19,681,10.15,63.9,6,0,0,0
APP-10162,56,131908.86,8,RENT,12000,HOMEIMPROVEMENT,36,12.87,632,18.69,15.64,16,0,0,0
APP-10163,33,48489.1,14,RENT,3000,PERSONAL,36,12.11,687,15.03,57.61,5,0,0,0
APP-10164,52,61334.37,20,MORTGAGE,25000,HOMEIMPROVEMENT,60,9.02,744,10.37,8.16,9,5,0,0
APP-10165,27,36044.72,16,OWN,34000,HOMEIMPROVEMENT,60,19.13,557,8.37,13.18,10,0,0,0
APP-10166,42,32662.7,11,MORTGAGE,23000,MEDICAL,60,11.92,756,10.48,12.5,11,1,3,0
APP-10167,48,70437.31,0,MORTGAGE,7000,VENTURE,36,17.69,578,20.24,57.46,9,0,0,1
APP-10168,22,41685.43,17,RENT,25000,PERSONAL,36,15.58,621,6.65,17.24,16,1,0,0
APP-10169,62,58171.87,2,RENT,30000,PERSONAL,36,7.69,843,5.23,6.04,6,3,0,0
APP-10170,65,134440.18,0,RENT,33000,HOMEIMPROVEMENT,36,13.84,654,17.13,28.43,12,0,0,0
APP-10171,26,130609.71,17,MORTGAGE,31000,HOMEIMPROVEMENT,60,11.64,748,12.7,43.86,11,0,0,0
APP-10172,48,182047.4,11,RENT,4000,DEBTCONSOLIDATION,60,11.4,774,7.81,36.39,13,0,0,0
APP-10173,48,135784.76,1,RENT,26000,DEBTCONSOLIDATION,36,11.76,750,15.14,9.72,10,0,0,0
APP-10174,64,199089.37,7,MORTGAGE,29000,PERSONAL,36,18.28,589,8.53,29.37,7,1,0,0
APP-10175,64,74478.43,0,OWN,16000,DEBTCONSOLIDATION,60,17.49,671,19.66,30.31,10,0,1,0
APP-10176,40,38119.82,12,MORTGAGE,18000,DEBTCONSOLIDATION,36,15.93,631,16.96,14.18,19,0,0,0
APP-10177,50,36308.38,4,MORTGAGE,3000,PERSONAL,60,10.36,711,4.28,56.67,9,0,0,0
APP-10178,31,120350.71,17,OTHER,28000,DEBTCONSOLIDATION,36,12.69,649,15.71,58.34,8,1,0,0
APP-10179,48,61439.81,6,RENT,37000,DEBTCONSOLIDATION,36,8.54,761,5.92,24.02,12,0,0,0
APP-10180,45,63771.76,9,RENT,15000,PERSONAL,36,11.16,726,42.82,17.77,7,3,0,0
APP-10181,59,45499.86,0,MORTGAGE,33000,PERSONAL,36,13.86,655,35.79,53.23,8,0,0,0
APP-10182,53,48310.93,4,RENT,13000,DEBTCONSOLIDATION,36,12.93,686,7.43,36.77,13,0,0,0
APP-10183,21,72539.0,13,RENT,24000,PERSONAL,36,11.96,713,26.09,36.6,8,0,0,0
APP-10184,47,35326.49,15,RENT,17000,HOMEIMPROVEMENT,36,13.51,683,31.53,37.62,12,0,0,0
APP-10185,33,,3,MORTGAGE,3000,DEBTCONSOLIDATION,60,15.0,635,7.55,74.14,7,0,0,0
APP-10186,61,127457.73,9,RENT,8000,DEBTCONSOLIDATION,36,15.66,669,9.29,72.42,9,0,0,0
APP-10187,23,20602.8,16,RENT,22000,VENTURE,36,15.96,657,13.51,53.38,5,0,0,0
APP-10188,59,27704.33,6,RENT,32000,HOMEIMPROVEMENT,36,16.84,568,11.47,57.31,13,0,0,1
APP-10189,26,83935.59,1,RENT,24000,DEBTCONSOLIDATION,60,11.41,739,3.26,69.62,10,0,0,0
APP-10190,28,118418.94,8,OWN,26000,DEBTCONSOLIDATION,60,16.87,649,7.61,19.79,6,2,0,0
APP-10191,47,46866.28,11,OTHER,36000,DEBTCONSOLIDATION,60,13.26,653,33.99,8.39,10,0,0,0
APP-10192,29,22045.85,0,MORTGAGE,36000,DEBTCONSOLIDATION,36,9.88,733,19.07,39.78,11,3,0,0
APP-10193,57,122511.73,6,OTHER,8000,VENTURE,60,11.12,704,15.05,55.91,9,0,0,0
APP-10194,53,39913.4,12,RENT,6000,PERSONAL,60,11.46,669,10.16,75.27,9,0,0,0
APP-10195,62,49979.93,19,MORTGAGE,33000,HOMEIMPROVEMENT,36,11.59,698,6.95,25.94,6,0,0,0
APP-10196,64,70229.41,7,RENT,6000,DEBTCONSOLIDATION,36,11.42,659,17.06,21.11,6,0,0,0
APP-10197,44,42906.7,1,MORTGAGE,26000,DEBTCONSOLIDATION,60,13.87,626,24.69,35.82,9,0,0,0
APP-10198,35,38635.82,10,RENT,32000,MEDICAL,36,15.79,668,9.01,16.23,7,0,0,0
APP-10199,52,38991.54,4,MORTGAGE,21000,VENTURE,60,11.14,667,19.01,36.0,11,0,0,0
APP-10200,52,151594.47,3,RENT,23000,VENTURE,36,14.38,642,13.8,34.79,8,0,0,0
APP-10201,44,106916.86,11,RENT,39000,DEBTCONSOLIDATION,36,14.6,605,23.02,10.85,8,0,0,0
APP-10202,61,79798.39,19,MORTGAGE,14000,PERSONAL,36,12.94,689,13.38,28.28,7,0,0,0
APP-10203,69,20066.03,17,MORTGAGE,40000,PERSONAL,36,18.0,541,15.68,19.91,9,1,0,1
APP-10204,69,79945.14,2,MORTGAGE,3000,EDUCATION,60,13.75,689,5.27,33.25,7,0,0,0
APP-10205,32,77815.83,15,MORTGAGE,23000,DEBTCONSOLIDATION,36,13.95,665,23.0,74.48,13,0,0,0
APP-10206,59,31600.66,3,RENT,10000,MEDICAL,36,11.01,680,38.0,0.77,8,0,0,0
APP-10207,22,68142.41,4,MORTGAGE,3000,HOMEIMPROVEMENT,36,12.67,695,26.4,22.8,13,0,0,0
APP-10208,23,101290.33,19,RENT,33000,PERSONAL,36,8.34,727,25.79,39.94,9,0,0,0
APP-10209,69,79593.12,18,MORTGAGE,9000,DEBTCONSOLIDATION,36,11.27,651,35.05,53.06,7,0,0,0
APP-10210,57,42613.03,2,MORTGAGE,17000,VENTURE,36,15.48,662,13.3,13.02,12,0,0,0
APP-10211,69,60272.57,0,OWN,34000,VENTURE,36,13.32,694,16.97,34.41,13,0,0,0
APP-10212,37,86264.93,4,MORTGAGE,12000,DEBTCONSOLIDATION,36,13.96,627,16.59,24.54,7,0,0,0
APP-10213,69,61680.68,11,RENT,33000,DEBTCONSOLIDATION,36,14.46,636,27.41,69.01,9,0,0,0
APP-10214,22,112099.53,18,MORTGAGE,9000,PERSONAL,60,13.6,705,11.69,11.16,8,0,0,0
APP-10215,22,72972.71,0,RENT,33000,PERSONAL,36,13.53,670,7.43,21.58,10,0,0,0
APP-10216,48,87243.76,7,RENT,22000,HOMEIMPROVEMENT,36,13.86,626,26.48,44.7,13,0,0,0
APP-10217,43,90282.63,4,MORTGAGE,26000,EDUCATION,36,14.76,598,19.64,52.04,11,1,0,0
APP-10218,57,35124.66,0,RENT,21000,PERSONAL,36,10.53,682,13.25,43.11,5,0,0,0
APP-10219,52,61389.43,16,MORTGAGE,2000,HOMEIMPROVEMENT,36,10.72,717,5.37,44.22,9,1,0,0
APP-10220,53,50707.18,16,RENT,22000,DEBTCONSOLIDATION,36,9.36,731,5.69,7.02,8,0,0,0
APP-10221,21,100903.81,3,RENT,8000,PERSONAL,36,16.85,605,20.25,52.94,5,0,0,0
APP-10222,39,75479.51,1,MORTGAGE,26000,DEBTCONSOLIDATION,36,12.46,713,18.81,7.96,17,0,0,0
APP-10223,22,54496.61,1,MORTGAGE,10000,VENTURE,60,13.34,626,14.06,27.26,8,0,0,0
APP-10224,64,31541.97,8,MORTGAGE,23000,DEBTCONSOLIDATION,36,7.73,792,20.72,69.9,10,0,0,0
APP-10225,46,26944.81,3,RENT,3000,DEBTCONSOLIDATION,36,12.92,671,13.94,38.49,10,0,0,0
APP-10226,52,69924.5,9,RENT,20000,EDUCATION,36,14.6,615,29.14,58.91,12,1,0,1
APP-10227,26,41831.03,7,OWN,7000,MEDICAL,60,13.82,708,17.55,16.4,12,0,0,0
APP-10228,52,83538.53,3,MORTGAGE,6000,DEBTCONSOLIDATION,36,16.12,685,10.16,48.28,10,0,0,0
APP-10229,24,26329.09,15,OWN,11000,DEBTCONSOLIDATION,60,9.69,732,22.05,49.19,9,0,0,0
APP-10230,31,132783.54,1,RENT,2000,MEDICAL,60,13.82,703,25.23,62.96,10,0,0,0
APP-10231,37,83444.08,16,OWN,27000,VENTURE,60,8.75,790,6.67,46.87,8,0,0,0
APP-10232,58,62918.31,11,MORTGAGE,27000,MEDICAL,60,13.56,666,19.47,5.77,6,1,0,0
APP-10233,44,138902.77,17,OWN,19000,PERSONAL,36,11.19,741,9.62,55.63,9,0,0,0
APP-10234,25,96202.34,0,RENT,22000,DEBTCONSOLIDATION,36,13.35,650,18.76,7.58,12,3,1,0
APP-10235,54,47216.49,15,MORTGAGE,13000,DEBTCONSOLIDATION,36,11.07,703,24.16,47.28,12,0,0,0
APP-10236,26,62242.18,0,MORTGAGE,39000,PERSONAL,60,12.96,660,17.93,19.09,8,0,0,0
APP-10237,42,22423.46,19,MORTGAGE,15000,MEDICAL,36,10.75,756,12.1,35.41,13,0,0,0
APP-10238,31,101935.46,14,MORTGAGE,33000,HOMEIMPROVEMENT,36,11.19,747,19.25,58.4,14,2,0,0
APP-10239,68,51638.57,5,MORTGAGE,40000,DEBTCONSOLIDATION,60,14.7,720,21.01,48.63,10,0,0,0
APP-10240,36,22278.73,5,OTHER,36000,PERSONAL,36,11.88,710,22.41,60.98,4,0,0,1
APP-10241,53,33159.37,17,MORTGAGE,18000,HOMEIMPROVEMENT,60,10.47,731,13.55,3.48,9,0,0,0
APP-10242,29,92545.53,18,MORTGAGE,11000,PERSONAL,36,9.99,747,15.52,26.49,5,0,0,0
APP-10243,26,134175.16,18,MORTGAGE,36000,HOMEIMPROVEMENT,36,12.02,696,24.6,33.34,10,3,0,0
APP-10244,36,60488.76,16,MORTGAGE,17000,DEBTCONSOLIDATION,36,11.41,722,7.69,31.3,6,0,0,0
APP-10245,49,36642.88,16,RENT,7000,DEBTCONSOLIDATION,36,9.84,783,21.5,65.47,7,0,0,0
APP-10246,23,29425.74,11,RENT,5000,VENTURE,60,16.85,678,22.06,70.59,15,0,0,0
APP-10247,40,121456.0,0,MORTGAGE,10000,DEBTCONSOLIDATION,36,12.03,705,7.64,36.03,8,0,0,0
APP-10248,56,74961.8,0,RENT,30000,DEBTCONSOLIDATION,36,11.54,666,4.15,54.66,5,0,0,1
APP-10249,39,50763.36,13,MORTGAGE,8000,DEBTCONSOLIDATION,36,12.11,771,10.16,3.42,11,0,0,0
APP-10250,46,45065.13,7,MORTGAGE,17000,VENTURE,60,14.0,675,21.28,33.77,17,0,0,0
APP-10251,23,83777.09,11,MORTGAGE,7000,DEBTCONSOLIDATION,36,9.2,720,20.99,37.47,4,0,0,0
APP-10252,39,82632.57,3,OWN,4000,DEBTCONSOLIDATION,36,8.48,817,16.85,25.15,15,0,0,0
APP-10253,40,38242.69,13,MORTGAGE,15000,PERSONAL,36,10.82,750,36.43,81.08,11,0,0,0
APP-10254,52,33820.21,3,RENT,15000,DEBTCONSOLIDATION,36,14.46,675,27.93,18.37,10,0,0,1
APP-10255,27,34684.52,8,RENT,10000,HOMEIMPROVEMENT,36,14.67,739,15.68,19.53,7,0,2,0
APP-10256,61,47376.79,9,OWN,37000,HOMEIMPROVEMENT,60,11.82,716,32.25,83.09,15,0,0,0
APP-10257,53,42408.63,2,OTHER,24000,VENTURE,36,15.55,597,5.57,50.63,13,0,0,0
APP-10258,60,134463.22,18,RENT,16000,DEBTCONSOLIDATION,36,15.42,620,10.94,67.66,13,0,0,0
APP-10259,59,46541.97,10,RENT,8000,HOMEIMPROVEMENT,60,12.88,671,14.37,62.73,11,0,0,0
APP-10260,38,32053.66,17,RENT,21000,VENTURE,36,9.94,711,11.33,28.13,8,0,0,0
APP-10261,60,32966.64,4,MORTGAGE,20000,DEBTCONSOLIDATION,36,15.12,654,8.17,56.8,11,1,0,0
APP-10262,21,54612.29,2,MORTGAGE,7000,DEBTCONSOLIDATION,60,9.44,691,12.2,16.65,9,0,0,0
APP-10263,31,24075.21,0,MORTGAGE,40000,PERSONAL,36,11.88,658,8.03,66.28,12,0,0,0
APP-10264,48,58101.09,0,MORTGAGE,2000,PERSONAL,36,12.6,635,17.39,30.19,24,0,0,0
APP-10265,45,30696.23,1,MORTGAGE,8000,DEBTCONSOLIDATION,36,13.68,663,17.88,35.87,6,0,0,0
APP-10266,43,106863.24,0,RENT,36000,DEBTCONSOLIDATION,36,11.22,708,26.07,53.92,15,0,0,0
APP-10267,51,63467.37,18,RENT,26000,PERSONAL,36,13.03,719,49.86,20.55,17,1,0,0
APP-10268,50,172907.46,18,MORTGAGE,39000,HOMEIMPROVEMENT,36,15.25,669,51.31,33.0,14,0,1,0
APP-10269,62,53417.82,19,MORTGAGE,24000,HOMEIMPROVEMENT,36,7.59,778,12.84,63.22,14,1,0,0
APP-10270,55,18000.0,20,RENT,26000,PERSONAL,60,12.32,648,13.66,45.14,8,0,0,0
APP-10271,27,124099.71,9,RENT,39000,PERSONAL,36,10.01,705,19.2,37.5,10,0,0,0
APP-10272,36,76953.88,10,MORTGAGE,12000,HOMEIMPROVEMENT,36,15.54,665,8.71,37.97,7,0,0,0
APP-10273,46,83154.36,1,RENT,35000,PERSONAL,36,14.76,639,17.57,64.69,21,0,0,0
APP-10274,68,36268.62,1,MORTGAGE,32000,DEBTCONSOLIDATION,36,13.4,636,9.34,8.22,11,0,0,0
APP-10275,69,58605.04,15,MORTGAGE,39000,DEBTCONSOLIDATION,60,13.97,684,7.61,9.12,11,0,0,0
APP-10276,22,65724.72,17,RENT,13000,VENTURE,36,15.06,598,10.22,45.38,4,1,0,0
APP-10277,21,53161.5,16,MORTGAGE,10000,PERSONAL,60,12.54,712,6.98,60.97,16,0,0,0
APP-10278,68,25155.17,17,RENT,14000,HOMEIMPROVEMENT,60,11.26,714,32.6,42.06,9,0,0,0
APP-10279,32,239030.4,4,RENT,21000,PERSONAL,36,9.54,728,25.75,8.32,11,0,0,0
APP-10280,25,90936.31,8,RENT,22000,VENTURE,36,10.46,790,29.76,50.11,14,0,0,0
APP-10281,57,73886.99,8,MORTGAGE,23000,PERSONAL,60,11.53,709,8.93,53.73,8,0,0,0
APP-10282,52,115490.41,20,MORTGAGE,2000,EDUCATION,60,16.44,627,17.81,48.74,14,0,0,0
APP-10283,29,82627.36,19,RENT,18000,DEBTCONSOLIDATION,36,16.4,664,7.51,53.24,7,0,0,0
APP-10284,61,42676.28,11,MORTGAGE,5000,DEBTCONSOLIDATION,36,13.85,691,11.07,40.18,12,0,0,0
APP-10285,55,111847.47,1,RENT,7000,DEBTCONSOLIDATION,36,14.79,676,33.41,31.69,8,0,0,0
APP-10286,39,91684.44,4,MORTGAGE,20000,MEDICAL,60,15.94,633,6.53,13.09,7,1,0,0
APP-10287,68,43493.08,6,MORTGAGE,31000,MEDICAL,36,13.53,648,17.54,60.91,14,0,0,0
APP-10288,36,88876.88,18,MORTGAGE,24000,DEBTCONSOLIDATION,60,13.03,714,6.42,67.17,9,0,0,0
APP-10289,23,53088.47,2,RENT,33000,PERSONAL,36,11.3,729,11.44,35.9,11,0,0,0
APP-10290,40,66452.26,3,RENT,30000,PERSONAL,36,11.1,663,21.37,5.44,10,0,0,0
APP-10291,44,80807.51,6,MORTGAGE,9000,DEBTCONSOLIDATION,60,13.01,704,27.17,53.34,11,0,0,0
APP-10292,53,118687.45,19,RENT,22000,DEBTCONSOLIDATION,36,16.85,606,14.13,52.09,14,2,0,0
APP-10293,44,43347.4,9,OWN,18000,DEBTCONSOLIDATION,36,14.2,626,27.59,56.6,15,0,0,0
APP-10294,31,71860.43,12,RENT,18000,VENTURE,60,10.44,686,16.97,4.7,7,1,0,0
APP-10295,69,164039.6,7,RENT,22000,DEBTCONSOLIDATION,60,18.11,608,22.94,37.61,15,0,0,0
APP-10296,28,54829.09,2,RENT,16000,PERSONAL,36,12.87,700,12.5,47.37,17,0,0,0
APP-10297,56,66057.34,3,MORTGAGE,28000,PERSONAL,60,17.44,604,2.32,58.47,11,0,1,0
APP-10298,58,163916.96,16,MORTGAGE,26000,MEDICAL,36,9.56,764,13.48,31.79,9,3,0,0
APP-10299,60,82350.41,18,MORTGAGE,34000,DEBTCONSOLIDATION,36,9.76,767,41.06,15.87,13,1,0,0
APP-10300,40,28652.9,9,RENT,3000,DEBTCONSOLIDATION,36,8.19,774,8.03,71.06,13,3,0,0
APP-10301,55,40225.69,6,MORTGAGE,17000,HOMEIMPROVEMENT,36,17.36,633,22.54,34.14,10,1,0,0
APP-10302,68,84523.9,16,RENT,37000,VENTURE,60,15.32,738,13.78,30.57,9,0,0,0
APP-10303,45,73976.48,13,MORTGAGE,9000,HOMEIMPROVEMENT,60,13.88,653,7.92,57.61,14,0,1,0
APP-10304,55,64944.6,0,MORTGAGE,17000,HOMEIMPROVEMENT,36,17.15,577,21.81,24.17,11,0,0,0
APP-10305,45,176418.11,6,RENT,8000,PERSONAL,60,16.74,644,5.6,21.95,10,0,0,0
APP-10306,49,43969.72,13,RENT,6000,DEBTCONSOLIDATION,36,7.91,744,8.17,58.62,9,0,0,0
APP-10307,38,57687.34,11,RENT,24000,HOMEIMPROVEMENT,60,16.18,707,11.92,7.22,11,0,0,0
APP-10308,66,22436.51,20,MORTGAGE,9000,MEDICAL,36,16.95,654,20.04,7.54,10,0,0,0
APP-10309,38,106972.81,17,MORTGAGE,4000,DEBTCONSOLIDATION,36,11.53,677,16.99,40.61,8,0,0,0
APP-10310,22,40157.88,0,RENT,36000,DEBTCONSOLIDATION,36,12.54,654,15.86,40.66,7,4,2,0
APP-10311,55,101576.59,14,RENT,37000,DEBTCONSOLIDATION,60,10.91,680,19.35,57.9,17,1,0,0
APP-10312,36,96376.25,5,MORTGAGE,37000,VENTURE,36,7.71,772,13.72,47.08,12,0,0,0
APP-10313,61,193793.73,13,RENT,16000,DEBTCONSOLIDATION,60,14.54,667,11.66,39.96,8,0,0,0
APP-10314,56,82837.64,12,RENT,31000,HOMEIMPROVEMENT,60,7.57,799,26.83,20.13,6,0,0,0
APP-10315,53,50109.04,9,MORTGAGE,16000,DEBTCONSOLIDATION,36,15.53,628,25.15,39.04,11,0,0,0
APP-10316,24,75117.7,17,MORTGAGE,30000,DEBTCONSOLIDATION,36,13.58,722,23.02,46.91,12,0,0,0
APP-10317,53,40960.91,14,RENT,5000,MEDICAL,36,12.1,746,16.96,32.33,5,0,1,0
APP-10318,34,70233.46,18,RENT,35000,VENTURE,36,17.19,609,26.54,20.91,8,0,0,0
APP-10319,41,54151.92,4,MORTGAGE,24000,PERSONAL,36,13.21,708,15.16,33.27,11,0,0,0
APP-10320,68,57805.01,6,RENT,36000,DEBTCONSOLIDATION,36,17.32,610,21.44,42.75,7,0,0,1
APP-10321,40,38208.63,12,MORTGAGE,29000,DEBTCONSOLIDATION,36,8.88,800,19.95,57.45,6,0,0,0
APP-10322,28,69579.34,20,MORTGAGE,32000,DEBTCONSOLIDATION,60,9.07,768,14.52,74.76,8,0,0,0
APP-10323,27,90410.44,6,RENT,34000,HOMEIMPROVEMENT,36,9.33,729,44.73,47.22,8,0,0,0
APP-10324,23,26211.45,0,MORTGAGE,19000,HOMEIMPROVEMENT,36,14.03,691,48.15,18.84,5,0,0,0
APP-10325,37,42433.93,8,MORTGAGE,6000,DEBTCONSOLIDATION,36,15.41,658,15.75,62.08,10,0,1,0
APP-10326,53,65122.38,10,MORTGAGE,10000,DEBTCONSOLIDATION,60,13.06,650,24.31,60.28,6,0,0,0
APP-10327,68,18515.1,16,MORTGAGE,21000,HOMEIMPROVEMENT,36,9.0,776,6.35,46.73,6,0,0,0
APP-10328,32,142933.14,14,MORTGAGE,39000,MEDICAL,60,12.33,700,32.36,21.36,10,1,0,0
APP-10329,42,41958.85,20,MORTGAGE,10000,DEBTCONSOLIDATION,60,9.75,765,16.24,47.27,5,1,0,0
APP-10330,42,,16,RENT,19000,PERSONAL,36,8.41,769,15.57,38.95,6,0,0,0
APP-10331,66,53977.84,5,RENT,16000,HOMEIMPROVEMENT,36,15.42,683,11.49,51.01,17,1,0,0
APP-10332,50,64131.21,12,RENT,16000,DEBTCONSOLIDATION,60,12.41,679,20.66,31.47,7,0,0,0
APP-10333,58,41017.89,13,OWN,15000,MEDICAL,60,14.06,674,18.54,40.25,6,1,0,0
APP-10334,58,97753.75,20,OWN,36000,VENTURE,36,13.8,639,17.58,21.74,8,0,0,0
APP-10335,65,73119.71,1,RENT,37000,HOMEIMPROVEMENT,36,11.89,683,6.61,23.34,9,0,0,0
APP-10336,28,39394.4,2,MORTGAGE,21000,PERSONAL,36,12.39,687,4.45,6.36,14,1,1,0
APP-10337,47,46110.57,1,RENT,12000,EDUCATION,60,9.89,729,8.67,56.17,7,3,0,0
APP-10338,47,28046.39,11,OWN,18000,HOMEIMPROVEMENT,36,10.66,683,29.58,23.41,9,1,0,0
APP-10339,54,31994.83,1,RENT,26000,HOMEIMPROVEMENT,36,10.78,736,12.72,80.11,10,0,0,0
APP-10340,41,72678.38,13,MORTGAGE,30000,MEDICAL,36,12.04,724,29.7,51.51,7,0,0,0
APP-10341,50,39599.34,16,RENT,24000,PERSONAL,36,12.03,733,8.33,19.54,12,0,0,0
APP-10342,53,147582.44,8,RENT,10000,DEBTCONSOLIDATION,60,12.35,699,32.97,61.24,5,0,2,0
APP-10343,48,62035.47,11,RENT,26000,DEBTCONSOLIDATION,36,11.05,719,26.74,57.34,7,5,0,0
APP-10344,67,30442.3,19,MORTGAGE,24000,PERSONAL,36,12.8,704,32.86,36.08,6,2,0,0
APP-10345,53,33803.73,11,RENT,3000,PERSONAL,36,14.66,598,29.31,38.22,10,0,0,1
APP-10346,25,101365.17,3,RENT,2000,VENTURE,60,15.78,664,15.97,35.49,4,0,0,0
APP-10347,68,57626.81,6,RENT,39000,DEBTCONSOLIDATION,36,14.69,635,34.01,44.68,13,0,0,0
APP-10348,39,98321.44,10,MORTGAGE,7000,HOMEIMPROVEMENT,36,10.96,780,11.59,52.95,9,0,0,0
APP-10349,24,49849.11,1,MORTGAGE,16000,DEBTCONSOLIDATION,36,11.58,746,24.29,40.24,9,0,0,0
APP-10350,55,45246.65,12,MORTGAGE,8000,MEDICAL,36,12.04,704,11.55,42.89,11,0,1,0
APP-10351,69,104791.05,20,MORTGAGE,3000,PERSONAL,60,12.23,712,42.55,62.34,6,0,0,0
APP-10352,37,38976.39,13,RENT,31000,HOMEIMPROVEMENT,60,7.97,775,10.96,16.42,11,0,0,0
APP-10353,64,76460.31,6,MORTGAGE,30000,HOMEIMPROVEMENT,60,14.34,658,9.2,48.71,8,0,1,0
APP-10354,48,53858.11,5,MORTGAGE,13000,DEBTCONSOLIDATION,36,8.92,764,2.0,74.11,11,0,0,0
APP-10355,50,92907.69,19,RENT,35000,MEDICAL,60,7.8,797,32.84,13.43,11,0,0,0
APP-10356,49,148633.97,18,RENT,31000,DEBTCONSOLIDATION,36,14.38,694,38.08,22.69,9,0,0,0
APP-10357,66,49212.9,9,RENT,37000,DEBTCONSOLIDATION,36,13.59,642,23.25,35.29,11,0,0,0
APP-10358,26,45543.76,6,RENT,36000,HOMEIMPROVEMENT,36,14.88,678,35.87,43.28,8,0,0,0
APP-10359,55,83525.24,14,RENT,3000,DEBTCONSOLIDATION,36,9.2,754,25.23,51.92,8,0,0,0
APP-10360,61,34856.61,5,RENT,4000,PERSONAL,36,13.03,723,13.18,65.5,12,2,0,0
APP-10361,57,134353.91,0,RENT,13000,PERSONAL,60,10.83,707,19.82,36.87,8,0,0,0
APP-10362,44,123378.39,5,MORTGAGE,5000,DEBTCONSOLIDATION,60,14.69,637,9.7,36.27,9,0,0,0
APP-10363,49,36331.49,8,MORTGAGE,8000,HOMEIMPROVEMENT,36,12.99,694,24.61,24.47,13,0,2,0
APP-10364,69,27131.14,4,MORTGAGE,21000,PERSONAL,36,12.75,709,18.59,27.81,11,4,0,0
APP-10365,66,33513.76,3,RENT,20000,DEBTCONSOLIDATION,60,13.78,663,19.29,57.36,9,1,0,0
APP-10366,51,33769.56,0,RENT,9000,DEBTCONSOLIDATION,36,11.84,665,31.67,24.67,10,0,0,0
APP-10367,55,89400.39,12,OWN,4000,PERSONAL,60,8.66,735,17.06,72.15,11,0,0,0
APP-10368,53,129908.44,12,RENT,28000,DEBTCONSOLIDATION,60,11.33,727,22.19,21.45,22,0,0,0
APP-10369,41,88881.84,2,MORTGAGE,16000,MEDICAL,60,15.55,693,10.06,18.71,9,0,0,0
APP-10370,52,53204.8,19,MORTGAGE,9000,PERSONAL,60,12.48,678,13.1,66.05,8,0,1,0
APP-10371,43,71057.82,7,MORTGAGE,19000,DEBTCONSOLIDATION,60,15.12,684,11.28,72.76,8,0,0,0
APP-10372,53,38758.72,0,RENT,30000,PERSONAL,60,12.11,752,37.41,47.77,11,0,0,0
APP-10373,23,103632.27,3,MORTGAGE,37000,PERSONAL,60,12.61,725,13.06,6.12,13,0,0,0
APP-10374,38,74311.01,14,RENT,4000,HOMEIMPROVEMENT,36,10.59,702,11.77,54.58,11,0,0,0
APP-10375,45,88132.7,2,RENT,10000,MEDICAL,36,10.03,789,12.79,10.76,14,0,0,0
APP-10376,62,41615.67,0,MORTGAGE,11000,EDUCATION,36,14.99,650,16.22,27.89,8,0,0,0
APP-10377,51,55033.72,12,MORTGAGE,21000,HOMEIMPROVEMENT,60,15.24,622,37.31,17.87,8,0,0,0
APP-10378,23,86037.33,10,OWN,3000,PERSONAL,60,18.34,548,17.69,70.93,8,0,0,0
APP-10379,60,123223.67,15,RENT,2000,DEBTCONSOLIDATION,60,10.67,723,10.17,74.15,6,0,1,0
APP-10380,66,44176.58,15,MORTGAGE,28000,PERSONAL,36,10.39,783,18.24,73.59,11,0,0,0
APP-10381,44,88452.94,20,MORTGAGE,5000,PERSONAL,60,11.17,779,7.14,18.09,13,0,0,0
APP-10382,52,41938.69,0,RENT,38000,DEBTCONSOLIDATION,36,11.02,654,29.4,22.3,11,0,0,0
APP-10383,67,172576.67,0,MORTGAGE,33000,DEBTCONSOLIDATION,36,14.6,642,49.09,66.2,8,0,0,1
APP-10384,42,48658.78,20,RENT,19000,EDUCATION,36,15.49,552,9.74,80.88,12,0,0,0
APP-10385,43,82598.98,12,MORTGAGE,15000,VENTURE,60,13.12,650,15.29,38.91,11,0,0,0
APP-10386,22,65043.06,14,OWN,16000,PERSONAL,36,15.65,624,11.27,78.1,8,2,0,0
APP-10387,47,220279.3,0,MORTGAGE,5000,DEBTCONSOLIDATION,36,10.53,765,52.27,20.82,12,0,0,0
APP-10388,62,67167.9,0,MORTGAGE,20000,PERSONAL,36,11.63,700,30.16,25.36,9,0,0,0
APP-10389,22,46280.32,1,MORTGAGE,25000,DEBTCONSOLIDATION,36,15.55,694,4.88,65.91,2,0,0,0
APP-10390,46,82434.0,7,MORTGAGE,31000,DEBTCONSOLIDATION,60,14.67,647,15.05,74.31,8,0,0,1
APP-10391,37,81521.37,0,OWN,14000,DEBTCONSOLIDATION,36,14.81,608,6.26,41.82,15,0,0,0
APP-10392,60,55340.76,8,RENT,12000,DEBTCONSOLIDATION,36,16.09,612,7.72,31.38,11,0,0,0
APP-10393,53,34634.9,11,MORTGAGE,29000,PERSONAL,60,12.49,628,10.82,45.95,11,0,0,0
APP-10394,29,45981.78,0,RENT,12000,DEBTCONSOLIDATION,36,11.68,737,12.29,51.03,12,1,2,0
APP-10395,63,93036.71,0,MORTGAGE,2000,DEBTCONSOLIDATION,36,15.34,606,13.75,25.74,8,0,0,0
APP-10396,68,24991.11,6,MORTGAGE,5000,DEBTCONSOLIDATION,60,13.61,722,20.94,36.17,3,0,0,0
APP-10397,59,52890.4,0,MORTGAGE,39000,PERSONAL,36,5.38,850,5.11,73.35,8,0,0,0
APP-10398,49,98462.59,1,OWN,35000,VENTURE,60,14.96,665,6.96,51.82,6,0,0,0
APP-10399,62,57139.56,3,MORTGAGE,13000,PERSONAL,36,11.98,711,24.21,51.42,9,0,0,0
APP-10400,46,177522.93,8,MORTGAGE,25000,HOMEIMPROVEMENT,36,13.89,693,8.17,50.22,5,1,0,0
APP-10401,55,25026.11,14,MORTGAGE,38000,HOMEIMPROVEMENT,36,17.12,612,12.99,66.45,7,0,0,1
APP-10402,45,37023.79,1,RENT,33000,PERSONAL,36,15.73,626,10.64,54.74,12,0,0,1
APP-10403,44,18820.14,15,RENT,20000,DEBTCONSOLIDATION,36,15.29,661,29.29,26.66,9,0,0,0
APP-10404,33,162242.16,17,RENT,30000,VENTURE,36,13.37,687,16.17,63.33,7,0,0,0
APP-10405,27,37328.28,13,MORTGAGE,39000,VENTURE,60,7.57,807,10.04,7.26,15,0,0,0
APP-10406,56,22170.98,0,RENT,30000,DEBTCONSOLIDATION,36,16.83,650,30.81,22.49,10,0,0,0
APP-10407,65,44092.3,8,RENT,20000,EDUCATION,60,11.5,640,21.56,29.25,9,0,0,0
APP-10408,40,29839.71,13,RENT,21000,MEDICAL,36,12.99,634,40.38,49.34,20,0,0,0
APP-10409,21,44249.86,20,RENT,4000,MEDICAL,36,9.71,761,12.17,40.95,13,0,0,0
APP-10410,28,61121.23,19,RENT,6000,PERSONAL,36,12.92,655,25.73,74.88,7,0,0,0
APP-10411,66,89541.77,7,RENT,24000,VENTURE,36,9.12,790,15.28,36.63,12,0,0,0
APP-10412,36,54866.9,12,RENT,6000,HOMEIMPROVEMENT,60,12.15,709,2.62,61.75,10,0,1,0
APP-10413,34,,18,MORTGAGE,31000,DEBTCONSOLIDATION,60,8.34,785,19.96,64.18,15,0,0,0
APP-10414,32,44765.92,17,RENT,33000,VENTURE,36,13.28,694,11.21,17.68,9,0,0,0
APP-10415,43,28117.6,9,OWN,25000,PERSONAL,60,11.44,679,37.54,16.12,11,0,1,0
APP-10416,35,23783.08,4,MORTGAGE,36000,DEBTCONSOLIDATION,36,13.05,704,9.23,40.17,6,0,0,0
APP-10417,48,49899.04,1,RENT,33000,MEDICAL,36,9.04,771,11.16,80.94,12,0,0,1
APP-10418,54,62462.39,9,RENT,23000,MEDICAL,36,11.91,706,47.49,57.12,9,0,0,0
APP-10419,22,48083.42,14,MORTGAGE,22000,MEDICAL,36,9.9,722,24.71,24.02,13,1,0,0
APP-10420,52,24229.75,20,RENT,29000,MEDICAL,60,15.98,695,10.29,7.42,9,4,0,0
APP-10421,43,66217.5,17,OWN,35000,PERSONAL,36,12.22,678,8.79,21.15,11,0,0,0
APP-10422,42,135219.2,2,RENT,17000,HOMEIMPROVEMENT,36,14.18,721,11.38,52.81,11,0,0,0
APP-10423,45,56538.48,14,MORTGAGE,12000,MEDICAL,36,10.67,704,14.52,28.01,17,1,2,0
APP-10424,42,44812.16,4,OTHER,34000,DEBTCONSOLIDATION,36,11.57,704,19.1,34.55,10,0,0,0
APP-10425,42,58090.24,13,MORTGAGE,39000,VENTURE,60,15.88,617,23.04,41.67,11,0,0,0
APP-10426,69,34468.81,13,OWN,20000,PERSONAL,36,14.24,658,4.95,20.36,9,0,0,0
APP-10427,62,33374.6,4,OWN,29000,EDUCATION,36,11.91,692,11.08,9.34,11,2,0,0
APP-10428,26,75034.78,3,OWN,30000,HOMEIMPROVEMENT,36,15.54,610,16.96,30.67,11,0,1,0
APP-10429,35,98239.22,0,MORTGAGE,38000,DEBTCONSOLIDATION,36,12.94,734,26.58,66.7,6,0,0,0
APP-10430,63,55628.49,0,RENT,4000,VENTURE,36,13.18,619,11.05,53.83,5,0,0,0
APP-10431,57,22317.3,17,RENT,19000,HOMEIMPROVEMENT,36,15.82,644,26.98,37.57,12,0,0,0
APP-10432,53,71444.38,0,RENT,19000,DEBTCONSOLIDATION,60,12.5,711,15.35,37.25,11,0,0,0
APP-10433,28,168331.59,0,OWN,13000,DEBTCONSOLIDATION,36,16.43,607,26.36,44.56,14,0,0,0
APP-10434,64,53000.2,3,RENT,19000,PERSONAL,36,8.75,731,13.57,16.42,16,0,0,0
APP-10435,64,54779.82,18,RENT,33000,DEBTCONSOLIDATION,36,16.53,617,19.59,35.22,4,0,0,0
APP-10436,25,,5,MORTGAGE,37000,MEDICAL,36,9.34,714,15.52,52.36,18,0,0,0
APP-10437,59,76166.5,2,RENT,20000,DEBTCONSOLIDATION,36,13.09,661,24.47,27.23,8,2,0,1
APP-10438,24,42809.2,14,MORTGAGE,5000,HOMEIMPROVEMENT,60,11.57,698,6.34,14.84,9,0,0,0
APP-10439,26,99782.78,5,OWN,12000,DEBTCONSOLIDATION,36,13.16,675,19.76,24.71,8,1,0,0
APP-10440,65,43097.05,5,MORTGAGE,4000,DEBTCONSOLIDATION,36,14.11,644,7.11,88.46,8,0,0,1
APP-10441,52,71032.71,15,MORTGAGE,28000,DEBTCONSOLIDATION,60,17.38,550,17.82,58.4,12,1,0,0
APP-10442,50,58502.68,3,MORTGAGE,17000,PERSONAL,36,15.34,615,9.92,22.7,7,0,0,0
APP-10443,67,130294.92,18,MORTGAGE,19000,PERSONAL,36,17.8,588,10.75,55.99,7,1,0,1
APP-10444,55,73477.88,11,RENT,31000,PERSONAL,60,18.19,652,14.13,48.11,13,0,0,0
APP-10445,60,119790.98,10,MORTGAGE,25000,MEDICAL,36,8.65,728,11.71,72.48,10,0,0,0
APP-10446,36,63215.94,4,RENT,7000,HOMEIMPROVEMENT,60,7.96,787,6.55,12.95,11,1,0,0
APP-10447,33,54974.78,17,MORTGAGE,35000,HOMEIMPROVEMENT,60,10.31,758,20.96,65.48,13,0,0,0
APP-10448,62,58741.67,11,MORTGAGE,13000,DEBTCONSOLIDATION,36,10.34,737,24.96,23.11,12,0,0,0
APP-10449,50,40712.7,1,RENT,24000,PERSONAL,60,8.97,787,22.07,43.46,10,0,0,0
APP-10450,39,78106.96,2,MORTGAGE,37000,DEBTCONSOLIDATION,36,9.99,759,19.66,34.62,5,0,0,0
APP-10451,37,42396.49,8,MORTGAGE,16000,DEBTCONSOLIDATION,36,9.2,800,9.12,15.08,10,0,0,0
APP-10452,39,63337.42,15,RENT,17000,DEBTCONSOLIDATION,36,14.61,702,7.36,68.8,12,0,0,0
APP-10453,48,,19,RENT,15000,DEBTCONSOLIDATION,36,13.82,722,39.8,52.75,4,1,0,0
APP-10454,46,132160.78,13,MORTGAGE,16000,VENTURE,36,14.28,610,11.89,32.36,10,1,0,0
APP-10455,57,64953.7,9,MORTGAGE,13000,HOMEIMPROVEMENT,36,14.26,608,7.33,33.91,9,2,0,0
APP-10456,46,92097.54,3,MORTGAGE,36000,EDUCATION,36,9.27,736,10.42,6.0,7,1,0,0
APP-10457,43,86763.72,13,MORTGAGE,26000,MEDICAL,36,13.14,623,7.22,29.65,12,0,0,0
APP-10458,29,49454.65,20,MORTGAGE,15000,EDUCATION,36,10.06,692,27.39,38.48,9,0,0,0
APP-10459,32,171768.3,9,MORTGAGE,3000,DEBTCONSOLIDATION,36,11.12,795,8.1,44.54,12,0,0,0
APP-10460,21,44885.9,1,RENT,19000,PERSONAL,60,14.08,689,11.05,72.86,9,0,0,0
APP-10461,21,62661.17,0,OWN,36000,DEBTCONSOLIDATION,60,10.88,720,2.0,22.91,7,1,0,0
APP-10462,67,123878.92,4,MORTGAGE,10000,EDUCATION,60,13.2,672,5.03,52.56,9,0,0,0
APP-10463,54,122360.77,11,MORTGAGE,12000,PERSONAL,36,9.36,749,21.84,31.07,14,0,0,0
APP-10464,52,60304.39,19,MORTGAGE,27000,DEBTCONSOLIDATION,36,9.53,730,25.19,59.75,4,1,0,0
APP-10465,68,98243.89,5,RENT,4000,DEBTCONSOLIDATION,36,12.44,732,39.68,74.68,5,0,0,0
APP-10466,45,53530.87,5,MORTGAGE,6000,PERSONAL,36,11.62,737,19.35,29.8,11,0,1,0
APP-10467,60,46894.73,9,RENT,33000,HOMEIMPROVEMENT,36,12.5,660,31.15,46.19,10,0,0,0
APP-10468,65,32650.17,19,RENT,11000,HOMEIMPROVEMENT,36,9.67,845,47.87,11.57,6,0,0,0
APP-10469,21,85986.08,7,MORTGAGE,39000,VENTURE,36,15.34,676,22.31,50.23,8,2,0,0
APP-10470,36,90636.34,3,RENT,7000,HOMEIMPROVEMENT,36,11.64,675,24.55,25.47,17,0,0,0
APP-10471,59,45073.75,1,RENT,12000,PERSONAL,60,12.49,640,15.9,58.95,11,0,0,0
APP-10472,25,68463.09,8,MORTGAGE,18000,DEBTCONSOLIDATION,36,13.34,690,16.85,35.45,8,0,0,0
APP-10473,42,225368.97,16,OWN,3000,HOMEIMPROVEMENT,36,15.71,702,8.11,29.43,10,0,0,0
APP-10474,49,106227.8,4,MORTGAGE,25000,DEBTCONSOLIDATION,36,11.85,678,28.99,88.96,8,5,0,1
APP-10475,23,38149.12,9,MORTGAGE,6000,PERSONAL,36,11.08,768,15.14,25.06,7,0,0,0
APP-10476,32,98792.91,11,OTHER,22000,MEDICAL,36,11.45,707,26.59,9.48,7,0,0,0
APP-10477,46,38237.39,8,MORTGAGE,7000,PERSONAL,60,11.84,744,11.22,83.36,11,0,0,0
APP-10478,36,18000.0,2,OWN,5000,DEBTCONSOLIDATION,36,13.77,575,9.96,39.24,10,0,0,0
APP-10479,57,59266.17,19,RENT,10000,VENTURE,36,12.06,675,13.31,43.3,8,0,0,0
APP-10480,42,130823.02,11,MORTGAGE,6000,DEBTCONSOLIDATION,60,11.96,724,22.94,44.39,11,0,0,0
APP-10481,49,120417.96,14,RENT,5000,PERSONAL,36,15.42,629,8.57,55.33,15,0,0,0
APP-10482,34,72302.76,12,MORTGAGE,10000,HOMEIMPROVEMENT,60,11.76,634,20.44,22.98,7,0,0,0
APP-10483,48,45667.19,20,MORTGAGE,19000,HOMEIMPROVEMENT,60,11.56,689,8.55,38.98,8,0,0,0
APP-10484,25,76360.81,8,RENT,17000,DEBTCONSOLIDATION,36,11.85,688,33.5,35.75,11,0,0,0
APP-10485,67,52334.96,7,MORTGAGE,3000,MEDICAL,36,14.93,657,17.07,61.6,17,0,0,0
APP-10486,69,46312.73,6,MORTGAGE,30000,DEBTCONSOLIDATION,36,13.02,676,16.63,18.31,6,0,0,0
APP-10487,50,101824.0,6,OWN,37000,DEBTCONSOLIDATION,36,11.38,745,9.98,44.53,7,0,0,0
APP-10488,66,46026.94,4,RENT,13000,PERSONAL,60,15.68,666,14.21,82.86,7,3,0,0
APP-10489,25,105199.97,20,MORTGAGE,38000,DEBTCONSOLIDATION,36,15.36,611,6.27,18.47,8,0,0,0
APP-10490,32,44529.49,18,RENT,35000,DEBTCONSOLIDATION,36,13.84,687,25.55,33.36,7,0,0,0
APP-10491,36,167585.0,5,MORTGAGE,36000,DEBTCONSOLIDATION,60,15.32,660,13.81,36.12,10,0,2,0
APP-10492,46,26362.1,5,RENT,7000,PERSONAL,36,10.13,750,7.41,49.38,11,0,0,0
APP-10493,46,37109.02,0,RENT,38000,VENTURE,36,8.72,783,14.46,63.95,9,0,0,0
APP-10494,68,55398.96,18,RENT,37000,DEBTCONSOLIDATION,36,16.16,626,24.47,44.69,4,0,0,0
APP-10495,41,22202.9,6,RENT,21000,DEBTCONSOLIDATION,60,12.47,716,17.66,43.54,12,0,0,0
APP-10496,59,18000.0,11,MORTGAGE,17000,VENTURE,60,19.3,556,12.4,58.3,12,0,0,0
APP-10497,56,22298.98,18,RENT,9000,PERSONAL,60,11.9,732,18.43,32.39,12,0,0,0
APP-10498,53,51738.39,7,MORTGAGE,23000,DEBTCONSOLIDATION,60,11.52,713,16.21,50.45,14,0,0,0
APP-10499,50,52399.12,16,OTHER,6000,PERSONAL,60,12.81,697,17.75,21.01,9,0,0,0
APP-10500,57,70721.13,8,MORTGAGE,6000,PERSONAL,60,11.98,689,30.12,10.26,13,1,0,0
APP-10501,43,54257.65,14,MORTGAGE,12000,VENTURE,36,11.81,631,18.14,16.18,17,0,0,0
APP-10502,30,,8,MORTGAGE,20000,DEBTCONSOLIDATION,60,15.89,639,50.55,25.51,13,2,0,0
APP-10503,25,47805.3,7,RENT,40000,PERSONAL,36,13.15,632,13.27,68.34,13,0,0,0
APP-10504,56,85597.2,20,RENT,18000,DEBTCONSOLIDATION,36,12.78,704,6.57,15.98,6,0,0,0
APP-10505,54,80592.03,12,OWN,38000,DEBTCONSOLIDATION,60,16.1,599,35.89,47.35,7,1,0,1
APP-10506,51,50850.93,6,RENT,39000,DEBTCONSOLIDATION,60,16.56,595,47.93,4.73,10,1,0,0
APP-10507,30,78159.41,4,OWN,19000,PERSONAL,36,7.68,777,19.11,30.58,9,0,0,0
APP-10508,39,54430.34,0,RENT,10000,HOMEIMPROVEMENT,36,10.13,701,16.97,48.97,13,1,0,0
APP-10509,52,27968.58,14,RENT,18000,HOMEIMPROVEMENT,36,15.98,600,16.53,82.17,6,0,0,0
APP-10510,21,94112.7,6,RENT,34000,VENTURE,36,10.87,747,13.85,17.89,13,0,0,0
APP-10511,25,38047.55,16,MORTGAGE,21000,VENTURE,36,15.12,637,16.52,79.62,6,0,0,1
APP-10512,65,93611.82,6,MORTGAGE,19000,PERSONAL,60,13.16,651,15.36,43.39,8,1,0,0
APP-10513,24,70404.57,6,RENT,25000,DEBTCONSOLIDATION,36,11.09,690,9.63,12.24,8,1,0,0
APP-10514,36,57396.51,15,MORTGAGE,14000,DEBTCONSOLIDATION,36,16.74,609,10.05,56.45,12,0,0,0
APP-10515,44,23423.69,9,OWN,29000,DEBTCONSOLIDATION,36,14.27,725,4.83,77.73,11,0,0,0
APP-10516,36,129297.7,18,MORTGAGE,4000,DEBTCONSOLIDATION,36,14.87,653,20.62,21.95,9,0,0,0
APP-10517,22,49933.28,11,RENT,37000,EDUCATION,36,19.72,538,21.04,6.58,9,0,0,0
APP-10518,69,82230.52,3,RENT,12000,VENTURE,60,9.28,711,24.5,25.87,12,0,2,0
APP-10519,48,56557.49,11,MORTGAGE,40000,PERSONAL,36,11.17,770,12.42,55.25,9,0,0,0
APP-10520,52,52275.46,0,MORTGAGE,22000,PERSONAL,60,9.2,765,31.36,51.97,9,0,0,0
APP-10521,47,65933.63,5,OWN,38000,HOMEIMPROVEMENT,36,15.1,613,19.84,56.28,7,0,0,0
APP-10522,40,60674.95,2,MORTGAGE,3000,PERSONAL,60,13.72,719,39.51,56.43,12,0,1,0
APP-10523,44,52391.71,13,RENT,7000,DEBTCONSOLIDATION,60,13.1,662,11.69,34.03,12,0,0,0
APP-10524,32,58240.88,1,RENT,6000,DEBTCONSOLIDATION,60,13.14,706,11.29,53.98,8,0,0,1
APP-10525,55,74126.79,4,MORTGAGE,33000,DEBTCONSOLIDATION,36,15.21,607,14.16,28.7,9,0,0,0
APP-10526,53,76796.13,5,RENT,38000,MEDICAL,60,11.66,652,27.28,3.14,15,0,0,0
APP-10527,53,61186.3,0,OTHER,12000,PERSONAL,36,16.23,626,11.19,7.89,11,2,0,0
APP-10528,63,81672.16,0,RENT,18000,VENTURE,36,16.94,577,8.63,35.5,13,0,0,0
APP-10529,57,48434.38,5,MORTGAGE,15000,PERSONAL,36,15.37,624,14.74,15.2,11,0,0,0
APP-10530,32,182124.03,3,RENT,3000,VENTURE,36,13.09,694,8.07,74.75,7,0,0,0
APP-10531,23,125843.49,0,RENT,40000,DEBTCONSOLIDATION,36,17.81,610,16.57,11.62,13,0,0,0
APP-10532,21,87660.05,1,MORTGAGE,19000,VENTURE,36,12.76,690,15.07,55.57,9,0,0,0
APP-10533,53,22679.34,17,MORTGAGE,34000,VENTURE,60,7.67,729,46.69,68.89,11,0,0,1
APP-10534,60,81065.24,13,RENT,31000,DEBTCONSOLIDATION,36,12.51,759,53.0,75.43,10,0,0,0
APP-10535,30,50598.71,9,RENT,16000,DEBTCONSOLIDATION,36,9.45,794,12.67,31.13,10,1,0,0
APP-10536,63,36704.68,18,MORTGAGE,30000,EDUCATION,60,9.75,734,52.65,9.21,15,2,0,0
APP-10537,64,49958.7,0,MORTGAGE,27000,DEBTCONSOLIDATION,36,16.69,618,13.29,37.02,11,0,0,0
APP-10538,49,38796.4,6,RENT,2000,HOMEIMPROVEMENT,36,9.69,721,6.99,22.69,7,0,0,0
APP-10539,33,77141.88,16,MORTGAGE,18000,HOMEIMPROVEMENT,60,7.52,744,6.47,26.64,10,0,0,0
APP-10540,32,134322.25,12,RENT,40000,DEBTCONSOLIDATION,36,16.41,634,22.18,50.33,7,3,0,0
APP-10541,51,90491.79,20,MORTGAGE,3000,HOMEIMPROVEMENT,36,12.16,755,36.48,32.15,15,0,1,0
APP-10542,66,238294.51,19,MORTGAGE,16000,PERSONAL,36,15.82,654,15.56,23.23,13,0,1,0
APP-10543,22,27534.47,2,RENT,23000,DEBTCONSOLIDATION,36,12.0,692,16.4,67.81,12,0,1,1
APP-10544,55,46489.54,20,MORTGAGE,21000,HOMEIMPROVEMENT,36,9.91,756,11.96,52.74,6,0,0,0
APP-10545,43,37364.91,19,RENT,30000,VENTURE,36,13.16,660,17.43,20.17,5,0,0,0
APP-10546,37,110711.63,6,RENT,26000,PERSONAL,36,11.28,672,15.71,36.18,9,0,0,0
APP-10547,46,53622.54,20,MORTGAGE,25000,MEDICAL,36,10.17,746,25.57,41.66,12,1,0,0
APP-10548,28,65825.2,0,MORTGAGE,35000,DEBTCONSOLIDATION,60,11.21,720,8.88,80.55,7,0,0,0
APP-10549,49,82194.43,13,MORTGAGE,22000,HOMEIMPROVEMENT,36,15.64,560,6.77,13.81,6,0,0,0
APP-10550,46,28929.17,4,RENT,3000,DEBTCONSOLIDATION,60,18.17,600,18.65,12.93,12,0,0,0
APP-10551,30,43884.9,1,MORTGAGE,17000,DEBTCONSOLIDATION,36,12.23,674,15.11,69.46,5,0,0,0
APP-10552,46,98580.92,11,RENT,22000,PERSONAL,60,15.75,670,20.01,30.2,12,2,0,0
APP-10553,54,45522.23,5,RENT,38000,DEBTCONSOLIDATION,36,15.91,641,34.06,70.73,7,3,0,1
APP-10554,61,25417.13,13,MORTGAGE,9000,DEBTCONSOLIDATION,36,8.55,816,9.51,65.82,9,0,0,0
APP-10555,27,38134.27,10,MORTGAGE,15000,MEDICAL,36,8.34,755,8.81,67.92,11,2,0,0
APP-10556,24,51889.2,7,OTHER,23000,MEDICAL,36,19.32,538,12.55,26.45,11,0,0,0
APP-10557,65,65080.5,2,MORTGAGE,19000,DEBTCONSOLIDATION,60,13.48,755,25.4,34.02,12,0,0,0
APP-10558,31,57791.29,11,RENT,6000,PERSONAL,60,13.98,629,42.69,9.81,14,0,0,0
APP-10559,49,44041.65,17,OWN,31000,DEBTCONSOLIDATION,36,13.75,681,20.61,28.49,7,0,0,0
APP-10560,56,95765.4,11,RENT,32000,MEDICAL,36,15.69,595,10.06,35.23,12,0,0,0
APP-10561,45,56132.46,12,RENT,10000,PERSONAL,60,7.59,761,12.79,4.51,11,0,0,0
APP-10562,41,66482.94,9,MORTGAGE,32000,PERSONAL,60,12.42,702,17.81,62.45,5,3,0,0
APP-10563,56,45230.28,7,OWN,32000,HOMEIMPROVEMENT,36,9.47,771,15.7,27.98,11,0,0,0
APP-10564,30,127321.43,8,MORTGAGE,10000,DEBTCONSOLIDATION,36,10.25,706,5.72,10.06,5,0,0,0
APP-10565,57,49226.36,20,MORTGAGE,38000,DEBTCONSOLIDATION,36,15.18,663,11.23,60.77,5,0,0,0
APP-10566,29,62152.51,15,MORTGAGE,7000,PERSONAL,36,13.25,643,10.74,78.73,6,1,0,1
APP-10567,44,100458.47,8,MORTGAGE,27000,EDUCATION,36,15.45,590,18.13,36.93,8,0,1,0
APP-10568,55,68873.11,8,MORTGAGE,11000,VENTURE,36,14.41,670,13.59,51.57,5,0,1,0
APP-10569,69,68019.17,9,RENT,7000,MEDICAL,36,10.53,703,13.03,40.69,6,0,0,0
APP-10570,55,22318.52,13,RENT,34000,DEBTCONSOLIDATION,60,18.66,558,13.01,43.83,10,0,0,1
APP-10571,68,84146.74,8,RENT,31000,EDUCATION,36,11.32,738,30.94,25.97,12,1,0,0
APP-10572,56,61561.59,13,MORTGAGE,25000,HOMEIMPROVEMENT,60,13.01,695,19.73,36.61,9,0,0,0
APP-10573,38,78494.4,5,MORTGAGE,29000,DEBTCONSOLIDATION,60,15.39,668,16.6,65.09,2,0,0,0
APP-10574,69,65618.08,7,MORTGAGE,39000,MEDICAL,60,14.39,624,9.03,67.99,8,0,0,1
APP-10575,59,45270.97,17,RENT,30000,HOMEIMPROVEMENT,36,13.9,619,14.98,15.74,13,0,0,1
APP-10576,52,93634.44,5,RENT,16000,HOMEIMPROVEMENT,36,9.31,679,29.49,41.64,10,0,0,0
APP-10577,44,66109.21,20,MORTGAGE,9000,HOMEIMPROVEMENT,36,11.96,680,24.82,45.51,11,1,0,0
APP-10578,43,31423.36,2,RENT,24000,VENTURE,36,17.06,563,13.62,37.77,13,0,0,0
APP-10579,52,115180.83,3,MORTGAGE,10000,MEDICAL,36,7.02,826,29.86,46.64,8,2,0,0
APP-10580,57,29282.94,8,RENT,12000,DEBTCONSOLIDATION,36,15.46,628,22.29,57.08,9,0,0,0
APP-10581,32,93944.98,16,MORTGAGE,7000,EDUCATION,36,8.3,760,12.9,85.05,10,0,0,0
APP-10582,69,125928.04,14,MORTGAGE,13000,MEDICAL,36,13.18,661,10.51,44.87,6,0,0,0
APP-10583,33,34435.81,2,MORTGAGE,35000,PERSONAL,36,12.63,720,11.83,26.22,11,0,0,0
APP-10584,43,56309.53,3,RENT,22000,DEBTCONSOLIDATION,60,14.76,672,30.17,38.44,12,0,0,0
APP-10585,45,53746.07,11,MORTGAGE,33000,PERSONAL,60,16.11,663,10.16,42.11,8,0,0,0
APP-10586,55,54968.44,4,MORTGAGE,37000,VENTURE,36,11.67,696,19.2,68.53,7,0,0,1
APP-10587,61,149510.09,7,OWN,26000,HOMEIMPROVEMENT,60,12.0,659,29.65,39.49,5,0,0,0
APP-10588,50,34635.71,9,MORTGAGE,36000,DEBTCONSOLIDATION,36,11.67,756,3.96,48.99,10,0,0,0
APP-10589,37,51365.22,11,RENT,35000,PERSONAL,60,16.04,603,44.24,62.1,7,0,0,1
APP-10590,69,126964.3,3,MORTGAGE,20000,EDUCATION,60,12.4,678,12.45,19.61,11,0,1,0
APP-10591,40,50946.21,1,MORTGAGE,38000,VENTURE,36,12.86,643,12.71,17.21,11,0,0,0
APP-10592,68,37500.52,7,MORTGAGE,18000,DEBTCONSOLIDATION,36,9.87,728,20.22,45.16,11,0,0,0
APP-10593,45,68289.23,0,RENT,17000,PERSONAL,60,17.06,557,27.29,58.78,12,0,0,1
APP-10594,42,89573.99,10,RENT,17000,MEDICAL,36,14.32,758,11.67,39.13,16,4,0,0
APP-10595,33,49196.59,17,OWN,5000,DEBTCONSOLIDATION,36,15.14,625,20.26,22.84,7,0,0,0
APP-10596,39,78998.5,0,OWN,31000,DEBTCONSOLIDATION,36,12.89,723,19.12,59.45,12,0,0,0
APP-10597,69,30082.31,0,RENT,35000,HOMEIMPROVEMENT,36,16.05,557,7.35,38.57,10,0,0,0
APP-10598,56,30930.14,0,RENT,6000,PERSONAL,60,10.85,653,5.86,13.51,14,0,0,0
APP-10599,32,48048.05,17,RENT,34000,DEBTCONSOLIDATION,36,14.88,659,18.39,34.3,6,1,1,0
APP-10600,61,80419.24,0,RENT,10000,EDUCATION,36,11.16,692,46.81,33.89,6,0,0,0
APP-10601,39,87618.64,20,RENT,18000,PERSONAL,60,10.29,717,16.31,52.93,10,0,0,0
APP-10602,32,33156.43,6,RENT,13000,PERSONAL,36,8.17,817,19.96,47.39,11,0,0,0
APP-10603,29,86009.27,5,MORTGAGE,25000,PERSONAL,36,16.27,654,20.13,39.25,10,0,0,0
APP-10604,27,65072.25,0,RENT,13000,HOMEIMPROVEMENT,36,12.83,726,6.58,41.74,12,1,0,0
APP-10605,48,38576.46,11,MORTGAGE,16000,PERSONAL,36,12.88,658,18.54,27.27,11,0,0,0
APP-10606,34,30727.27,11,MORTGAGE,17000,HOMEIMPROVEMENT,60,12.65,706,11.13,6.75,10,0,0,0
APP-10607,51,67165.27,9,MORTGAGE,24000,PERSONAL,36,17.0,593,25.4,82.5,11,0,2,1
APP-10608,39,114094.42,5,MORTGAGE,19000,HOMEIMPROVEMENT,60,13.12,702,2.68,63.15,5,0,0,0
APP-10609,67,60947.08,6,MORTGAGE,23000,VENTURE,36,14.52,628,7.0,29.85,12,0,0,0
APP-10610,36,37516.63,5,MORTGAGE,32000,VENTURE,36,17.44,581,24.73,66.42,16,0,0,0
APP-10611,25,23529.0,7,MORTGAGE,16000,VENTURE,36,13.88,681,10.83,25.1,10,0,0,0
APP-10612,55,128636.44,6,RENT,22000,DEBTCONSOLIDATION,36,13.23,694,5.91,69.57,9,0,0,0
APP-10613,32,100803.19,13,RENT,9000,DEBTCONSOLIDATION,36,11.83,668,11.62,10.39,11,0,0,0
APP-10614,45,69636.1,4,MORTGAGE,37000,VENTURE,36,11.98,712,11.04,34.97,12,0,1,0
APP-10615,41,125366.53,6,MORTGAGE,39000,DEBTCONSOLIDATION,60,10.4,795,27.24,47.58,11,0,0,0
APP-10616,56,66967.29,8,OWN,7000,DEBTCONSOLIDATION,60,11.62,631,27.12,55.8,10,0,0,0
APP-10617,43,45911.99,0,RENT,18000,PERSONAL,36,12.89,737,51.46,60.97,6,0,0,0
APP-10618,36,79028.68,9,RENT,37000,MEDICAL,60,15.67,645,14.82,31.97,9,0,0,0
APP-10619,59,39542.73,4,MORTGAGE,29000,MEDICAL,36,12.69,709,35.8,31.08,7,1,0,0
APP-10620,65,36394.61,0,RENT,24000,HOMEIMPROVEMENT,36,13.77,683,5.74,70.86,11,0,0,0
APP-10621,62,88062.63,18,MORTGAGE,32000,EDUCATION,36,9.5,781,21.3,29.95,17,0,0,0
APP-10622,59,91847.0,5,MORTGAGE,12000,HOMEIMPROVEMENT,60,11.5,685,10.15,15.22,10,0,0,0
APP-10623,34,31670.18,7,MORTGAGE,21000,PERSONAL,60,12.43,689,4.62,17.68,10,0,0,0
APP-10624,51,32260.57,17,RENT,33000,DEBTCONSOLIDATION,36,10.63,751,5.72,17.51,10,0,0,0
APP-10625,25,47928.96,2,MORTGAGE,18000,PERSONAL,36,11.37,718,25.59,12.76,13,0,0,0
APP-10626,55,41954.78,17,MORTGAGE,39000,VENTURE,60,12.0,727,13.59,47.24,5,0,0,0
APP-10627,43,75981.44,3,MORTGAGE,7000,DEBTCONSOLIDATION,36,10.57,765,29.09,78.26,10,0,1,0
APP-10628,49,61330.03,11,MORTGAGE,2000,PERSONAL,36,12.37,702,11.36,12.09,13,0,0,0
APP-10629,63,107200.17,13,MORTGAGE,38000,EDUCATION,60,10.33,780,12.96,66.49,9,0,0,0
APP-10630,31,70166.68,18,MORTGAGE,5000,DEBTCONSOLIDATION,36,16.98,600,7.92,49.52,12,0,0,0
APP-10631,38,43378.17,12,MORTGAGE,32000,DEBTCONSOLIDATION,36,11.64,677,15.25,14.92,8,0,0,0
APP-10632,67,23258.72,8,MORTGAGE,12000,VENTURE,36,14.66,686,20.73,35.28,5,0,0,0
APP-10633,32,65494.93,11,RENT,18000,DEBTCONSOLIDATION,36,13.62,640,49.81,16.31,13,0,0,0
APP-10634,29,25459.29,2,MORTGAGE,8000,HOMEIMPROVEMENT,36,11.8,731,32.9,59.99,15,2,0,0
APP-10635,30,43110.52,13,MORTGAGE,36000,DEBTCONSOLIDATION,60,11.91,704,5.36,23.2,11,0,0,0
APP-10636,64,41736.72,2,RENT,3000,HOMEIMPROVEMENT,36,17.47,560,34.43,37.85,10,0,2,1
APP-10637,37,46433.96,10,MORTGAGE,38000,DEBTCONSOLIDATION,36,12.01,762,31.65,49.35,8,1,0,1
APP-10638,58,31007.45,12,RENT,38000,DEBTCONSOLIDATION,36,10.33,750,7.06,22.71,8,0,0,0
APP-10639,27,41662.71,18,RENT,11000,DEBTCONSOLIDATION,60,12.92,701,15.91,25.42,11,0,1,0
APP-10640,66,106186.5,8,MORTGAGE,13000,DEBTCONSOLIDATION,36,13.59,711,11.03,45.72,6,0,2,0
APP-10641,33,106040.27,15,RENT,18000,PERSONAL,36,16.64,616,9.93,75.6,8,1,0,0
APP-10642,60,128830.12,2,MORTGAGE,27000,DEBTCONSOLIDATION,36,15.58,633,50.59,59.89,8,1,0,0
APP-10643,62,60178.67,1,MORTGAGE,6000,PERSONAL,60,21.93,523,9.5,37.24,12,1,0,0
APP-10644,29,68569.94,10,RENT,6000,DEBTCONSOLIDATION,36,14.44,647,17.65,45.89,12,0,0,0
APP-10645,47,106970.21,11,OWN,39000,HOMEIMPROVEMENT,36,14.6,682,9.88,20.06,7,0,1,0
APP-10646,22,28700.49,12,RENT,28000,MEDICAL,36,15.67,721,8.15,18.63,9,0,0,0
APP-10647,25,89573.45,15,MORTGAGE,6000,DEBTCONSOLIDATION,60,14.65,614,30.18,17.14,11,0,0,0
APP-10648,49,114825.9,4,MORTGAGE,9000,PERSONAL,36,13.17,747,22.14,12.11,9,0,0,0
APP-10649,57,38388.75,12,MORTGAGE,32000,PERSONAL,60,13.34,695,10.57,42.71,13,0,0,1
APP-10650,58,119529.63,2,OWN,34000,VENTURE,36,13.16,751,22.51,13.76,9,0,0,0
APP-10651,39,167520.0,3,MORTGAGE,22000,EDUCATION,36,11.23,740,22.36,29.55,17,1,1,0
APP-10652,28,88337.8,0,OWN,36000,HOMEIMPROVEMENT,36,13.77,698,12.79,45.36,7,0,0,0
APP-10653,68,80599.86,15,RENT,22000,DEBTCONSOLIDATION,60,9.92,712,20.52,23.05,15,0,0,0
APP-10654,65,34204.48,9,MORTGAGE,16000,HOMEIMPROVEMENT,36,12.43,651,9.77,9.35,7,0,2,0
APP-10655,21,102191.31,3,MORTGAGE,37000,HOMEIMPROVEMENT,36,13.86,686,10.32,59.31,8,0,0,0
APP-10656,42,35853.79,10,OWN,3000,DEBTCONSOLIDATION,36,13.38,701,8.85,58.34,10,1,0,0
APP-10657,37,72032.34,6,OWN,31000,DEBTCONSOLIDATION,36,9.8,740,5.14,26.51,10,0,0,0
APP-10658,27,75776.81,17,MORTGAGE,29000,HOMEIMPROVEMENT,36,13.74,693,24.32,60.92,18,0,0,0
APP-10659,45,18000.0,10,MORTGAGE,18000,VENTURE,36,9.07,810,6.94,25.49,15,0,0,0
APP-10660,65,73342.95,0,RENT,21000,VENTURE,36,13.45,695,8.44,24.41,8,0,0,0
APP-10661,24,222067.66,20,RENT,30000,HOMEIMPROVEMENT,36,19.77,540,14.33,7.01,9,0,0,0
APP-10662,56,21037.71,0,RENT,6000,MEDICAL,36,11.79,662,4.56,40.57,13,0,1,0
APP-10663,26,58282.32,14,RENT,26000,HOMEIMPROVEMENT,36,16.06,633,21.0,19.59,5,0,0,0
APP-10664,51,22616.67,8,RENT,11000,PERSONAL,36,14.31,668,28.12,34.69,7,0,2,0
APP-10665,39,38289.43,3,RENT,20000,VENTURE,36,14.22,620,5.48,53.76,13,0,0,1
APP-10666,64,22813.59,13,RENT,2000,DEBTCONSOLIDATION,60,14.73,586,12.98,57.74,9,0,0,0
APP-10667,59,64846.04,1,OWN,35000,DEBTCONSOLIDATION,36,13.8,642,29.49,40.51,13,0,0,0
APP-10668,47,89036.56,17,RENT,15000,EDUCATION,36,11.42,713,30.49,29.06,11,0,0,0
APP-10669,30,73487.41,3,RENT,26000,MEDICAL,60,11.04,720,21.33,84.65,12,0,0,1
APP-10670,46,37605.62,6,MORTGAGE,27000,MEDICAL,60,14.8,640,5.0,32.77,8,0,0,0
APP-10671,39,44147.99,12,MORTGAGE,22000,DEBTCONSOLIDATION,36,12.92,734,14.99,28.28,14,0,0,0
APP-10672,59,68606.07,0,RENT,17000,PERSONAL,60,14.62,654,19.0,34.95,10,1,0,0
APP-10673,23,38197.98,9,RENT,11000,PERSONAL,60,12.81,646,13.37,63.15,11,0,0,0
APP-10674,65,30810.24,18,RENT,33000,DEBTCONSOLIDATION,36,14.26,663,17.43,72.24,9,1,0,0
APP-10675,33,53126.78,13,RENT,21000,PERSONAL,36,17.4,547,13.47,30.65,7,0,0,0
APP-10676,48,37333.48,7,RENT,10000,PERSONAL,60,12.78,673,29.88,50.64,8,1,0,0
APP-10677,40,73554.28,13,MORTGAGE,35000,DEBTCONSOLIDATION,36,15.51,592,5.08,20.57,12,0,0,0
APP-10678,48,114616.69,19,MORTGAGE,32000,EDUCATION,36,14.45,654,13.54,35.19,12,0,0,0
APP-10679,28,219430.69,2,MORTGAGE,20000,PERSONAL,36,14.61,642,6.85,54.64,8,0,1,0
APP-10680,61,70900.55,10,RENT,32000,PERSONAL,36,9.95,743,25.56,61.42,8,0,0,0
APP-10681,59,82700.93,3,RENT,31000,PERSONAL,60,15.37,633,3.95,45.02,6,0,0,0
APP-10682,21,44371.0,17,RENT,25000,MEDICAL,60,7.71,823,10.02,11.43,17,0,0,0
APP-10683,23,45766.68,14,RENT,34000,PERSONAL,60,14.0,641,21.68,35.35,12,0,0,0
APP-10684,33,113780.69,16,MORTGAGE,19000,PERSONAL,36,14.09,659,8.5,64.22,13,0,0,0
APP-10685,48,52147.74,19,OWN,22000,DEBTCONSOLIDATION,36,12.07,702,19.31,52.39,7,0,0,0
APP-10686,69,62098.29,3,RENT,32000,HOMEIMPROVEMENT,36,13.5,650,4.9,9.02,7,0,2,0
APP-10687,45,110358.32,0,OWN,40000,DEBTCONSOLIDATION,36,12.32,744,12.93,40.68,5,0,0,0
APP-10688,53,52348.91,4,OWN,5000,HOMEIMPROVEMENT,60,18.93,562,10.99,52.99,12,0,0,0
APP-10689,58,126780.21,7,RENT,27000,DEBTCONSOLIDATION,36,11.69,697,11.65,50.61,17,0,0,0
APP-10690,26,79739.05,12,RENT,34000,HOMEIMPROVEMENT,36,14.86,646,51.78,6.29,13,0,0,0
APP-10691,64,75184.4,16,RENT,34000,HOMEIMPROVEMENT,36,10.67,733,18.66,46.72,9,0,0,0
APP-10692,65,43299.89,6,MORTGAGE,21000,PERSONAL,36,12.55,684,4.66,14.66,3,0,0,0
APP-10693,52,77231.52,9,RENT,9000,DEBTCONSOLIDATION,36,10.98,716,29.27,33.17,19,0,0,0
APP-10694,65,48314.02,16,RENT,37000,HOMEIMPROVEMENT,60,9.24,744,8.03,56.39,8,0,0,0
APP-10695,67,75712.94,3,OWN,9000,MEDICAL,60,9.86,771,18.88,53.21,6,0,0,0
APP-10696,41,56902.1,3,RENT,32000,DEBTCONSOLIDATION,36,11.78,710,10.6,57.24,5,0,0,0
APP-10697,36,97091.08,11,RENT,23000,DEBTCONSOLIDATION,36,8.75,788,20.82,22.35,9,0,1,0
APP-10698,41,58930.52,8,MORTGAGE,20000,DEBTCONSOLIDATION,36,17.18,620,28.85,40.24,12,0,0,0
APP-10699,31,165864.88,19,OWN,21000,DEBTCONSOLIDATION,60,14.22,664,35.3,49.37,7,0,0,0
APP-10700,57,52168.1,6,RENT,24000,VENTURE,36,14.86,646,14.69,18.94,15,0,0,0
APP-10701,56,45830.85,15,RENT,25000,HOMEIMPROVEMENT,60,15.26,691,15.77,42.81,14,0,0,0
APP-10702,55,71186.39,11,MORTGAGE,25000,DEBTCONSOLIDATION,36,13.15,699,7.28,51.61,13,0,0,0
APP-10703,39,102635.13,0,MORTGAGE,37000,MEDICAL,36,17.13,654,27.57,38.37,8,0,1,0
APP-10704,40,102237.03,0,OTHER,10000,DEBTCONSOLIDATION,36,9.95,754,12.59,47.81,4,0,0,0
APP-10705,38,65081.18,2,RENT,17000,DEBTCONSOLIDATION,36,20.18,485,9.23,47.57,9,1,0,1
APP-10706,67,70936.8,1,MORTGAGE,28000,PERSONAL,36,12.09,752,5.01,26.79,14,0,0,0
APP-10707,61,70988.21,5,RENT,38000,DEBTCONSOLIDATION,36,11.1,650,2.87,60.43,13,0,0,0
APP-10708,69,,11,OWN,14000,DEBTCONSOLIDATION,36,12.28,712,6.39,25.45,12,0,0,0
APP-10709,34,99911.17,11,RENT,3000,DEBTCONSOLIDATION,60,19.5,610,17.38,13.12,9,0,0,0
APP-10710,35,31922.67,11,RENT,13000,VENTURE,36,10.97,700,18.33,54.15,9,0,0,0
APP-10711,51,34961.43,0,RENT,34000,DEBTCONSOLIDATION,36,14.52,701,9.52,83.57,4,0,0,0
APP-10712,21,61544.36,11,RENT,24000,DEBTCONSOLIDATION,36,10.47,749,20.11,39.44,9,0,0,0
APP-10713,23,51024.96,7,RENT,15000,HOMEIMPROVEMENT,36,15.09,742,6.69,54.31,8,0,1,0
APP-10714,36,89150.27,18,RENT,40000,VENTURE,36,14.77,603,22.59,35.66,14,0,0,0
APP-10715,43,74882.56,18,RENT,31000,PERSONAL,36,11.88,685,8.12,49.92,3,5,0,1
APP-10716,31,64157.78,15,RENT,35000,DEBTCONSOLIDATION,36,9.51,742,8.42,26.83,9,4,0,0
APP-10717,32,34106.15,14,MORTGAGE,10000,DEBTCONSOLIDATION,36,14.45,651,16.66,50.05,11,1,0,0
APP-10718,30,60674.58,0,RENT,16000,DEBTCONSOLIDATION,36,16.12,580,23.13,50.59,8,2,0,1
APP-10719,52,58322.56,0,MORTGAGE,25000,PERSONAL,36,11.9,690,11.09,12.07,7,0,0,0
APP-10720,36,66909.31,17,MORTGAGE,26000,PERSONAL,36,16.41,603,15.91,75.97,12,0,0,0
APP-10721,28,48290.06,7,RENT,37000,PERSONAL,36,15.18,650,8.1,62.65,12,0,0,0
APP-10722,58,77762.05,8,RENT,33000,VENTURE,36,11.77,632,12.61,88.16,8,0,0,0
APP-10723,32,50348.27,17,MORTGAGE,22000,DEBTCONSOLIDATION,60,14.8,671,15.67,61.18,7,0,0,0
APP-10724,44,74202.77,12,RENT,40000,HOMEIMPROVEMENT,36,8.64,754,16.09,55.72,6,0,0,0
APP-10725,48,89145.38,2,RENT,7000,PERSONAL,36,11.12,723,19.88,14.71,9,0,0,0
APP-10726,28,45830.37,3,RENT,26000,DEBTCONSOLIDATION,36,9.77,758,12.39,41.13,10,1,0,0
APP-10727,48,40697.45,0,RENT,3000,HOMEIMPROVEMENT,36,12.37,717,12.24,35.45,13,0,0,0
APP-10728,56,,14,RENT,32000,DEBTCONSOLIDATION,36,11.34,697,10.71,38.31,9,1,0,0
APP-10729,46,30929.02,9,OWN,31000,DEBTCONSOLIDATION,60,11.23,765,7.72,42.92,9,1,0,0
APP-10730,28,104384.07,19,OWN,16000,EDUCATION,36,14.8,600,11.53,39.59,8,0,0,0
APP-10731,48,60203.23,14,MORTGAGE,19000,MEDICAL,36,11.38,772,22.69,48.2,5,1,0,0
APP-10732,48,56535.32,0,RENT,33000,HOMEIMPROVEMENT,36,11.42,721,15.9,37.03,8,0,0,0
APP-10733,57,78669.28,1,OWN,15000,DEBTCONSOLIDATION,36,11.16,742,27.88,54.58,16,0,0,0
APP-10734,61,76265.6,9,MORTGAGE,19000,PERSONAL,36,15.6,654,9.23,24.33,12,2,0,0
APP-10735,56,60069.59,19,MORTGAGE,36000,DEBTCONSOLIDATION,36,14.33,639,9.73,40.68,12,1,0,0
APP-10736,47,92902.72,3,MORTGAGE,23000,DEBTCONSOLIDATION,60,16.01,691,12.53,38.15,12,0,0,0
APP-10737,37,42779.14,17,RENT,15000,DEBTCONSOLIDATION,36,15.1,617,18.82,52.81,8,2,0,0
APP-10738,29,85492.01,5,OWN,39000,HOMEIMPROVEMENT,36,14.13,661,27.57,25.01,12,2,2,1
APP-10739,53,34915.57,4,MORTGAGE,15000,MEDICAL,36,16.08,665,7.42,56.22,8,1,2,0
APP-10740,40,77290.36,18,OWN,35000,VENTURE,60,14.59,660,7.69,31.58,12,2,0,1
APP-10741,33,50820.92,0,RENT,23000,MEDICAL,36,15.69,646,13.54,29.42,11,0,1,0
APP-10742,48,31084.26,13,OTHER,17000,DEBTCONSOLIDATION,36,15.75,592,13.19,48.43,7,0,0,0
APP-10743,68,68072.01,0,RENT,17000,HOMEIMPROVEMENT,36,8.7,718,11.82,27.58,7,0,0,0
APP-10744,49,58852.33,16,RENT,17000,EDUCATION,36,11.51,700,15.59,59.46,7,0,0,1
APP-10745,33,27684.76,17,MORTGAGE,39000,VENTURE,36,15.3,618,13.52,20.97,13,0,1,0
APP-10746,66,20809.55,18,MORTGAGE,19000,DEBTCONSOLIDATION,36,10.89,711,23.19,64.43,14,0,0,0
APP-10747,55,55485.01,2,MORTGAGE,24000,MEDICAL,60,13.53,671,29.08,40.2,7,0,0,0
APP-10748,26,134472.23,1,MORTGAGE,19000,HOMEIMPROVEMENT,36,12.5,635,16.33,17.4,6,0,0,0
APP-10749,38,70298.62,9,RENT,23000,DEBTCONSOLIDATION,60,11.66,724,11.33,75.58,12,0,0,0
APP-10750,25,42866.61,4,MORTGAGE,31000,DEBTCONSOLIDATION,36,11.7,689,15.16,21.23,5,0,0,0
APP-10751,67,102840.52,12,RENT,19000,DEBTCONSOLIDATION,60,7.43,770,7.56,78.77,9,0,1,0
APP-10752,45,94241.11,9,MORTGAGE,19000,HOMEIMPROVEMENT,36,14.56,645,15.66,76.99,7,0,0,0
APP-10753,22,113073.07,1,RENT,2000,DEBTCONSOLIDATION,36,11.9,715,9.51,12.45,8,0,0,0
APP-10754,30,84284.13,15,RENT,16000,PERSONAL,36,8.97,782,16.26,55.92,8,0,0,0
APP-10755,50,93241.78,16,OWN,6000,EDUCATION,60,11.18,695,5.96,20.29,15,0,0,0
APP-10756,65,86297.36,20,RENT,28000,MEDICAL,36,13.55,625,22.44,45.4,7,0,0,0
APP-10757,25,47157.46,7,MORTGAGE,18000,PERSONAL,60,16.14,658,20.71,23.14,11,3,0,0
APP-10758,53,26406.35,5,RENT,33000,HOMEIMPROVEMENT,36,10.85,772,11.87,33.36,9,0,0,0
APP-10759,21,46139.85,2,RENT,39000,HOMEIMPROVEMENT,60,9.06,769,14.27,20.22,12,0,0,0
APP-10760,38,104033.53,2,MORTGAGE,27000,VENTURE,36,13.09,658,8.05,46.89,9,0,0,0
APP-10761,52,49488.45,5,RENT,3000,MEDICAL,60,12.88,643,8.01,61.56,6,0,0,0
APP-10762,67,55674.11,20,MORTGAGE,29000,VENTURE,36,10.92,735,26.22,29.34,7,0,0,0
APP-10763,69,33426.61,0,MORTGAGE,24000,DEBTCONSOLIDATION,36,16.49,638,13.38,77.2,12,0,0,0
APP-10764,31,45453.96,4,MORTGAGE,21000,DEBTCONSOLIDATION,36,13.37,693,18.45,73.81,6,0,0,0
APP-10765,41,59602.66,0,OWN,37000,VENTURE,36,19.86,530,22.1,30.1,6,0,0,1
APP-10766,46,76594.54,4,MORTGAGE,23000,VENTURE,36,7.71,781,14.98,20.62,10,0,1,0
APP-10767,45,47603.88,0,MORTGAGE,12000,HOMEIMPROVEMENT,36,11.46,702,9.2,34.63,10,0,0,0
APP-10768,42,45969.4,9,MORTGAGE,29000,HOMEIMPROVEMENT,36,14.2,662,65.0,42.0,6,0,0,0
APP-10769,47,91225.32,8,MORTGAGE,23000,DEBTCONSOLIDATION,36,8.65,711,17.81,27.2,7,0,0,0
APP-10770,69,70448.22,2,MORTGAGE,18000,DEBTCONSOLIDATION,60,10.43,728,23.31,56.75,18,0,0,0
APP-10771,33,74931.99,2,RENT,32000,PERSONAL,60,15.26,585,9.22,16.18,5,3,0,0
APP-10772,53,128561.19,12,RENT,12000,EDUCATION,36,16.58,639,20.41,69.97,13,0,0,0
APP-10773,54,46511.87,7,RENT,37000,VENTURE,36,14.92,666,23.3,18.52,11,0,0,0
APP-10774,61,58424.49,0,RENT,15000,DEBTCONSOLIDATION,60,16.47,607,33.3,60.68,14,0,0,0
APP-10775,55,78871.87,19,RENT,36000,DEBTCONSOLIDATION,36,13.66,663,22.01,73.77,8,2,0,0
APP-10776,21,38725.22,7,MORTGAGE,24000,DEBTCONSOLIDATION,36,14.56,663,9.59,60.89,12,0,0,1
APP-10777,41,67139.3,11,RENT,30000,DEBTCONSOLIDATION,60,14.1,642,12.68,35.86,18,0,0,0
APP-10778,68,60542.34,18,MORTGAGE,24000,DEBTCONSOLIDATION,36,15.44,655,10.52,33.28,6,0,0,0
APP-10779,26,240061.33,7,MORTGAGE,37000,EDUCATION,60,12.05,672,18.7,28.09,9,0,0,0
APP-10780,48,62939.85,16,RENT,17000,MEDICAL,36,14.91,586,5.47,66.23,8,1,0,1
APP-10781,37,106774.02,19,RENT,40000,PERSONAL,36,11.0,736,14.45,15.33,10,0,1,0
APP-10782,25,90669.07,2,RENT,21000,PERSONAL,36,12.24,715,8.51,31.53,9,0,0,0
APP-10783,51,33581.12,18,MORTGAGE,26000,VENTURE,36,15.48,664,13.77,58.71,13,0,0,0
APP-10784,25,27600.47,0,MORTGAGE,20000,HOMEIMPROVEMENT,60,11.56,689,25.2,53.86,8,0,0,0
APP-10785,58,67745.09,4,MORTGAGE,27000,HOMEIMPROVEMENT,36,12.84,686,21.11,46.43,12,0,1,1
APP-10786,23,112270.6,16,RENT,33000,VENTURE,36,8.92,802,4.97,38.67,5,0,0,0
APP-10787,43,69144.75,18,MORTGAGE,22000,PERSONAL,60,13.31,647,7.85,27.46,13,0,0,0
APP-10788,57,62281.89,13,MORTGAGE,10000,EDUCATION,60,13.04,706,25.23,47.78,10,0,0,1
APP-10789,57,51945.83,0,RENT,20000,HOMEIMPROVEMENT,36,16.53,543,33.62,26.39,9,0,0,0
APP-10790,30,30884.8,10,MORTGAGE,22000,HOMEIMPROVEMENT,36,11.96,707,5.86,69.73,15,0,0,0
APP-10791,30,37039.48,11,MORTGAGE,19000,DEBTCONSOLIDATION,36,14.36,662,7.84,25.12,16,0,0,0
APP-10792,39,26604.7,4,RENT,7000,EDUCATION,36,12.7,708,21.68,38.93,17,0,0,0
APP-10793,37,34491.79,20,MORTGAGE,36000,DEBTCONSOLIDATION,60,12.74,700,3.18,59.18,12,0,0,0
APP-10794,41,46027.57,5,RENT,15000,EDUCATION,60,11.09,687,3.76,2.97,13,0,0,0
APP-10795,34,88256.98,3,RENT,10000,MEDICAL,36,14.03,699,29.91,49.1,12,1,0,0
APP-10796,29,47928.54,0,RENT,36000,MEDICAL,36,11.0,737,17.19,12.83,15,1,0,0
APP-10797,66,68037.4,6,RENT,3000,HOMEIMPROVEMENT,60,11.0,675,12.34,50.3,8,0,0,0
APP-10798,21,64062.51,14,RENT,7000,HOMEIMPROVEMENT,36,11.78,669,6.86,34.52,9,0,0,0
APP-10799,65,76843.37,3,MORTGAGE,36000,EDUCATION,36,8.58,748,6.98,47.62,9,0,0,0
APP-10800,33,35688.81,15,OWN,26000,EDUCATION,36,10.82,698,30.86,23.23,17,4,0,0
APP-10801,24,101681.11,1,MORTGAGE,10000,VENTURE,60,14.07,644,21.52,22.83,10,0,0,0
APP-10802,21,29626.11,8,RENT,32000,DEBTCONSOLIDATION,60,8.27,716,5.29,24.97,6,1,0,0
APP-10803,69,47862.78,14,OTHER,8000,DEBTCONSOLIDATION,36,14.53,675,16.17,64.15,7,0,0,0
APP-10804,60,59251.55,1,RENT,29000,MEDICAL,60,17.6,608,3.12,19.27,11,0,0,0
APP-10805,52,87559.38,11,RENT,3000,HOMEIMPROVEMENT,36,13.43,716,2.0,68.15,13,0,0,0
APP-10806,54,119330.79,16,MORTGAGE,2000,DEBTCONSOLIDATION,60,11.74,665,29.25,11.14,10,1,1,0
APP-10807,48,87905.33,11,MORTGAGE,38000,DEBTCONSOLIDATION,60,17.71,578,23.99,66.62,10,0,1,1
APP-10808,51,121535.07,9,RENT,25000,DEBTCONSOLIDATION,60,17.16,611,32.91,45.69,13,0,0,0
APP-10809,28,39553.6,17,MORTGAGE,36000,MEDICAL,60,14.46,727,41.3,4.61,7,0,0,0
APP-10810,59,108573.78,20,RENT,8000,HOMEIMPROVEMENT,36,10.29,704,13.82,21.56,9,0,0,0
APP-10811,46,99640.94,2,MORTGAGE,39000,PERSONAL,36,14.23,679,18.76,24.17,10,0,0,0
APP-10812,54,18067.36,13,MORTGAGE,30000,VENTURE,36,11.3,717,31.89,22.14,8,0,0,0
APP-10813,23,53624.85,0,MORTGAGE,2000,MEDICAL,36,12.21,725,9.06,56.67,8,0,0,0
APP-10814,32,80904.01,0,OWN,31000,DEBTCONSOLIDATION,36,10.31,736,2.0,36.67,9,0,0,0
APP-10815,21,46272.04,4,MORTGAGE,33000,DEBTCONSOLIDATION,60,11.67,735,18.48,14.11,12,0,0,0
APP-10816,64,34790.07,20,RENT,11000,PERSONAL,36,17.09,653,12.13,33.86,13,0,0,0
APP-10817,25,172316.4,10,MORTGAGE,35000,HOMEIMPROVEMENT,36,16.6,549,21.72,55.48,5,0,0,0
APP-10818,50,63292.37,4,RENT,12000,EDUCATION,36,12.04,656,21.45,38.64,8,0,0,0
APP-10819,50,64164.33,1,OWN,38000,DEBTCONSOLIDATION,60,6.58,834,15.69,28.81,13,0,0,0
APP-10820,37,31116.79,19,MORTGAGE,28000,DEBTCONSOLIDATION,36,12.0,735,5.77,12.62,10,0,0,0
APP-10821,68,44082.56,6,RENT,11000,DEBTCONSOLIDATION,60,14.5,664,45.62,13.65,10,0,0,0
APP-10822,67,38218.68,5,MORTGAGE,39000,HOMEIMPROVEMENT,60,10.93,662,18.62,52.86,7,0,0,0
APP-10823,43,102691.81,17,RENT,23000,MEDICAL,60,9.78,764,18.15,35.07,6,0,0,0
APP-10824,35,77058.24,12,RENT,25000,DEBTCONSOLIDATION,36,16.13,620,27.41,66.04,18,0,1,1
APP-10825,57,45013.52,2,MORTGAGE,9000,HOMEIMPROVEMENT,60,11.8,729,13.53,78.92,8,4,0,0
APP-10826,41,79241.08,7,RENT,7000,MEDICAL,36,16.27,604,19.95,42.99,14,0,0,0
APP-10827,34,52745.83,19,OWN,5000,DEBTCONSOLIDATION,60,12.38,757,12.47,50.49,9,1,0,0
APP-10828,22,67322.2,18,RENT,6000,HOMEIMPROVEMENT,36,12.6,685,19.16,19.86,12,0,0,0
APP-10829,31,67163.28,0,MORTGAGE,7000,DEBTCONSOLIDATION,36,11.28,747,17.82,29.32,5,1,0,0
APP-10830,59,73875.28,4,MORTGAGE,33000,PERSONAL,36,12.23,663,7.18,51.4,9,0,0,0
APP-10831,58,69551.72,1,MORTGAGE,39000,DEBTCONSOLIDATION,36,10.69,809,21.74,31.58,14,0,0,0
APP-10832,54,73904.19,10,RENT,21000,HOMEIMPROVEMENT,60,10.4,705,29.8,72.37,8,0,0,0
APP-10833,58,112184.95,15,MORTGAGE,37000,PERSONAL,36,10.69,724,23.77,38.05,13,0,1,0
APP-10834,54,82477.55,4,MORTGAGE,15000,PERSONAL,36,10.38,757,32.4,17.02,9,2,0,0
APP-10835,38,50592.02,15,MORTGAGE,20000,PERSONAL,36,8.37,794,8.18,33.05,6,0,0,0
APP-10836,50,57012.37,13,RENT,12000,HOMEIMPROVEMENT,36,14.02,675,10.54,51.51,8,0,0,1
APP-10837,35,110756.05,14,MORTGAGE,40000,MEDICAL,36,10.28,699,18.73,62.52,10,0,0,0
APP-10838,47,63336.13,19,OTHER,2000,DEBTCONSOLIDATION,36,9.26,712,13.67,31.0,10,0,0,0
APP-10839,54,49661.77,7,MORTGAGE,36000,PERSONAL,60,8.7,764,35.83,45.08,10,1,0,0
APP-10840,58,43670.62,6,MORTGAGE,20000,PERSONAL,36,12.56,743,25.13,51.66,10,1,0,0
APP-10841,53,68632.33,13,MORTGAGE,34000,DEBTCONSOLIDATION,36,13.78,582,29.55,35.9,10,0,0,1
APP-10842,44,39048.96,16,RENT,33000,PERSONAL,36,16.51,606,8.42,77.34,13,0,0,1
APP-10843,35,113822.75,2,OWN,37000,DEBTCONSOLIDATION,36,12.65,733,15.64,32.46,17,0,0,0
APP-10844,50,35635.26,17,MORTGAGE,25000,PERSONAL,60,9.37,791,36.31,36.49,17,0,0,0
APP-10845,62,125371.16,0,RENT,8000,DEBTCONSOLIDATION,60,12.37,661,11.55,41.19,10,0,0,0
APP-10846,37,51916.13,0,RENT,8000,MEDICAL,60,10.38,725,18.71,56.69,9,0,0,0
APP-10847,25,34948.52,1,RENT,6000,DEBTCONSOLIDATION,36,15.39,661,14.35,24.93,11,0,0,0
APP-10848,49,65814.0,20,MORTGAGE,15000,DEBTCONSOLIDATION,60,12.37,698,16.49,54.87,7,2,0,0
APP-10849,24,37178.3,10,MORTGAGE,27000,PERSONAL,36,14.61,644,13.61,73.63,9,0,0,0
APP-10850,30,60912.02,0,MORTGAGE,2000,VENTURE,36,13.78,657,11.65,31.13,5,0,0,0
APP-10851,37,44856.7,20,OWN,14000,DEBTCONSOLIDATION,60,13.33,681,27.36,39.72,10,0,0,1
APP-10852,30,96041.59,15,RENT,24000,VENTURE,60,12.41,705,18.01,42.05,12,0,0,0
APP-10853,37,64111.23,17,MORTGAGE,21000,DEBTCONSOLIDATION,36,10.92,780,20.35,38.28,10,0,0,0
APP-10854,40,33049.1,3,MORTGAGE,8000,HOMEIMPROVEMENT,36,13.73,640,14.34,30.67,8,0,1,0
APP-10855,44,44421.63,0,RENT,7000,DEBTCONSOLIDATION,36,8.13,778,39.94,75.71,10,2,0,0
APP-10856,25,85175.88,9,MORTGAGE,10000,DEBTCONSOLIDATION,36,11.23,732,14.59,33.16,4,0,0,0
APP-10857,54,113953.53,15,RENT,29000,HOMEIMPROVEMENT,60,13.99,651,26.71,27.85,13,0,2,0
APP-10858,26,,12,RENT,11000,DEBTCONSOLIDATION,36,14.25,649,45.7,38.56,13,0,0,1
APP-10859,22,35518.24,12,RENT,36000,DEBTCONSOLIDATION,60,18.31,617,27.96,11.53,5,0,0,0
APP-10860,33,101419.25,15,MORTGAGE,8000,PERSONAL,60,13.51,641,9.13,41.75,9,0,0,0
APP-10861,63,84989.4,3,MORTGAGE,26000,EDUCATION,60,17.27,599,3.38,36.71,8,0,0,0
APP-10862,63,115066.99,13,MORTGAGE,31000,DEBTCONSOLIDATION,60,12.23,690,38.51,61.41,8,0,0,0
APP-10863,68,69224.11,7,MORTGAGE,27000,DEBTCONSOLIDATION,36,14.7,664,41.08,72.45,9,0,0,1
APP-10864,31,46152.28,0,RENT,13000,HOMEIMPROVEMENT,36,14.56,646,8.75,5.73,19,0,0,0
APP-10865,67,77531.86,2,RENT,14000,HOMEIMPROVEMENT,36,10.85,762,20.21,30.32,16,0,1,0
APP-10866,43,70485.66,16,RENT,5000,HOMEIMPROVEMENT,60,13.37,698,7.13,15.72,9,0,0,0
APP-10867,36,44916.62,18,RENT,2000,PERSONAL,36,11.16,707,24.14,13.76,13,0,0,0
APP-10868,51,66126.13,4,OWN,7000,PERSONAL,60,6.99,751,33.18,75.03,10,0,0,0
APP-10869,31,54311.27,2,MORTGAGE,3000,DEBTCONSOLIDATION,36,16.63,620,3.93,43.26,10,0,2,0
APP-10870,36,86835.34,0,RENT,28000,VENTURE,60,9.57,678,6.32,31.59,10,0,0,0
APP-10871,28,76573.28,19,RENT,19000,DEBTCONSOLIDATION,60,9.45,754,26.54,17.97,9,0,1,0
APP-10872,24,35390.7,13,MORTGAGE,30000,PERSONAL,60,14.36,603,15.01,23.38,15,0,0,0
APP-10873,60,33650.69,20,MORTGAGE,34000,DEBTCONSOLIDATION,60,13.43,708,31.42,17.88,12,0,0,0
APP-10874,24,57244.93,17,MORTGAGE,4000,DEBTCONSOLIDATION,36,12.05,778,23.57,61.62,12,0,0,0
APP-10875,45,60864.76,6,RENT,21000,DEBTCONSOLIDATION,36,16.84,580,20.61,9.63,20,0,0,0
APP-10876,23,87595.8,0,MORTGAGE,5000,HOMEIMPROVEMENT,60,8.93,778,10.58,19.02,13,0,0,0
APP-10877,52,77393.03,9,RENT,19000,PERSONAL,60,9.97,736,15.43,33.03,11,0,0,0
APP-10878,23,124162.05,0,MORTGAGE,9000,MEDICAL,36,12.89,701,25.6,62.45,9,1,0,0
APP-10879,47,47401.22,1,RENT,23000,PERSONAL,36,8.2,758,32.86,11.68,7,0,2,0
APP-10880,49,46067.22,3,RENT,23000,DEBTCONSOLIDATION,60,9.38,712,6.94,49.13,7,0,0,0
APP-10881,52,37052.57,13,MORTGAGE,20000,PERSONAL,36,13.59,631,17.76,30.44,11,0,0,0
APP-10882,39,87090.54,9,RENT,29000,DEBTCONSOLIDATION,36,13.0,664,7.35,36.51,13,2,0,0
APP-10883,41,60528.89,5,MORTGAGE,3000,DEBTCONSOLIDATION,36,9.72,684,23.74,13.14,14,2,0,0
APP-10884,25,23699.24,11,RENT,10000,EDUCATION,36,13.98,726,3.21,7.28,7,0,1,0
APP-10885,38,66242.84,1,RENT,36000,PERSONAL,36,13.35,646,22.22,47.7,9,0,0,0
APP-10886,48,68390.22,15,MORTGAGE,23000,HOMEIMPROVEMENT,36,10.96,700,26.64,65.02,5,0,1,0
APP-10887,62,55705.07,14,RENT,27000,MEDICAL,60,13.77,692,10.84,34.8,10,0,1,0
APP-10888,42,69447.57,3,RENT,35000,DEBTCONSOLIDATION,60,10.3,699,2.72,36.66,13,0,0,0
APP-10889,41,32528.83,12,RENT,8000,VENTURE,36,10.56,734,28.55,62.22,15,0,1,0
APP-10890,26,136014.38,9,OWN,31000,VENTURE,36,14.05,663,20.81,79.1,10,4,0,1
APP-10891,21,72412.17,0,MORTGAGE,26000,VENTURE,36,13.35,633,25.83,36.82,8,1,0,0
APP-10892,25,24665.25,4,OWN,10000,DEBTCONSOLIDATION,36,12.95,679,3.89,19.77,10,0,0,0
APP-10893,61,59697.86,20,MORTGAGE,28000,EDUCATION,36,16.92,595,14.92,1.4,9,0,0,0
APP-10894,32,73376.58,0,MORTGAGE,2000,DEBTCONSOLIDATION,36,10.88,721,16.79,32.22,10,0,0,0
APP-10895,46,34321.73,9,MORTGAGE,34000,VENTURE,36,14.61,719,12.36,63.65,8,2,0,0
APP-10896,66,78183.6,17,MORTGAGE,9000,DEBTCONSOLIDATION,60,12.04,701,3.5,48.0,9,0,0,0
APP-10897,54,138754.69,5,RENT,33000,MEDICAL,36,15.53,612,12.23,30.59,14,0,0,0
APP-10898,69,43382.68,4,MORTGAGE,20000,PERSONAL,36,14.58,632,16.2,19.26,11,0,0,0
APP-10899,34,74177.74,18,MORTGAGE,37000,HOMEIMPROVEMENT,60,9.24,787,11.32,14.54,11,0,0,0
APP-10900,46,66456.26,5,MORTGAGE,23000,MEDICAL,36,12.52,674,20.55,53.53,9,1,0,0
APP-10901,65,97162.97,13,RENT,40000,DEBTCONSOLIDATION,60,12.99,734,35.86,30.69,10,0,0,0
APP-10902,47,56702.81,15,MORTGAGE,27000,DEBTCONSOLIDATION,36,9.14,847,7.31,57.85,8,0,0,0
APP-10903,29,35124.06,16,MORTGAGE,4000,DEBTCONSOLIDATION,36,14.28,672,13.57,36.62,10,0,0,0
APP-10904,46,94097.91,20,MORTGAGE,10000,DEBTCONSOLIDATION,36,11.74,719,58.86,3.91,2,0,0,0
APP-10905,67,36183.91,16,OTHER,36000,PERSONAL,36,12.23,685,29.54,7.14,14,2,0,0
APP-10906,42,147920.57,13,MORTGAGE,8000,PERSONAL,60,10.67,729,25.49,20.61,14,0,0,0
APP-10907,67,79251.74,18,RENT,16000,DEBTCONSOLIDATION,60,14.95,721,22.28,52.97,13,0,0,0
APP-10908,50,44380.42,18,MORTGAGE,5000,HOMEIMPROVEMENT,60,11.1,721,23.7,47.61,12,0,0,0
APP-10909,63,104226.93,20,MORTGAGE,38000,PERSONAL,60,6.71,779,22.73,79.63,14,0,0,0
APP-10910,68,59599.68,15,OWN,29000,MEDICAL,36,16.69,646,16.19,47.97,19,0,0,0
APP-10911,37,53599.62,2,MORTGAGE,10000,MEDICAL,36,10.12,701,15.85,80.53,8,0,0,0
APP-10912,46,42598.12,14,RENT,36000,HOMEIMPROVEMENT,36,11.27,686,10.87,23.75,16,0,1,0
APP-10913,56,23409.81,0,RENT,26000,MEDICAL,36,14.89,627,11.03,63.51,11,0,0,0
APP-10914,21,80999.34,5,RENT,10000,MEDICAL,36,12.35,700,6.24,23.06,13,0,0,0
APP-10915,28,26527.48,0,RENT,34000,PERSONAL,36,10.22,758,5.0,29.81,8,0,0,0
APP-10916,69,40269.63,19,MORTGAGE,18000,EDUCATION,60,16.17,602,15.94,51.02,10,0,2,0
APP-10917,55,74341.33,5,RENT,13000,EDUCATION,60,9.54,751,27.0,52.28,15,0,0,0
APP-10918,35,46614.26,14,RENT,10000,DEBTCONSOLIDATION,36,9.46,714,13.5,78.72,15,3,0,0
APP-10919,67,64768.58,11,MORTGAGE,6000,PERSONAL,36,10.23,745,29.18,58.84,4,1,0,0
APP-10920,42,32635.38,0,RENT,27000,DEBTCONSOLIDATION,60,10.91,692,12.09,28.26,17,0,0,0
APP-10921,34,50300.5,11,RENT,20000,HOMEIMPROVEMENT,60,8.18,850,9.07,4.09,12,0,0,0
APP-10922,46,64970.78,13,MORTGAGE,36000,VENTURE,36,11.01,715,6.57,39.17,12,0,0,0
APP-10923,48,37207.43,18,RENT,3000,MEDICAL,60,11.96,703,10.88,6.31,8,0,1,0
APP-10924,43,139132.46,0,MORTGAGE,8000,HOMEIMPROVEMENT,36,14.64,695,20.04,13.38,13,1,0,0
APP-10925,34,43533.59,4,MORTGAGE,10000,PERSONAL,60,14.74,644,27.44,58.4,6,0,0,0
APP-10926,44,119277.55,14,OWN,23000,DEBTCONSOLIDATION,60,12.14,673,7.98,16.11,9,0,0,0
APP-10927,22,55055.51,0,RENT,34000,DEBTCONSOLIDATION,60,13.23,664,19.75,26.36,11,0,0,0
APP-10928,65,27330.6,2,RENT,17000,PERSONAL,36,11.49,726,10.97,61.75,10,0,0,0
APP-10929,46,33912.86,3,MORTGAGE,25000,VENTURE,36,11.6,748,30.2,11.81,14,1,0,0
APP-10930,34,65384.44,13,RENT,9000,VENTURE,36,10.38,756,16.46,65.17,10,0,0,0
APP-10931,27,100346.84,4,MORTGAGE,31000,MEDICAL,36,12.26,667,49.39,13.26,17,0,0,0
APP-10932,23,145057.95,11,RENT,27000,VENTURE,36,17.4,609,25.17,24.93,6,0,0,0
APP-10933,67,63838.35,20,MORTGAGE,36000,DEBTCONSOLIDATION,36,9.37,735,17.49,66.13,7,0,0,0
APP-10934,43,33235.64,16,OWN,18000,DEBTCONSOLIDATION,36,15.46,639,27.37,54.42,10,0,0,0
APP-10935,66,68819.51,5,OWN,39000,PERSONAL,36,10.61,762,44.39,61.58,8,0,0,0
APP-10936,63,39632.02,9,MORTGAGE,11000,DEBTCONSOLIDATION,36,11.47,722,37.26,11.79,9,0,1,0
APP-10937,67,72845.48,2,RENT,18000,DEBTCONSOLIDATION,60,10.0,726,10.42,58.08,7,0,0,0
APP-10938,65,37393.89,0,MORTGAGE,8000,DEBTCONSOLIDATION,60,10.19,651,14.82,31.39,9,1,0,0
APP-10939,38,21061.77,4,MORTGAGE,3000,DEBTCONSOLIDATION,60,11.05,671,11.52,30.38,5,0,0,0
APP-10940,58,115662.05,6,OWN,12000,PERSONAL,60,14.37,661,20.97,36.17,15,0,0,0
APP-10941,55,53465.49,11,OWN,4000,DEBTCONSOLIDATION,60,11.01,756,12.96,37.61,4,0,0,0
APP-10942,35,61379.44,19,OTHER,21000,DEBTCONSOLIDATION,60,17.11,633,23.96,35.22,13,0,0,0
APP-10943,45,98553.09,19,MORTGAGE,14000,DEBTCONSOLIDATION,60,10.81,746,13.39,25.83,8,0,0,0
APP-10944,57,153188.33,0,MORTGAGE,24000,PERSONAL,36,10.89,744,26.65,47.85,10,0,0,0
APP-10945,48,85822.83,12,MORTGAGE,18000,HOMEIMPROVEMENT,60,12.03,681,27.46,73.66,6,2,0,0
APP-10946,30,63038.49,0,OWN,30000,EDUCATION,36,8.34,797,23.2,39.17,8,1,2,0
APP-10947,59,75465.92,13,MORTGAGE,40000,DEBTCONSOLIDATION,36,11.61,722,22.92,20.51,9,0,0,0
APP-10948,37,51668.75,0,MORTGAGE,33000,DEBTCONSOLIDATION,36,19.79,564,28.17,75.8,19,0,0,1
APP-10949,59,60965.12,19,OWN,36000,HOMEIMPROVEMENT,36,12.53,711,11.76,43.15,6,0,0,0
APP-10950,42,64371.86,17,MORTGAGE,36000,DEBTCONSOLIDATION,60,14.3,630,22.15,61.28,9,0,0,0
APP-10951,46,40404.13,0,RENT,35000,PERSONAL,36,12.58,666,6.32,55.74,8,0,0,0
APP-10952,64,60511.38,16,RENT,22000,VENTURE,36,7.2,754,26.02,50.66,10,0,0,0
APP-10953,45,71937.35,12,RENT,17000,DEBTCONSOLIDATION,36,12.52,642,18.79,20.51,11,2,0,0
APP-10954,37,77536.84,9,MORTGAGE,24000,DEBTCONSOLIDATION,36,10.09,749,23.85,20.85,8,0,0,0
APP-10955,33,74508.01,11,MORTGAGE,12000,DEBTCONSOLIDATION,36,12.8,689,18.57,35.75,10,0,0,0
APP-10956,40,,13,MORTGAGE,15000,DEBTCONSOLIDATION,36,11.92,677,3.74,19.09,9,0,0,0
APP-10957,45,110705.57,18,MORTGAGE,4000,DEBTCONSOLIDATION,36,17.15,615,22.37,56.27,14,0,1,0
APP-10958,24,106206.5,15,OWN,8000,DEBTCONSOLIDATION,36,16.24,626,7.39,43.72,8,1,0,0
APP-10959,30,57063.83,11,RENT,12000,HOMEIMPROVEMENT,36,11.41,746,14.28,50.14,9,0,0,0
APP-10960,23,75188.56,17,MORTGAGE,34000,DEBTCONSOLIDATION,60,15.54,659,2.0,45.99,8,0,0,0
APP-10961,61,53729.8,20,RENT,20000,DEBTCONSOLIDATION,36,15.26,671,7.05,17.65,8,0,0,0
APP-10962,65,87201.68,5,MORTGAGE,24000,PERSONAL,36,12.14,686,14.57,35.65,17,0,0,0
APP-10963,38,39849.46,0,MORTGAGE,24000,PERSONAL,36,11.03,718,4.41,52.43,8,0,0,0
APP-10964,67,117152.33,14,MORTGAGE,30000,PERSONAL,36,8.75,797,11.6,48.67,17,0,0,0
APP-10965,56,85059.29,20,MORTGAGE,7000,PERSONAL,36,10.82,727,14.21,16.37,13,0,1,0
APP-10966,67,86052.85,0,RENT,40000,HOMEIMPROVEMENT,60,5.0,850,31.53,50.04,7,0,0,0
APP-10967,42,56810.34,8,RENT,6000,PERSONAL,36,12.11,727,12.47,18.75,12,0,0,0
APP-10968,54,29545.62,0,RENT,33000,PERSONAL,60,15.35,619,15.28,28.17,15,1,0,0
APP-10969,67,93150.09,15,RENT,27000,DEBTCONSOLIDATION,36,14.21,697,25.5,24.98,5,0,0,0
APP-10970,28,30038.02,19,MORTGAGE,15000,EDUCATION,36,5.52,833,22.46,48.5,8,0,0,0
APP-10971,60,93712.45,9,MORTGAGE,19000,DEBTCONSOLIDATION,60,10.13,799,17.03,34.76,14,0,0,0
APP-10972,69,40698.09,7,MORTGAGE,22000,MEDICAL,36,13.31,762,9.82,19.01,11,1,0,0
APP-10973,64,27077.97,18,OWN,26000,DEBTCONSOLIDATION,36,15.06,592,10.08,52.03,11,0,0,1
APP-10974,39,59904.08,1,MORTGAGE,21000,HOMEIMPROVEMENT,60,8.72,779,17.73,51.69,11,0,0,0
APP-10975,62,108163.61,18,RENT,25000,PERSONAL,60,14.17,659,19.6,40.3,9,0,0,0
APP-10976,61,36945.46,7,MORTGAGE,4000,DEBTCONSOLIDATION,60,12.84,707,11.41,35.47,12,0,0,0
APP-10977,57,133188.05,10,MORTGAGE,23000,HOMEIMPROVEMENT,36,9.57,690,18.5,13.69,8,0,0,0
APP-10978,26,83147.4,10,MORTGAGE,9000,PERSONAL,36,14.64,674,25.08,58.21,11,0,0,0
APP-10979,46,64755.88,12,MORTGAGE,30000,DEBTCONSOLIDATION,36,10.1,688,11.91,53.84,5,0,0,0
APP-10980,54,48155.37,19,MORTGAGE,8000,DEBTCONSOLIDATION,60,14.77,668,12.57,51.82,11,0,0,0
APP-10981,65,49863.84,19,OWN,7000,DEBTCONSOLIDATION,36,14.17,572,27.85,31.98,11,0,0,0
APP-10982,26,74241.87,17,OWN,7000,DEBTCONSOLIDATION,60,14.4,615,24.4,29.89,13,0,0,0
APP-10983,57,91401.8,2,OWN,13000,DEBTCONSOLIDATION,36,12.82,728,22.5,40.94,6,0,0,0
APP-10984,53,44500.33,5,MORTGAGE,23000,EDUCATION,36,8.9,769,6.67,68.64,4,0,0,0
APP-10985,42,40004.34,9,OWN,27000,PERSONAL,36,14.03,699,25.06,27.81,12,0,0,0
APP-10986,41,53803.11,18,RENT,26000,HOMEIMPROVEMENT,36,11.21,734,27.56,51.4,5,1,0,0
APP-10987,26,120188.23,10,MORTGAGE,20000,HOMEIMPROVEMENT,36,13.49,674,32.37,21.95,8,0,0,0
APP-10988,26,32583.32,20,RENT,37000,EDUCATION,36,12.63,674,17.88,58.28,10,0,0,0
APP-10989,68,106004.71,20,MORTGAGE,36000,PERSONAL,60,12.53,656,15.46,22.28,18,0,0,0
APP-10990,24,61153.35,11,RENT,14000,PERSONAL,60,18.63,602,29.59,13.51,6,0,0,0
APP-10991,50,26203.03,18,RENT,26000,DEBTCONSOLIDATION,60,11.83,720,3.47,61.85,11,0,0,0
APP-10992,31,47533.21,20,RENT,33000,HOMEIMPROVEMENT,36,10.98,676,32.19,38.9,9,0,0,0
APP-10993,50,81213.28,17,RENT,31000,VENTURE,36,11.26,756,46.6,74.75,11,0,0,0
APP-10994,51,147400.25,13,RENT,22000,DEBTCONSOLIDATION,36,9.29,724,38.38,27.58,6,0,0,0
APP-10995,44,30832.16,17,RENT,9000,PERSONAL,36,11.42,722,10.74,34.75,10,0,0,0
APP-10996,29,18000.0,0,MORTGAGE,8000,PERSONAL,60,10.78,690,16.43,37.58,10,0,0,0
APP-10997,23,31108.1,12,MORTGAGE,4000,DEBTCONSOLIDATION,36,14.22,611,22.33,43.91,7,0,0,0
APP-10998,51,105367.31,3,MORTGAGE,38000,DEBTCONSOLIDATION,60,15.33,625,8.06,32.83,14,0,0,1
APP-10999,60,24419.3,0,MORTGAGE,4000,PERSONAL,60,13.87,668,4.84,61.87,6,1,0,0
APP-11000,57,126579.64,18,MORTGAGE,19000,HOMEIMPROVEMENT,36,8.73,748,9.84,53.85,13,0,1,0
APP-11001,56,109908.61,12,OWN,10000,DEBTCONSOLIDATION,36,11.44,732,6.81,52.49,7,0,0,0
APP-11002,44,65875.25,3,MORTGAGE,25000,PERSONAL,60,5.0,843,14.83,28.48,5,0,0,0
APP-11003,51,43774.96,7,MORTGAGE,8000,HOMEIMPROVEMENT,36,16.92,621,11.04,39.27,8,0,0,0
APP-11004,26,61551.55,20,MORTGAGE,34000,PERSONAL,36,10.87,743,12.71,28.46,9,1,2,0
APP-11005,22,81270.93,17,RENT,26000,MEDICAL,36,14.88,630,19.85,60.87,11,0,0,0
APP-11006,40,75300.21,0,RENT,35000,DEBTCONSOLIDATION,36,9.45,747,30.08,8.48,17,0,0,0
APP-11007,48,142889.9,20,MORTGAGE,39000,DEBTCONSOLIDATION,60,11.17,702,32.43,24.38,11,0,0,0
APP-11008,31,52572.52,6,RENT,22000,DEBTCONSOLIDATION,36,17.36,597,15.3,53.6,10,0,0,1
APP-11009,24,31243.87,14,MORTGAGE,39000,PERSONAL,36,13.56,683,20.98,17.41,10,2,0,0
APP-11010,35,28605.65,14,RENT,19000,DEBTCONSOLIDATION,60,11.16,773,18.02,21.09,12,0,0,0
APP-11011,26,25883.33,18,MORTGAGE,40000,HOMEIMPROVEMENT,36,11.63,691,18.13,42.26,8,2,0,0
APP-11012,69,,18,OWN,34000,MEDICAL,60,11.59,713,17.84,44.1,10,0,0,0
APP-11013,50,53253.33,4,RENT,29000,DEBTCONSOLIDATION,60,11.56,736,5.61,16.45,10,0,3,0
APP-11014,58,60859.75,12,RENT,26000,MEDICAL,36,13.43,662,22.1,40.89,12,0,0,0
APP-11015,22,45773.94,7,RENT,15000,HOMEIMPROVEMENT,36,10.07,783,33.12,62.85,9,0,0,0
APP-11016,35,34369.22,10,MORTGAGE,21000,DEBTCONSOLIDATION,36,11.1,711,18.55,34.75,10,0,0,1
APP-11017,31,81403.04,10,RENT,40000,HOMEIMPROVEMENT,36,8.23,765,11.19,24.87,15,1,0,0
APP-11018,28,18000.0,7,MORTGAGE,21000,DEBTCONSOLIDATION,36,12.55,712,12.54,47.02,18,0,0,0
APP-11019,46,40102.83,8,RENT,8000,HOMEIMPROVEMENT,60,10.42,694,26.75,13.57,14,0,0,0
APP-11020,65,88720.4,3,RENT,5000,MEDICAL,60,17.22,651,4.79,16.74,10,0,1,0
APP-11021,64,38161.44,12,RENT,32000,EDUCATION,36,10.54,738,7.36,7.5,8,0,0,0
APP-11022,25,72826.68,15,MORTGAGE,31000,DEBTCONSOLIDATION,60,13.06,665,9.23,39.04,14,0,0,0
APP-11023,26,40129.64,8,RENT,38000,DEBTCONSOLIDATION,60,13.95,666,48.23,33.74,10,0,0,0
APP-11024,46,47670.95,20,MORTGAGE,22000,MEDICAL,36,18.16,557,12.54,90.39,18,1,0,1
APP-11025,24,79814.48,0,RENT,2000,VENTURE,36,14.01,635,26.89,9.33,6,0,1,0
APP-11026,39,31605.17,11,RENT,4000,VENTURE,36,14.6,647,15.24,39.1,10,1,0,0
APP-11027,40,86910.94,11,RENT,14000,HOMEIMPROVEMENT,36,12.15,685,4.67,27.81,10,1,0,0
APP-11028,53,61264.77,0,MORTGAGE,8000,HOMEIMPROVEMENT,60,13.33,725,19.23,39.61,13,0,0,0
APP-11029,40,112220.33,3,MORTGAGE,7000,HOMEIMPROVEMENT,36,15.32,654,18.66,16.44,8,0,0,0
APP-11030,69,66441.36,18,MORTGAGE,7000,VENTURE,36,13.28,654,20.88,37.48,8,0,0,0
APP-11031,32,35075.45,10,RENT,35000,DEBTCONSOLIDATION,36,9.11,774,38.73,15.6,10,0,0,0
APP-11032,67,142058.92,8,RENT,33000,HOMEIMPROVEMENT,36,9.95,744,20.26,26.39,11,0,0,0
APP-11033,21,36571.65,7,RENT,17000,PERSONAL,36,13.24,674,21.22,28.62,9,4,0,0
APP-11034,46,53445.73,18,RENT,39000,MEDICAL,60,14.57,660,7.29,55.54,12,0,0,1
APP-11035,34,96635.79,6,RENT,9000,MEDICAL,36,16.14,624,7.41,10.65,9,1,0,0
APP-11036,58,23389.35,17,RENT,22000,DEBTCONSOLIDATION,36,12.05,715,23.75,81.21,9,0,0,1
APP-11037,57,122987.07,5,RENT,12000,VENTURE,36,9.86,779,22.38,64.31,8,0,0,0
APP-11038,31,33676.58,10,MORTGAGE,24000,EDUCATION,60,13.65,662,12.93,50.72,10,0,0,0
APP-11039,56,47691.11,1,MORTGAGE,7000,DEBTCONSOLIDATION,36,13.91,697,53.57,61.08,8,0,0,0
APP-11040,33,69177.36,17,RENT,16000,MEDICAL,36,11.4,714,11.71,70.12,11,0,0,0
APP-11041,63,58638.52,14,MORTGAGE,12000,PERSONAL,36,17.1,650,14.95,61.05,8,0,0,0
APP-11042,23,88839.62,10,MORTGAGE,28000,DEBTCONSOLIDATION,36,17.18,624,15.15,51.98,9,0,1,0
APP-11043,53,26892.33,0,RENT,16000,VENTURE,60,15.07,614,28.9,43.67,12,0,0,0
APP-11044,26,86139.7,9,MORTGAGE,39000,MEDICAL,60,9.99,763,8.0,68.66,12,0,0,0
APP-11045,30,89645.76,3,OWN,5000,DEBTCONSOLIDATION,36,8.88,672,14.12,56.71,9,0,0,0
APP-11046,25,100168.89,7,OWN,15000,VENTURE,60,8.48,757,13.56,44.19,10,0,0,0
APP-11047,43,27042.63,17,MORTGAGE,11000,DEBTCONSOLIDATION,36,11.73,700,14.58,46.43,16,1,1,0
APP-11048,30,28725.27,15,MORTGAGE,30000,PERSONAL,60,7.99,805,29.86,38.66,11,2,0,0
APP-11049,64,50453.74,3,MORTGAGE,13000,DEBTCONSOLIDATION,36,16.35,612,6.69,45.11,10,0,0,0
APP-11050,22,30320.74,20,RENT,21000,DEBTCONSOLIDATION,36,11.79,749,15.23,27.88,12,0,0,0
APP-11051,33,24294.76,18,MORTGAGE,38000,EDUCATION,36,11.01,670,18.36,75.17,11,3,0,1
APP-11052,60,49378.38,10,RENT,3000,HOMEIMPROVEMENT,36,14.32,599,23.99,52.97,7,0,0,0
APP-11053,22,,10,MORTGAGE,21000,VENTURE,60,11.91,657,7.5,35.13,5,0,0,0
APP-11054,40,242677.76,18,RENT,13000,DEBTCONSOLIDATION,60,16.55,526,32.07,68.24,13,0,1,1
APP-11055,21,78773.95,12,RENT,39000,PERSONAL,36,16.61,582,12.54,41.97,6,0,0,0
APP-11056,57,143793.71,10,MORTGAGE,31000,DEBTCONSOLIDATION,36,12.78,729,8.58,59.73,14,0,0,0
APP-11057,29,58566.87,15,MORTGAGE,19000,HOMEIMPROVEMENT,36,14.88,685,28.44,5.97,10,1,0,0
APP-11058,37,79204.07,3,RENT,11000,DEBTCONSOLIDATION,36,13.31,724,35.08,28.09,10,0,0,0
APP-11059,29,55655.22,18,MORTGAGE,8000,DEBTCONSOLIDATION,36,9.23,710,10.74,32.3,8,0,0,0
APP-11060,31,229019.31,10,RENT,6000,MEDICAL,36,12.12,688,11.51,45.73,13,0,0,0
APP-11061,35,42497.67,11,MORTGAGE,30000,DEBTCONSOLIDATION,36,10.98,747,15.23,35.1,14,0,1,0
APP-11062,44,45479.31,0,RENT,36000,HOMEIMPROVEMENT,60,16.96,605,25.97,32.24,14,2,0,0
APP-11063,58,89167.36,5,RENT,40000,DEBTCONSOLIDATION,60,6.9,747,16.08,7.92,16,0,0,0
APP-11064,55,66418.87,7,RENT,13000,DEBTCONSOLIDATION,60,12.03,678,25.92,51.59,10,1,0,0
APP-11065,50,48432.14,7,RENT,11000,DEBTCONSOLIDATION,36,14.84,693,36.46,18.74,10,0,0,1
APP-11066,51,96779.32,15,MORTGAGE,38000,MEDICAL,36,9.56,775,20.14,9.88,6,0,0,0
APP-11067,69,58654.9,4,RENT,3000,MEDICAL,36,17.93,604,19.2,28.08,9,0,0,0
APP-11068,25,58448.52,2,MORTGAGE,4000,PERSONAL,60,12.51,725,12.55,37.69,11,1,0,0
APP-11069,64,67190.77,11,RENT,15000,HOMEIMPROVEMENT,36,14.13,627,12.93,61.18,3,0,0,0
APP-11070,34,25158.21,12,RENT,21000,PERSONAL,36,10.53,774,18.54,35.19,11,0,0,0
APP-11071,31,26994.08,1,MORTGAGE,5000,DEBTCONSOLIDATION,36,10.47,799,19.09,44.67,9,0,0,0
APP-11072,29,103099.29,0,RENT,27000,DEBTCONSOLIDATION,36,10.7,732,24.57,20.67,10,0,0,0
APP-11073,54,42681.43,19,RENT,16000,PERSONAL,36,9.55,750,18.54,68.3,4,1,0,0
APP-11074,32,56023.38,0,RENT,10000,HOMEIMPROVEMENT,60,15.69,565,7.49,48.5,10,0,0,0
APP-11075,55,134083.67,18,RENT,4000,DEBTCONSOLIDATION,36,15.46,651,32.97,38.68,11,0,0,0
APP-11076,55,57300.59,7,MORTGAGE,3000,HOMEIMPROVEMENT,36,14.11,690,18.68,45.36,8,5,0,0
APP-11077,21,53903.76,13,MORTGAGE,40000,EDUCATION,60,10.74,710,28.81,37.47,11,0,0,0
APP-11078,60,93717.37,2,RENT,31000,DEBTCONSOLIDATION,36,11.9,662,4.15,38.95,13,0,0,0
APP-11079,42,44394.35,16,MORTGAGE,38000,DEBTCONSOLIDATION,36,12.92,661,22.41,37.19,12,0,0,0
APP-11080,49,109257.7,2,OTHER,18000,MEDICAL,36,14.04,644,18.27,21.12,8,0,0,0
APP-11081,28,92760.76,7,OWN,4000,DEBTCONSOLIDATION,36,13.75,692,10.02,74.82,8,0,0,0
APP-11082,31,149517.18,3,RENT,10000,VENTURE,60,17.08,636,16.41,38.52,16,1,0,0
APP-11083,61,42396.81,17,RENT,9000,HOMEIMPROVEMENT,36,15.95,573,17.64,64.06,16,0,0,0
APP-11084,57,118597.1,17,MORTGAGE,10000,DEBTCONSOLIDATION,36,21.36,520,30.29,23.74,9,0,0,0
APP-11085,34,78987.59,6,RENT,18000,DEBTCONSOLIDATION,36,10.04,720,24.59,15.78,9,0,0,0
APP-11086,50,30863.11,5,RENT,25000,PERSONAL,36,13.5,696,13.58,75.1,12,1,0,0
APP-11087,55,18000.0,15,RENT,9000,DEBTCONSOLIDATION,60,14.67,689,37.68,27.99,6,0,0,1
APP-11088,41,40174.45,18,RENT,15000,MEDICAL,36,9.16,748,7.78,56.07,6,0,0,0
APP-11089,57,69298.18,12,MORTGAGE,17000,PERSONAL,36,14.52,595,3.76,34.21,10,0,0,0
APP-11090,25,74508.91,19,MORTGAGE,19000,DEBTCONSOLIDATION,36,13.37,681,30.16,37.14,7,2,0,0
APP-11091,39,58131.3,6,RENT,25000,DEBTCONSOLIDATION,36,11.34,775,11.34,51.93,7,0,1,0
APP-11092,34,58392.07,1,MORTGAGE,40000,VENTURE,60,13.36,666,38.45,61.95,6,0,0,1
APP-11093,46,56218.62,2,MORTGAGE,28000,HOMEIMPROVEMENT,36,14.54,677,12.53,45.71,13,0,0,0
APP-11094,24,100268.67,13,MORTGAGE,29000,HOMEIMPROVEMENT,36,11.68,748,18.51,40.61,12,0,0,0
APP-11095,45,29197.99,7,OWN,8000,DEBTCONSOLIDATION,36,11.13,674,21.11,63.9,13,1,1,1
APP-11096,65,68469.59,1,OTHER,35000,HOMEIMPROVEMENT,60,16.69,581,25.72,41.42,12,0,1,1
APP-11097,62,39680.87,4,MORTGAGE,28000,MEDICAL,36,14.58,681,26.59,38.57,11,0,0,0
APP-11098,45,38052.78,10,MORTGAGE,35000,VENTURE,36,12.87,649,16.41,36.17,8,0,0,1
APP-11099,38,107808.88,1,RENT,40000,DEBTCONSOLIDATION,36,14.37,615,31.11,26.45,7,0,0,0
APP-11100,60,36620.68,0,MORTGAGE,20000,MEDICAL,36,11.56,771,13.75,47.34,15,0,0,0
APP-11101,28,55839.73,19,MORTGAGE,7000,DEBTCONSOLIDATION,36,12.08,702,13.29,41.21,12,0,1,0
APP-11102,59,159412.3,5,MORTGAGE,31000,PERSONAL,36,11.33,748,14.83,24.29,7,0,0,0
APP-11103,60,91038.56,3,RENT,29000,MEDICAL,36,13.48,597,10.82,6.49,10,0,0,0
APP-11104,34,47691.8,14,RENT,13000,VENTURE,36,14.29,670,9.86,35.33,12,2,0,0
APP-11105,52,49702.65,17,RENT,16000,HOMEIMPROVEMENT,36,9.73,744,5.62,13.3,14,0,0,0
APP-11106,58,32415.71,12,MORTGAGE,40000,MEDICAL,60,9.39,718,5.22,44.24,13,2,0,0
APP-11107,53,114728.37,4,OTHER,40000,HOMEIMPROVEMENT,60,9.73,764,23.58,86.99,7,0,0,0
APP-11108,43,99277.67,17,RENT,16000,DEBTCONSOLIDATION,36,15.0,662,16.73,20.8,9,0,0,0
APP-11109,35,84398.18,9,OWN,37000,DEBTCONSOLIDATION,36,13.92,696,22.52,32.3,12,0,0,0
APP-11110,53,89180.39,6,RENT,4000,PERSONAL,36,12.27,701,44.22,34.97,14,0,0,0
APP-11111,45,40649.33,12,OWN,2000,PERSONAL,60,11.44,706,28.81,50.49,12,2,0,0
APP-11112,37,27613.05,14,MORTGAGE,8000,DEBTCONSOLIDATION,60,10.28,696,35.25,56.22,13,1,0,0
APP-11113,53,79242.67,11,RENT,10000,MEDICAL,36,14.56,664,58.08,47.41,10,0,0,0
APP-11114,67,93365.66,19,RENT,2000,DEBTCONSOLIDATION,36,10.92,737,13.66,8.59,8,1,0,0
APP-11115,22,133722.67,12,RENT,6000,HOMEIMPROVEMENT,36,11.05,729,17.52,29.37,10,0,0,0
APP-11116,34,54152.26,18,OTHER,37000,MEDICAL,36,11.69,704,15.12,24.9,13,1,0,0
APP-11117,60,50343.48,11,RENT,11000,HOMEIMPROVEMENT,36,15.6,647,5.45,57.85,8,0,0,0
APP-11118,60,53123.25,5,MORTGAGE,3000,DEBTCONSOLIDATION,36,14.4,673,8.74,25.63,7,0,0,0
APP-11119,59,83731.62,10,RENT,24000,EDUCATION,60,17.57,597,16.73,48.2,9,1,1,1
APP-11120,26,51997.73,0,OWN,40000,DEBTCONSOLIDATION,60,14.87,661,33.53,85.33,13,0,2,1
APP-11121,26,58330.5,3,RENT,30000,DEBTCONSOLIDATION,60,12.14,691,35.0,20.76,7,0,0,0
APP-11122,23,90719.39,15,RENT,20000,DEBTCONSOLIDATION,60,9.93,747,25.1,47.76,11,0,0,0
APP-11123,27,43786.55,13,RENT,39000,HOMEIMPROVEMENT,36,13.94,651,18.37,17.18,16,0,0,0
APP-11124,28,120039.6,2,MORTGAGE,21000,VENTURE,36,13.64,662,4.88,56.03,13,0,0,0
APP-11125,62,82169.91,8,RENT,13000,DEBTCONSOLIDATION,36,11.93,745,20.54,62.69,9,1,0,0
APP-11126,35,23651.69,1,MORTGAGE,12000,EDUCATION,36,10.01,764,12.56,14.75,11,0,0,0
APP-11127,67,46273.42,17,RENT,36000,DEBTCONSOLIDATION,60,13.08,676,28.64,16.89,11,0,0,0
APP-11128,49,21759.99,0,MORTGAGE,8000,DEBTCONSOLIDATION,36,11.95,728,8.48,42.52,11,0,0,0
APP-11129,53,54266.39,13,MORTGAGE,24000,PERSONAL,60,15.28,639,8.31,28.27,11,2,0,0
APP-11130,50,46669.42,12,RENT,18000,VENTURE,60,11.27,700,26.15,6.06,10,0,0,0
APP-11131,59,90892.01,9,RENT,3000,DEBTCONSOLIDATION,36,12.26,687,5.74,22.25,6,0,0,0
APP-11132,47,38541.5,4,MORTGAGE,6000,DEBTCONSOLIDATION,36,13.68,625,18.71,60.28,11,0,0,0
APP-11133,56,72683.34,7,RENT,22000,PERSONAL,60,11.16,708,4.54,30.68,12,0,0,0
APP-11134,49,79572.5,16,RENT,14000,PERSONAL,36,15.49,662,28.31,66.85,10,0,0,0
APP-11135,58,68090.8,15,MORTGAGE,12000,DEBTCONSOLIDATION,36,10.11,794,18.63,38.53,12,0,0,0
APP-11136,53,105880.01,15,RENT,25000,DEBTCONSOLIDATION,60,15.02,653,12.06,14.4,8,0,0,0
APP-11137,57,168407.92,15,MORTGAGE,34000,DEBTCONSOLIDATION,36,17.55,588,13.18,46.41,9,0,0,0
APP-11138,47,63320.92,1,RENT,28000,HOMEIMPROVEMENT,36,8.92,694,13.33,23.54,10,0,0,0
APP-11139,53,73320.08,0,RENT,36000,DEBTCONSOLIDATION,36,10.92,732,7.09,55.05,11,0,0,0
APP-11140,24,38555.79,17,MORTGAGE,19000,DEBTCONSOLIDATION,36,13.63,673,28.65,32.77,8,0,0,0
APP-11141,42,35962.73,17,RENT,22000,DEBTCONSOLIDATION,36,10.49,716,13.09,33.23,10,1,0,0
APP-11142,22,100399.73,13,RENT,5000,DEBTCONSOLIDATION,36,8.69,737,31.52,19.24,14,0,0,0
APP-11143,30,93973.0,12,MORTGAGE,33000,PERSONAL,36,13.08,669,6.24,20.63,10,0,0,0
APP-11144,25,35781.64,6,RENT,12000,DEBTCONSOLIDATION,36,8.09,846,13.23,18.28,10,0,0,0
APP-11145,30,31128.83,3,MORTGAGE,4000,DEBTCONSOLIDATION,36,14.66,675,22.8,29.63,15,3,0,0
APP-11146,53,43288.04,13,OWN,22000,DEBTCONSOLIDATION,60,6.65,803,15.21,27.64,10,0,0,0
APP-11147,58,55787.83,19,MORTGAGE,15000,HOMEIMPROVEMENT,36,11.17,747,31.07,17.2,10,0,0,0
APP-11148,33,48797.62,8,RENT,7000,PERSONAL,36,7.1,790,8.19,41.54,11,0,0,0
APP-11149,51,64877.58,5,MORTGAGE,30000,PERSONAL,36,11.59,736,14.47,19.17,10,0,0,0
APP-11150,67,94705.87,4,RENT,32000,DEBTCONSOLIDATION,60,10.64,717,8.23,9.0,6,0,0,0
APP-11151,56,75436.93,0,RENT,29000,HOMEIMPROVEMENT,36,15.23,644,12.0,43.69,7,0,0,0
APP-11152,65,78281.02,10,MORTGAGE,37000,DEBTCONSOLIDATION,36,14.12,664,51.01,35.53,7,1,0,0
APP-11153,44,18000.0,20,RENT,29000,DEBTCONSOLIDATION,36,17.32,633,16.06,22.69,15,0,0,0
APP-11154,35,26716.82,16,RENT,20000,VENTURE,36,11.92,712,2.0,39.36,14,0,2,0
APP-11155,49,40206.0,18,RENT,4000,PERSONAL,36,10.95,758,16.07,38.03,8,0,0,0
APP-11156,28,43665.05,12,OTHER,13000,HOMEIMPROVEMENT,36,13.23,703,20.8,28.19,10,0,0,0
APP-11157,25,91118.3,9,RENT,37000,VENTURE,36,10.64,729,15.29,39.95,12,0,0,0
APP-11158,49,38582.31,20,RENT,25000,EDUCATION,36,11.74,764,18.19,46.73,7,0,0,0
APP-11159,67,83572.0,8,MORTGAGE,13000,HOMEIMPROVEMENT,36,17.57,656,4.69,13.12,22,2,0,0
APP-11160,24,40434.84,19,MORTGAGE,25000,DEBTCONSOLIDATION,60,10.83,733,6.83,20.16,8,0,1,0
APP-11161,32,32845.1,15,RENT,2000,PERSONAL,36,8.69,768,8.29,49.69,13,0,0,0
APP-11162,65,33616.6,5,OWN,29000,PERSONAL,36,7.25,745,27.66,39.89,7,0,0,0
APP-11163,22,185189.19,9,RENT,17000,DEBTCONSOLIDATION,36,12.85,780,18.1,52.52,11,2,0,0
APP-11164,47,,7,RENT,22000,DEBTCONSOLIDATION,36,11.54,768,7.96,8.57,12,0,0,0
APP-11165,51,84583.43,1,RENT,31000,PERSONAL,36,14.99,636,6.58,29.99,9,0,0,0
APP-11166,56,27471.4,6,MORTGAGE,35000,DEBTCONSOLIDATION,36,14.87,667,16.57,11.61,7,2,0,0
APP-11167,56,121718.28,18,RENT,27000,DEBTCONSOLIDATION,36,9.91,721,11.26,22.51,8,0,2,0
APP-11168,46,71290.66,15,MORTGAGE,36000,VENTURE,36,14.49,696,29.69,21.69,9,0,0,0
APP-11169,63,68664.63,4,OWN,32000,MEDICAL,36,17.82,558,18.84,9.8,7,0,0,0
APP-11170,47,73637.79,6,RENT,17000,DEBTCONSOLIDATION,36,17.5,546,19.17,65.14,8,0,0,0
APP-11171,25,77808.03,12,OTHER,30000,DEBTCONSOLIDATION,60,17.24,570,27.02,13.53,8,0,0,0
APP-11172,40,89727.59,7,RENT,30000,MEDICAL,36,9.41,747,32.92,37.67,8,0,0,0
APP-11173,31,44375.88,9,RENT,10000,DEBTCONSOLIDATION,60,10.79,712,19.4,47.15,12,0,1,0
APP-11174,30,43096.88,14,MORTGAGE,15000,PERSONAL,60,11.49,673,12.75,17.07,12,0,0,0
APP-11175,60,61366.04,8,MORTGAGE,9000,DEBTCONSOLIDATION,60,14.3,655,17.76,10.16,13,0,0,0
APP-11176,58,84306.47,2,MORTGAGE,3000,DEBTCONSOLIDATION,60,11.21,739,11.5,15.09,7,0,0,0
APP-11177,26,57911.56,10,MORTGAGE,12000,PERSONAL,36,8.55,730,26.61,27.0,5,0,0,0
APP-11178,28,88163.73,6,OWN,3000,MEDICAL,36,13.76,598,16.48,38.97,10,0,0,0
APP-11179,43,81545.66,4,MORTGAGE,19000,PERSONAL,36,16.25,633,25.75,61.51,10,0,1,0
APP-11180,67,53718.27,5,RENT,6000,EDUCATION,36,14.56,668,17.72,52.23,9,0,1,0
APP-11181,46,24994.47,8,OWN,8000,DEBTCONSOLIDATION,36,13.27,659,6.28,51.78,14,0,0,0
APP-11182,66,46547.85,18,OWN,24000,VENTURE,36,14.76,671,11.52,25.03,11,0,0,0
APP-11183,63,143114.26,14,RENT,20000,DEBTCONSOLIDATION,60,11.55,653,15.25,29.38,6,0,2,0
APP-11184,32,70971.23,13,MORTGAGE,20000,DEBTCONSOLIDATION,60,15.93,641,10.08,76.48,16,0,0,0
APP-11185,46,43487.33,8,MORTGAGE,20000,DEBTCONSOLIDATION,36,8.15,712,22.3,43.16,11,0,0,0
APP-11186,33,67868.4,0,MORTGAGE,29000,MEDICAL,36,11.88,709,21.95,54.38,12,0,0,1
APP-11187,60,83979.0,6,RENT,12000,HOMEIMPROVEMENT,36,18.55,570,34.09,38.73,10,0,0,1
APP-11188,38,43497.87,16,MORTGAGE,12000,DEBTCONSOLIDATION,36,14.76,650,20.46,38.24,7,0,0,0
APP-11189,45,111045.13,7,OWN,10000,DEBTCONSOLIDATION,36,18.63,576,16.85,24.89,16,0,2,0
APP-11190,53,76714.73,11,RENT,15000,VENTURE,36,9.14,782,6.61,7.4,9,0,2,0
APP-11191,67,34545.95,2,MORTGAGE,35000,MEDICAL,36,12.74,688,8.88,35.71,12,0,0,0
APP-11192,60,91874.9,19,MORTGAGE,30000,HOMEIMPROVEMENT,60,15.44,667,12.51,35.56,11,1,0,1
APP-11193,63,48785.74,19,RENT,22000,PERSONAL,36,13.44,715,9.06,34.82,8,0,0,0
APP-11194,32,54744.64,1,RENT,6000,DEBTCONSOLIDATION,36,9.81,755,6.55,39.83,10,0,0,0
APP-11195,64,36026.7,14,MORTGAGE,34000,DEBTCONSOLIDATION,36,17.45,576,21.33,36.58,11,0,0,1
APP-11196,56,82102.46,0,RENT,10000,DEBTCONSOLIDATION,36,13.55,639,22.06,25.84,7,0,0,0
APP-11197,68,55579.37,11,RENT,4000,DEBTCONSOLIDATION,36,14.65,689,27.12,30.17,10,0,0,0
APP-11198,24,83857.86,2,MORTGAGE,15000,DEBTCONSOLIDATION,60,15.3,618,9.61,42.33,9,0,0,0
APP-11199,25,45456.4,1,MORTGAGE,19000,PERSONAL,36,14.8,649,8.43,37.69,5,0,0,0
APP-11200,57,42928.81,0,RENT,13000,MEDICAL,36,16.3,582,16.33,30.1,11,1,1,0
APP-11201,28,41224.23,19,MORTGAGE,24000,MEDICAL,60,9.87,635,7.84,24.17,14,1,0,1
APP-11202,62,72985.5,17,MORTGAGE,15000,PERSONAL,36,13.14,640,11.23,36.66,9,0,0,0
APP-11203,69,42609.18,0,RENT,17000,DEBTCONSOLIDATION,36,7.01,787,9.76,33.09,10,0,0,0
APP-11204,48,54092.11,11,MORTGAGE,38000,DEBTCONSOLIDATION,36,11.87,727,6.22,19.48,11,2,1,1
APP-11205,51,46202.38,3,MORTGAGE,21000,MEDICAL,36,12.03,608,11.09,41.5,4,0,3,1
APP-11206,29,74610.91,4,RENT,21000,DEBTCONSOLIDATION,60,14.38,657,9.35,28.64,5,0,0,0
APP-11207,49,25143.35,18,OWN,16000,DEBTCONSOLIDATION,60,10.54,708,23.08,7.0,10,0,1,1
APP-11208,34,67745.71,0,MORTGAGE,26000,DEBTCONSOLIDATION,60,15.03,642,29.43,26.97,7,0,0,0
APP-11209,60,142296.98,11,RENT,18000,DEBTCONSOLIDATION,60,14.28,649,14.68,33.58,9,0,0,0
APP-11210,61,111080.79,7,RENT,13000,DEBTCONSOLIDATION,36,9.11,787,22.21,71.33,10,0,0,0
APP-11211,42,43988.06,2,MORTGAGE,40000,PERSONAL,36,17.02,616,10.89,50.8,10,0,1,1
APP-11212,31,76672.69,8,RENT,8000,HOMEIMPROVEMENT,60,9.83,814,5.48,28.02,10,0,2,0
APP-11213,43,69583.5,19,RENT,9000,DEBTCONSOLIDATION,36,17.41,615,24.73,67.46,9,0,0,0
APP-11214,21,124828.49,16,RENT,25000,PERSONAL,36,16.24,563,37.22,45.04,7,0,0,0
APP-11215,66,18000.0,1,MORTGAGE,26000,DEBTCONSOLIDATION,60,7.53,787,5.35,15.93,12,0,0,0
APP-11216,57,104446.86,17,RENT,22000,DEBTCONSOLIDATION,60,13.7,707,3.67,50.67,6,0,1,0
APP-11217,41,52377.96,19,OWN,34000,DEBTCONSOLIDATION,60,12.06,680,18.49,27.42,12,0,0,0
APP-11218,46,41290.41,4,MORTGAGE,11000,DEBTCONSOLIDATION,36,9.78,713,2.85,51.67,13,0,0,0
APP-11219,66,40704.71,5,MORTGAGE,23000,DEBTCONSOLIDATION,36,14.06,603,8.96,14.88,12,0,0,0
APP-11220,56,31258.51,1,MORTGAGE,20000,VENTURE,36,14.23,656,2.76,57.26,11,0,2,0
APP-11221,43,44043.84,6,MORTGAGE,30000,DEBTCONSOLIDATION,60,10.37,747,10.11,6.99,12,0,0,0
APP-11222,21,34896.19,13,MORTGAGE,4000,DEBTCONSOLIDATION,36,15.9,648,6.88,24.08,11,0,0,0
APP-11223,60,65519.86,4,MORTGAGE,40000,MEDICAL,36,12.28,647,33.93,46.48,9,1,0,1
APP-11224,35,80416.03,0,RENT,5000,HOMEIMPROVEMENT,60,8.03,759,16.89,54.33,8,1,0,0
APP-11225,41,52665.36,5,RENT,38000,EDUCATION,36,12.5,686,8.39,55.14,8,0,0,0
APP-11226,67,126736.02,8,MORTGAGE,32000,DEBTCONSOLIDATION,60,9.06,711,21.44,34.35,10,0,0,0
APP-11227,29,45514.64,11,MORTGAGE,7000,DEBTCONSOLIDATION,60,15.11,604,35.22,47.85,9,0,0,0
APP-11228,29,51306.3,13,RENT,29000,DEBTCONSOLIDATION,60,14.06,690,10.72,21.14,10,0,0,0
APP-11229,30,47265.2,0,RENT,11000,VENTURE,60,12.95,773,10.45,19.2,11,0,0,0
APP-11230,46,80765.84,8,MORTGAGE,13000,DEBTCONSOLIDATION,36,16.07,581,8.22,33.32,7,0,1,0
APP-11231,61,84947.33,4,RENT,3000,DEBTCONSOLIDATION,36,14.15,631,17.12,38.54,9,0,1,0
APP-11232,55,76702.03,19,OWN,4000,HOMEIMPROVEMENT,60,10.33,762,31.75,18.92,9,0,0,0
APP-11233,45,56271.62,6,MORTGAGE,2000,HOMEIMPROVEMENT,36,12.92,713,14.27,80.77,12,0,0,0
APP-11234,46,30628.57,0,RENT,36000,EDUCATION,36,16.13,641,27.23,25.44,15,0,0,0
APP-11235,31,51035.65,0,RENT,25000,EDUCATION,36,12.01,684,17.58,78.67,9,0,0,0
APP-11236,58,125375.67,4,RENT,35000,HOMEIMPROVEMENT,36,15.02,671,35.4,28.91,14,0,0,0
APP-11237,22,99371.33,2,RENT,21000,DEBTCONSOLIDATION,60,16.85,555,22.37,19.1,6,0,0,0
APP-11238,27,69357.2,13,OWN,17000,PERSONAL,36,15.05,693,22.69,18.57,10,0,0,0
APP-11239,38,49403.37,17,MORTGAGE,31000,PERSONAL,36,17.55,596,9.19,34.9,13,0,0,1
APP-11240,47,59467.83,5,OWN,40000,DEBTCONSOLIDATION,36,10.96,706,16.9,21.1,5,0,0,0
APP-11241,54,49513.36,11,MORTGAGE,26000,DEBTCONSOLIDATION,36,16.39,594,20.13,45.4,14,0,0,0
APP-11242,47,108719.43,14,MORTGAGE,6000,DEBTCONSOLIDATION,36,10.27,741,10.9,51.78,9,0,0,0
APP-11243,37,39360.44,7,OWN,30000,DEBTCONSOLIDATION,60,13.89,683,10.04,37.61,6,0,0,0
APP-11244,63,95019.24,0,OWN,38000,EDUCATION,36,14.91,618,10.2,61.15,5,0,1,0
APP-11245,64,45954.12,3,MORTGAGE,29000,MEDICAL,36,14.22,619,16.76,49.8,13,0,0,0
APP-11246,44,115897.73,18,MORTGAGE,24000,HOMEIMPROVEMENT,36,15.07,648,17.85,29.48,10,0,0,0
APP-11247,45,74116.09,17,MORTGAGE,33000,DEBTCONSOLIDATION,60,13.53,683,2.62,41.89,5,0,0,0
APP-11248,27,41163.46,0,RENT,19000,MEDICAL,36,11.51,671,33.21,40.85,7,0,0,0
APP-11249,26,51294.76,3,RENT,36000,DEBTCONSOLIDATION,36,14.27,705,22.56,44.46,8,0,0,1
APP-11250,44,85461.42,15,MORTGAGE,25000,PERSONAL,60,13.76,700,12.32,40.54,13,0,0,0
APP-11251,53,46650.02,9,MORTGAGE,29000,MEDICAL,36,11.94,745,23.53,4.92,10,0,1,0
APP-11252,69,60540.52,15,MORTGAGE,37000,DEBTCONSOLIDATION,36,7.93,816,25.42,17.17,11,0,0,0
APP-11253,49,46329.21,3,MORTGAGE,22000,MEDICAL,36,11.65,675,44.59,17.5,7,0,0,0
APP-11254,63,144286.84,19,MORTGAGE,6000,DEBTCONSOLIDATION,36,14.91,679,3.93,21.46,8,4,0,0
APP-11255,42,157241.16,16,RENT,27000,MEDICAL,60,10.94,712,23.99,40.33,7,1,0,0
APP-11256,46,124437.89,2,RENT,24000,DEBTCONSOLIDATION,36,13.21,642,7.0,21.05,13,0,0,0
APP-11257,48,56264.16,10,RENT,34000,DEBTCONSOLIDATION,60,16.06,606,11.42,37.34,15,0,0,1
APP-11258,41,48953.38,0,RENT,27000,PERSONAL,36,11.82,641,51.28,28.43,17,0,1,0
APP-11259,69,40555.16,6,MORTGAGE,23000,DEBTCONSOLIDATION,36,13.27,688,6.08,32.26,6,0,2,0
APP-11260,27,129037.8,13,RENT,21000,PERSONAL,36,11.14,703,13.24,62.73,10,0,0,0
APP-11261,37,95354.98,5,RENT,3000,PERSONAL,36,8.19,810,9.07,61.69,8,0,0,0
APP-11262,40,97673.0,13,RENT,19000,PERSONAL,60,17.49,592,28.35,20.97,9,0,3,0
APP-11263,61,52840.65,3,MORTGAGE,6000,EDUCATION,36,14.11,705,7.94,61.77,10,0,0,0
APP-11264,69,24860.89,14,RENT,33000,DEBTCONSOLIDATION,36,15.17,669,31.26,34.46,13,5,0,0
APP-11265,40,27889.94,6,MORTGAGE,12000,DEBTCONSOLIDATION,60,12.47,757,17.08,73.22,14,0,0,0
APP-11266,42,61624.64,16,RENT,22000,VENTURE,36,15.36,616,52.71,39.68,13,0,2,1
APP-11267,48,46104.36,1,RENT,23000,DEBTCONSOLIDATION,36,7.64,733,13.93,40.65,11,0,0,0
APP-11268,60,43527.55,6,MORTGAGE,4000,DEBTCONSOLIDATION,60,13.72,655,18.43,63.26,8,0,0,0
APP-11269,69,71152.03,8,OWN,10000,PERSONAL,60,11.8,744,10.6,6.42,15,0,0,0
APP-11270,27,99392.3,7,MORTGAGE,3000,PERSONAL,36,12.08,684,11.73,21.77,13,0,1,0
APP-11271,21,42166.72,8,MORTGAGE,29000,HOMEIMPROVEMENT,60,10.45,738,37.55,77.25,9,0,1,0
APP-11272,52,,8,MORTGAGE,35000,DEBTCONSOLIDATION,36,10.24,709,29.07,11.37,15,2,0,0
APP-11273,33,42670.56,20,MORTGAGE,11000,EDUCATION,36,16.08,627,9.11,75.52,12,0,0,0
APP-11274,50,35525.93,2,RENT,20000,HOMEIMPROVEMENT,36,16.25,565,12.28,47.43,14,1,0,0
APP-11275,43,80532.52,15,MORTGAGE,30000,HOMEIMPROVEMENT,36,9.14,779,4.81,24.7,11,0,0,0
APP-11276,39,59751.26,10,OWN,3000,MEDICAL,36,14.31,671,37.11,54.34,7,1,0,0
APP-11277,52,153314.19,7,MORTGAGE,7000,DEBTCONSOLIDATION,36,9.94,765,32.98,65.8,12,0,0,0
APP-11278,50,86451.82,12,MORTGAGE,8000,HOMEIMPROVEMENT,60,15.31,685,20.7,36.09,8,0,0,0
APP-11279,49,148290.44,17,MORTGAGE,37000,VENTURE,60,10.1,748,23.22,10.59,9,0,0,0
APP-11280,69,29675.06,8,RENT,9000,DEBTCONSOLIDATION,60,12.17,631,22.87,32.26,8,0,0,0
APP-11281,65,18000.0,17,MORTGAGE,20000,VENTURE,36,13.48,699,18.13,33.57,10,1,0,0
APP-11282,49,67608.97,0,MORTGAGE,11000,EDUCATION,36,7.04,850,23.72,39.37,9,0,0,0
APP-11283,50,63679.0,13,OWN,34000,PERSONAL,36,15.97,630,15.26,35.99,7,0,0,0
APP-11284,36,56308.87,5,OWN,38000,PERSONAL,60,10.81,726,20.3,47.23,10,4,0,0
APP-11285,60,62811.81,7,MORTGAGE,39000,PERSONAL,36,13.34,687,7.71,33.76,10,3,0,0
APP-11286,39,34131.87,11,OTHER,28000,HOMEIMPROVEMENT,60,11.51,714,2.58,7.57,8,0,0,0
APP-11287,38,79347.27,9,RENT,30000,PERSONAL,60,10.38,693,2.96,43.42,17,0,0,0
APP-11288,21,86517.04,6,OWN,20000,VENTURE,36,17.63,582,16.85,62.48,8,5,0,0
APP-11289,34,32863.75,5,RENT,19000,PERSONAL,36,12.59,718,26.59,29.5,15,0,0,0
APP-11290,67,,12,RENT,24000,PERSONAL,60,13.5,712,16.03,35.7,8,0,0,0
APP-11291,22,51744.22,9,MORTGAGE,2000,HOMEIMPROVEMENT,36,5.6,786,23.64,60.17,9,0,0,0
APP-11292,48,42812.89,5,MORTGAGE,4000,HOMEIMPROVEMENT,60,15.41,616,11.33,8.77,6,0,0,0
APP-11293,69,33504.79,2,OWN,11000,VENTURE,36,11.5,706,9.09,57.43,15,0,0,0
APP-11294,50,60249.68,15,MORTGAGE,8000,MEDICAL,60,16.71,619,6.9,11.53,10,0,0,0
APP-11295,58,68213.84,16,OWN,27000,DEBTCONSOLIDATION,36,10.76,751,5.1,24.03,6,3,0,0
APP-11296,24,44130.61,3,RENT,17000,DEBTCONSOLIDATION,60,10.65,733,27.09,17.58,7,3,0,0
APP-11297,21,34703.84,4,MORTGAGE,40000,PERSONAL,60,15.74,674,7.42,62.93,13,0,0,1
APP-11298,28,73517.49,3,MORTGAGE,33000,MEDICAL,60,18.56,610,16.18,26.6,15,0,0,0
APP-11299,49,40796.02,18,MORTGAGE,13000,VENTURE,36,15.07,690,10.56,21.12,8,0,0,0
APP-11300,59,51297.5,15,RENT,9000,PERSONAL,36,12.19,721,15.47,51.92,7,0,0,0
APP-11301,23,48144.48,0,MORTGAGE,9000,PERSONAL,36,9.76,755,15.22,93.07,12,0,0,0
APP-11302,52,111619.87,17,MORTGAGE,12000,HOMEIMPROVEMENT,36,18.67,611,10.45,51.22,12,0,0,0
APP-11303,30,41742.9,0,MORTGAGE,34000,PERSONAL,36,17.01,629,19.71,42.86,9,0,0,0
APP-11304,30,141883.74,4,MORTGAGE,26000,DEBTCONSOLIDATION,60,16.39,626,24.69,26.94,10,0,0,0
APP-11305,39,,19,RENT,18000,DEBTCONSOLIDATION,60,12.72,676,9.87,36.03,10,0,0,0
APP-11306,66,148813.53,17,RENT,32000,DEBTCONSOLIDATION,36,12.4,653,17.1,22.28,8,0,0,0
APP-11307,54,83476.41,16,RENT,20000,HOMEIMPROVEMENT,36,9.11,741,8.12,54.17,8,0,0,0
APP-11308,53,53609.3,8,OWN,16000,DEBTCONSOLIDATION,60,11.64,722,16.18,40.22,9,0,0,0
APP-11309,43,37847.37,5,MORTGAGE,36000,HOMEIMPROVEMENT,36,11.93,736,13.62,32.16,12,0,0,0
APP-11310,48,50125.96,18,MORTGAGE,40000,PERSONAL,60,7.19,763,6.71,6.81,7,0,0,0
APP-11311,52,125950.03,13,MORTGAGE,3000,DEBTCONSOLIDATION,36,17.51,600,13.82,24.48,10,1,0,1
APP-11312,27,58456.06,4,OWN,35000,DEBTCONSOLIDATION,60,10.74,683,7.24,51.52,16,0,0,0
APP-11313,49,83321.32,8,RENT,26000,DEBTCONSOLIDATION,36,12.19,696,43.49,65.05,7,0,0,0
APP-11314,28,66402.21,18,RENT,39000,DEBTCONSOLIDATION,36,16.51,638,7.19,67.06,7,1,0,0
APP-11315,21,67834.8,18,MORTGAGE,5000,DEBTCONSOLIDATION,36,16.25,686,16.39,43.1,12,0,0,0
APP-11316,23,69153.22,13,MORTGAGE,17000,EDUCATION,36,12.06,715,46.59,33.74,7,0,0,0
APP-11317,44,76701.06,14,MORTGAGE,33000,EDUCATION,60,13.73,657,7.7,12.6,7,0,0,0
APP-11318,43,39852.73,0,RENT,16000,VENTURE,36,12.54,692,25.07,49.02,15,0,0,0
APP-11319,28,52184.87,12,RENT,15000,DEBTCONSOLIDATION,36,13.38,668,39.23,66.56,14,0,0,0
APP-11320,67,69888.52,13,MORTGAGE,16000,VENTURE,36,12.68,726,31.14,29.68,1,0,0,0
APP-11321,57,64974.07,0,MORTGAGE,8000,DEBTCONSOLIDATION,36,9.89,745,21.01,16.96,12,0,0,0
APP-11322,23,47543.37,17,MORTGAGE,8000,DEBTCONSOLIDATION,36,10.72,721,2.0,67.2,13,0,0,0
APP-11323,53,73739.98,19,RENT,9000,VENTURE,60,8.61,778,7.76,29.28,15,0,1,0
APP-11324,48,40718.15,3,MORTGAGE,20000,PERSONAL,36,19.88,535,15.5,37.55,5,0,0,0
APP-11325,67,32483.8,17,RENT,19000,DEBTCONSOLIDATION,60,14.37,665,10.69,46.79,9,0,0,0
APP-11326,28,69389.64,13,MORTGAGE,18000,HOMEIMPROVEMENT,36,15.73,622,18.19,44.03,10,0,0,0
APP-11327,54,32884.42,11,MORTGAGE,19000,DEBTCONSOLIDATION,60,12.21,783,23.35,39.77,4,2,0,0
APP-11328,55,68875.93,17,RENT,20000,DEBTCONSOLIDATION,36,16.46,614,12.97,57.41,8,0,0,0
APP-11329,52,22531.27,4,RENT,14000,HOMEIMPROVEMENT,60,12.78,775,16.35,2.33,15,0,0,1
APP-11330,44,41668.72,16,RENT,12000,DEBTCONSOLIDATION,36,15.54,670,30.62,35.82,4,0,0,0
APP-11331,34,50828.45,5,OTHER,8000,HOMEIMPROVEMENT,60,12.79,646,30.61,15.21,8,0,0,0
APP-11332,52,26814.08,16,MORTGAGE,28000,PERSONAL,36,13.68,707,24.62,59.57,13,0,0,0
APP-11333,66,49695.21,8,MORTGAGE,38000,DEBTCONSOLIDATION,36,10.71,807,11.96,43.92,7,0,0,0
APP-11334,63,108283.69,0,MORTGAGE,6000,MEDICAL,60,12.77,636,30.04,32.12,12,1,0,0
APP-11335,36,31724.54,6,OWN,9000,PERSONAL,36,13.21,705,29.97,47.42,10,0,0,0
APP-11336,24,50378.18,3,MORTGAGE,11000,PERSONAL,60,9.78,711,11.23,88.5,6,0,0,1
APP-11337,57,140269.71,0,RENT,38000,DEBTCONSOLIDATION,36,15.4,629,5.75,50.12,9,0,0,0
APP-11338,41,35209.44,0,RENT,27000,DEBTCONSOLIDATION,36,15.86,651,8.09,57.32,7,0,0,1
APP-11339,34,120404.44,16,MORTGAGE,16000,DEBTCONSOLIDATION,36,12.69,656,20.35,32.25,4,0,0,0
APP-11340,51,52077.97,18,RENT,17000,PERSONAL,36,13.61,696,16.26,28.72,16,1,0,1
APP-11341,68,63004.16,19,RENT,30000,DEBTCONSOLIDATION,36,13.65,603,16.94,25.56,13,2,0,0
APP-11342,38,114203.94,17,OTHER,29000,DEBTCONSOLIDATION,60,13.25,691,4.47,52.41,12,0,0,0
APP-11343,27,46978.77,17,OWN,11000,MEDICAL,60,15.83,620,20.77,43.04,15,1,0,0
APP-11344,30,82085.19,0,OWN,5000,HOMEIMPROVEMENT,36,13.44,677,43.52,35.33,16,0,1,0
APP-11345,27,93180.95,16,RENT,15000,PERSONAL,36,14.24,620,41.94,41.62,9,0,0,0
APP-11346,53,43243.1,16,RENT,34000,DEBTCONSOLIDATION,60,11.05,769,4.27,16.22,10,0,0,0
APP-11347,43,40916.35,1,RENT,19000,EDUCATION,60,13.41,705,7.6,23.06,5,0,0,0
APP-11348,41,53407.07,13,MORTGAGE,13000,DEBTCONSOLIDATION,36,17.36,641,26.45,3.77,10,0,0,0
APP-11349,39,54249.14,8,MORTGAGE,11000,DEBTCONSOLIDATION,36,13.08,791,22.47,38.05,13,0,0,0
APP-11350,68,34909.91,18,MORTGAGE,22000,DEBTCONSOLIDATION,36,14.54,598,16.24,16.08,14,0,0,0
APP-11351,39,43442.77,14,OWN,34000,EDUCATION,60,11.84,688,22.15,73.8,7,0,0,1
APP-11352,56,18000.0,19,MORTGAGE,15000,DEBTCONSOLIDATION,36,11.37,715,39.78,24.62,9,2,0,0
APP-11353,49,50658.57,0,RENT,10000,PERSONAL,36,13.54,671,10.62,42.39,12,0,0,0
APP-11354,38,93638.52,0,RENT,27000,VENTURE,36,12.92,681,7.23,57.32,11,0,0,0
APP-11355,22,26020.9,20,RENT,16000,MEDICAL,36,14.85,648,47.64,59.74,7,0,0,1
APP-11356,21,47497.28,0,RENT,22000,HOMEIMPROVEMENT,36,13.47,637,38.13,44.6,6,0,0,1
APP-11357,67,203041.65,7,RENT,23000,DEBTCONSOLIDATION,60,10.22,741,15.1,30.69,13,0,0,0
APP-11358,25,59202.56,13,MORTGAGE,6000,EDUCATION,36,8.91,695,16.87,74.56,9,0,0,0
APP-11359,40,117994.96,18,RENT,17000,DEBTCONSOLIDATION,60,12.39,708,16.1,77.66,17,0,0,0
APP-11360,31,36099.79,4,MORTGAGE,36000,VENTURE,60,10.21,729,11.63,36.93,8,0,0,0
APP-11361,62,74937.46,0,MORTGAGE,6000,DEBTCONSOLIDATION,36,13.53,652,8.75,32.5,7,3,0,0
APP-11362,22,33153.08,10,RENT,27000,VENTURE,36,15.79,647,2.83,42.12,6,0,0,0
APP-11363,23,73169.38,8,RENT,27000,DEBTCONSOLIDATION,36,13.57,645,11.26,11.71,7,0,0,0
APP-11364,43,91228.64,5,RENT,6000,DEBTCONSOLIDATION,36,13.2,692,20.12,65.06,6,1,0,0
APP-11365,32,81022.97,18,RENT,37000,DEBTCONSOLIDATION,36,10.64,806,25.39,10.77,9,0,0,0
APP-11366,40,50389.16,15,MORTGAGE,25000,DEBTCONSOLIDATION,60,13.63,692,7.57,14.35,7,0,0,0
APP-11367,25,68697.41,17,MORTGAGE,16000,HOMEIMPROVEMENT,36,21.46,507,7.91,50.49,8,2,0,0
APP-11368,57,69026.51,1,MORTGAGE,31000,VENTURE,36,14.75,706,27.92,34.67,10,0,0,0
APP-11369,58,83532.82,14,RENT,6000,MEDICAL,36,11.97,712,9.59,41.36,17,0,1,0
APP-11370,50,56281.24,20,MORTGAGE,23000,DEBTCONSOLIDATION,36,10.92,749,13.83,60.73,10,0,1,1
APP-11371,29,95374.77,12,MORTGAGE,34000,DEBTCONSOLIDATION,60,10.83,767,20.77,41.58,10,1,0,0
APP-11372,54,122676.08,2,RENT,6000,MEDICAL,60,5.04,850,35.54,14.98,12,2,0,0
APP-11373,64,51075.81,20,RENT,33000,VENTURE,36,13.9,686,23.85,82.27,9,0,0,0
APP-11374,55,61280.68,10,OWN,24000,PERSONAL,36,13.6,704,23.94,15.73,12,0,0,0
APP-11375,42,38085.64,17,RENT,11000,PERSONAL,36,9.62,710,16.8,20.06,6,2,0,0
APP-11376,64,70978.24,1,MORTGAGE,37000,DEBTCONSOLIDATION,36,12.41,669,28.12,47.71,14,1,0,1
APP-11377,44,71205.04,13,RENT,18000,DEBTCONSOLIDATION,36,11.35,675,31.04,48.61,7,0,0,0
APP-11378,37,61635.49,19,RENT,28000,DEBTCONSOLIDATION,36,15.11,646,16.81,35.89,11,0,0,0
APP-11379,30,64003.93,10,MORTGAGE,9000,HOMEIMPROVEMENT,36,12.64,665,35.0,1.62,11,0,0,0
APP-11380,50,156515.95,4,OWN,7000,PERSONAL,36,15.15,682,7.74,43.29,12,0,0,0
APP-11381,66,18000.0,1,MORTGAGE,8000,DEBTCONSOLIDATION,60,12.94,719,12.89,30.16,5,0,0,0
APP-11382,43,46708.04,4,RENT,27000,VENTURE,60,14.35,715,36.38,21.41,10,0,0,0
APP-11383,52,50419.75,6,OWN,18000,MEDICAL,36,14.62,622,7.66,21.87,13,0,1,0
APP-11384,37,124052.02,14,MORTGAGE,38000,VENTURE,36,18.85,609,11.31,46.17,8,2,0,0
APP-11385,37,75935.87,2,RENT,24000,DEBTCONSOLIDATION,36,10.51,660,37.69,30.03,7,0,0,0
APP-11386,34,76867.84,0,RENT,28000,DEBTCONSOLIDATION,60,10.1,784,8.98,47.32,13,0,0,0
APP-11387,29,112412.24,7,MORTGAGE,20000,HOMEIMPROVEMENT,60,12.39,713,18.27,20.87,11,0,0,0
APP-11388,60,54722.03,8,MORTGAGE,28000,PERSONAL,36,13.97,698,9.05,3.41,10,0,0,0
APP-11389,22,82964.1,12,RENT,26000,VENTURE,36,10.57,734,7.3,47.36,9,2,0,0
APP-11390,65,45918.21,14,OWN,26000,DEBTCONSOLIDATION,60,16.85,616,15.55,28.81,8,0,0,0
APP-11391,45,35360.36,18,MORTGAGE,22000,HOMEIMPROVEMENT,60,9.83,733,31.24,61.51,7,2,0,0
APP-11392,59,146837.75,4,MORTGAGE,26000,PERSONAL,36,13.37,654,8.16,66.35,11,0,0,0
APP-11393,29,72006.8,10,MORTGAGE,8000,DEBTCONSOLIDATION,36,16.37,593,12.12,70.52,14,1,0,0
APP-11394,42,82646.79,6,MORTGAGE,36000,PERSONAL,36,14.18,678,12.82,15.14,9,0,0,0
APP-11395,63,34888.5,0,RENT,7000,HOMEIMPROVEMENT,36,8.5,753,28.73,6.68,5,0,0,0
APP-11396,66,77278.91,11,MORTGAGE,16000,PERSONAL,36,12.98,701,11.52,77.78,13,0,1,0
APP-11397,24,145672.52,16,OWN,25000,DEBTCONSOLIDATION,36,11.04,682,18.01,81.11,10,0,0,0
APP-11398,46,52118.49,0,MORTGAGE,5000,VENTURE,36,12.96,644,27.68,68.89,10,1,0,0
APP-11399,49,31955.52,0,RENT,8000,DEBTCONSOLIDATION,60,15.08,680,27.08,43.41,11,0,0,0
APP-11400,65,65643.12,14,RENT,31000,MEDICAL,60,9.66,819,35.54,28.99,9,0,0,0
APP-11401,54,,13,OWN,18000,MEDICAL,36,13.17,736,35.43,71.47,18,0,0,0
APP-11402,43,27476.89,7,RENT,39000,DEBTCONSOLIDATION,36,11.32,691,38.16,76.22,14,0,0,1
APP-11403,57,41465.5,13,MORTGAGE,31000,PERSONAL,60,13.57,633,8.52,26.52,13,0,0,0
APP-11404,31,46802.93,19,MORTGAGE,40000,DEBTCONSOLIDATION,36,16.01,569,15.93,73.8,16,0,0,1
APP-11405,26,36547.76,3,RENT,10000,HOMEIMPROVEMENT,36,15.9,615,30.72,54.77,6,0,0,0
APP-11406,38,116219.21,3,MORTGAGE,20000,MEDICAL,36,15.76,669,9.85,67.36,10,0,0,0
APP-11407,41,154014.96,2,RENT,14000,HOMEIMPROVEMENT,60,15.01,630,20.7,56.26,11,0,0,0
APP-11408,62,81555.9,14,MORTGAGE,38000,DEBTCONSOLIDATION,36,13.28,599,17.57,56.88,11,2,0,0
APP-11409,56,72554.82,6,RENT,20000,DEBTCONSOLIDATION,36,13.26,680,5.32,19.23,13,1,0,0
APP-11410,61,55769.14,20,MORTGAGE,7000,DEBTCONSOLIDATION,36,15.77,604,13.13,19.05,9,0,0,0
APP-11411,58,38247.5,14,RENT,13000,HOMEIMPROVEMENT,36,13.81,713,49.36,25.91,12,0,0,0
APP-11412,54,133446.39,6,RENT,16000,EDUCATION,36,11.51,740,21.72,14.22,6,0,0,0
APP-11413,37,58021.75,1,MORTGAGE,4000,HOMEIMPROVEMENT,36,9.69,789,20.1,30.74,14,0,0,0
APP-11414,57,47510.56,11,RENT,5000,HOMEIMPROVEMENT,36,15.27,625,15.24,50.32,7,0,0,0
APP-11415,45,99446.82,4,RENT,38000,DEBTCONSOLIDATION,36,12.61,651,28.09,46.69,12,1,0,0
APP-11416,58,57711.28,18,MORTGAGE,39000,PERSONAL,36,15.02,625,27.18,75.24,10,0,0,0
APP-11417,32,97601.4,8,MORTGAGE,7000,DEBTCONSOLIDATION,60,11.26,747,36.37,21.27,11,0,0,0
APP-11418,43,48782.44,4,RENT,29000,MEDICAL,60,14.92,635,26.99,13.46,11,0,0,0
APP-11419,62,99590.14,11,OWN,9000,DEBTCONSOLIDATION,36,11.09,660,28.06,39.57,12,0,0,0
APP-11420,42,97722.16,1,MORTGAGE,32000,HOMEIMPROVEMENT,36,14.18,689,4.86,24.32,11,1,0,0
APP-11421,41,116124.04,11,RENT,22000,HOMEIMPROVEMENT,36,15.39,628,26.87,71.43,10,0,0,0
APP-11422,47,41994.23,0,MORTGAGE,30000,HOMEIMPROVEMENT,36,11.77,765,32.76,48.19,12,0,0,0
APP-11423,51,57439.09,12,RENT,16000,DEBTCONSOLIDATION,60,15.18,615,42.55,41.67,7,1,0,0
APP-11424,26,158559.48,10,RENT,25000,PERSONAL,36,12.97,698,27.04,13.78,14,0,0,0
APP-11425,47,52933.62,10,OWN,22000,HOMEIMPROVEMENT,60,12.43,630,14.9,12.71,13,3,0,1
APP-11426,60,89815.5,13,MORTGAGE,24000,MEDICAL,60,13.43,659,7.48,71.74,8,0,0,0
APP-11427,54,188204.14,0,OWN,32000,PERSONAL,60,14.91,691,20.48,40.61,8,0,0,0
APP-11428,32,23753.36,8,RENT,35000,DEBTCONSOLIDATION,60,16.08,633,32.49,29.7,8,3,0,1
APP-11429,65,52063.64,8,RENT,29000,DEBTCONSOLIDATION,36,19.48,478,5.05,12.43,12,0,0,1
APP-11430,27,59930.16,8,RENT,33000,PERSONAL,36,9.46,756,9.92,27.54,7,0,1,0
APP-11431,30,24356.66,20,RENT,23000,EDUCATION,60,18.2,575,21.77,48.43,8,0,0,1
APP-11432,65,47667.94,1,MORTGAGE,4000,HOMEIMPROVEMENT,36,11.73,659,19.84,82.39,10,1,0,0
APP-11433,37,36838.89,13,MORTGAGE,10000,DEBTCONSOLIDATION,36,13.61,691,20.12,52.7,5,1,0,0
APP-11434,46,91935.52,7,MORTGAGE,7000,VENTURE,36,15.15,688,5.53,4.97,13,0,0,0
APP-11435,41,25176.75,9,MORTGAGE,2000,DEBTCONSOLIDATION,36,10.69,697,26.34,58.06,6,0,0,0
APP-11436,48,153992.83,15,MORTGAGE,23000,DEBTCONSOLIDATION,36,13.81,675,6.81,63.39,12,0,0,0
APP-11437,66,84537.35,1,OWN,5000,DEBTCONSOLIDATION,36,13.13,697,18.22,26.12,3,0,0,0
APP-11438,22,35351.26,15,RENT,9000,VENTURE,36,12.72,712,51.23,47.08,11,0,0,0
APP-11439,63,100028.43,0,MORTGAGE,38000,MEDICAL,36,10.17,771,21.49,42.31,15,4,0,0
APP-11440,21,80699.68,9,MORTGAGE,20000,DEBTCONSOLIDATION,36,15.89,655,13.43,50.12,7,0,0,1
APP-11441,56,58724.73,15,MORTGAGE,2000,PERSONAL,36,8.9,765,11.68,27.93,11,0,0,0
APP-11442,46,41742.35,2,MORTGAGE,25000,PERSONAL,60,12.44,673,25.05,44.04,8,0,0,0
APP-11443,49,,15,RENT,18000,PERSONAL,36,9.12,724,19.85,64.11,14,0,0,0
APP-11444,41,63669.45,2,MORTGAGE,33000,DEBTCONSOLIDATION,36,12.04,704,11.01,48.05,10,2,1,0
APP-11445,31,42420.19,16,OTHER,15000,DEBTCONSOLIDATION,36,16.44,631,9.94,33.23,11,0,0,1
APP-11446,60,30588.29,8,MORTGAGE,18000,PERSONAL,36,16.19,600,6.23,16.03,9,0,0,0
APP-11447,31,39132.38,13,MORTGAGE,33000,VENTURE,60,13.36,715,8.64,53.64,7,0,0,0
APP-11448,56,46553.2,19,RENT,34000,DEBTCONSOLIDATION,36,15.13,620,30.59,18.81,12,0,0,1
APP-11449,69,107070.59,7,MORTGAGE,31000,DEBTCONSOLIDATION,36,12.33,630,17.41,14.98,13,0,0,0
APP-11450,59,92076.91,3,MORTGAGE,35000,DEBTCONSOLIDATION,36,13.45,669,19.21,46.62,9,0,0,0
APP-11451,60,47808.86,17,RENT,29000,PERSONAL,36,9.14,754,9.16,59.39,8,0,0,0
APP-11452,55,48747.2,1,MORTGAGE,25000,DEBTCONSOLIDATION,36,9.24,770,22.63,52.57,13,0,0,0
APP-11453,54,98289.86,12,RENT,15000,MEDICAL,36,13.57,606,17.92,35.33,14,0,0,0
APP-11454,67,68437.31,19,RENT,35000,PERSONAL,36,19.94,524,9.73,57.86,9,1,0,1
APP-11455,44,67962.23,13,MORTGAGE,2000,PERSONAL,36,14.39,679,10.15,9.23,18,0,2,0
APP-11456,42,42121.45,2,MORTGAGE,23000,DEBTCONSOLIDATION,36,14.95,648,7.72,46.28,11,0,0,0
APP-11457,25,56291.04,1,OWN,34000,DEBTCONSOLIDATION,60,7.84,788,20.39,76.04,8,0,0,0
APP-11458,53,60001.86,4,MORTGAGE,19000,DEBTCONSOLIDATION,36,10.71,733,17.56,39.47,8,0,0,0
APP-11459,56,57205.43,7,MORTGAGE,40000,MEDICAL,60,12.74,639,8.24,46.14,8,4,0,1
APP-11460,67,86425.15,1,MORTGAGE,13000,DEBTCONSOLIDATION,36,13.22,608,22.89,27.22,6,0,0,0
APP-11461,40,87787.72,16,MORTGAGE,11000,DEBTCONSOLIDATION,60,12.19,717,26.47,27.05,7,0,0,0
APP-11462,39,37817.27,6,MORTGAGE,3000,DEBTCONSOLIDATION,36,15.37,651,18.97,27.41,7,0,0,0
APP-11463,55,46625.03,19,MORTGAGE,3000,VENTURE,36,15.24,639,12.23,39.56,10,0,0,0
APP-11464,63,42459.81,17,MORTGAGE,7000,DEBTCONSOLIDATION,36,10.63,707,23.9,30.79,14,0,0,0
APP-11465,37,119881.96,18,RENT,21000,DEBTCONSOLIDATION,36,16.49,626,9.83,21.31,12,5,0,0
APP-11466,65,184747.49,4,MORTGAGE,39000,PERSONAL,36,14.69,704,4.87,80.31,14,0,0,0
APP-11467,63,47485.96,11,RENT,29000,PERSONAL,36,12.11,714,7.83,31.03,10,0,0,0
APP-11468,54,55075.07,5,RENT,4000,DEBTCONSOLIDATION,36,17.43,608,24.36,47.63,9,1,0,0
APP-11469,29,91231.67,4,MORTGAGE,38000,PERSONAL,36,10.96,714,16.51,39.95,11,0,0,0
APP-11470,46,42040.74,12,OWN,38000,DEBTCONSOLIDATION,36,11.43,688,14.49,38.65,8,1,0,0
APP-11471,22,92268.14,16,MORTGAGE,26000,DEBTCONSOLIDATION,36,13.22,568,18.38,37.57,15,0,0,0
APP-11472,29,59252.63,0,RENT,24000,PERSONAL,36,12.94,703,27.08,75.22,7,0,0,0
APP-11473,29,25037.5,4,MORTGAGE,14000,HOMEIMPROVEMENT,36,14.77,648,11.08,23.02,8,0,0,0
APP-11474,60,31250.27,2,OWN,25000,MEDICAL,36,12.92,668,20.19,25.04,11,0,0,0
APP-11475,37,50567.94,16,MORTGAGE,4000,MEDICAL,60,11.43,727,10.98,56.84,8,0,0,0
APP-11476,21,110356.83,19,MORTGAGE,39000,DEBTCONSOLIDATION,36,11.39,665,11.08,62.23,10,0,0,0
APP-11477,45,38320.21,0,MORTGAGE,29000,HOMEIMPROVEMENT,60,8.92,787,13.0,7.23,10,0,1,0
APP-11478,63,45841.71,6,RENT,27000,HOMEIMPROVEMENT,36,17.78,539,7.42,39.79,10,0,0,1
APP-11479,60,66540.24,19,OWN,21000,PERSONAL,36,11.42,698,25.16,50.52,4,0,0,0
APP-11480,62,25993.91,6,MORTGAGE,28000,DEBTCONSOLIDATION,36,14.89,640,24.59,38.04,12,2,0,0
APP-11481,45,69513.53,14,MORTGAGE,2000,DEBTCONSOLIDATION,36,14.16,649,20.14,27.95,9,0,0,0
APP-11482,59,27670.72,0,MORTGAGE,11000,EDUCATION,60,15.77,627,9.1,24.39,8,0,0,0
APP-11483,55,79506.34,8,OWN,11000,PERSONAL,60,11.36,727,12.43,40.92,9,4,0,0
APP-11484,23,39959.07,9,RENT,2000,DEBTCONSOLIDATION,36,14.28,610,14.89,19.48,4,0,0,0
APP-11485,57,37383.15,15,RENT,33000,HOMEIMPROVEMENT,36,10.62,785,18.61,37.71,12,0,0,0
APP-11486,64,68624.05,4,RENT,33000,HOMEIMPROVEMENT,36,9.97,735,9.87,44.82,7,0,0,0
APP-11487,64,89053.74,4,MORTGAGE,28000,PERSONAL,36,16.69,648,11.61,23.96,10,0,1,0
APP-11488,50,72267.51,5,MORTGAGE,14000,HOMEIMPROVEMENT,60,14.69,663,14.64,53.81,5,0,0,0
APP-11489,58,66424.53,10,MORTGAGE,18000,PERSONAL,36,14.89,740,25.38,21.49,13,0,0,0
APP-11490,54,66896.44,18,MORTGAGE,29000,EDUCATION,36,11.14,701,27.15,30.24,14,3,0,0
APP-11491,32,72486.89,17,RENT,26000,PERSONAL,60,9.82,767,13.91,7.45,14,0,0,0
APP-11492,39,74908.16,0,RENT,37000,PERSONAL,36,12.84,677,12.08,60.42,14,0,0,0
APP-11493,57,49161.18,18,RENT,3000,PERSONAL,60,10.45,748,21.3,62.62,10,0,0,0
APP-11494,64,83054.43,0,MORTGAGE,33000,HOMEIMPROVEMENT,36,11.03,731,38.77,50.85,15,0,0,0
APP-11495,69,40171.17,7,MORTGAGE,33000,MEDICAL,36,11.9,731,20.56,11.2,12,0,0,0
APP-11496,37,103331.41,15,MORTGAGE,7000,DEBTCONSOLIDATION,60,14.15,681,8.6,27.16,12,0,1,0
APP-11497,30,88541.07,0,RENT,32000,PERSONAL,36,12.92,719,16.25,71.37,16,2,0,0
APP-11498,69,,0,RENT,10000,PERSONAL,60,15.43,662,20.36,4.75,9,1,0,0
APP-11499,67,77414.1,5,MORTGAGE,17000,DEBTCONSOLIDATION,36,11.43,645,7.38,25.41,6,0,1,0
APP-11500,32,94329.56,14,RENT,26000,VENTURE,60,14.62,700,32.6,77.22,12,2,0,0
APP-11501,36,27439.28,10,RENT,29000,DEBTCONSOLIDATION,36,10.71,730,5.13,20.74,5,0,0,0
APP-11502,44,95879.59,7,RENT,18000,PERSONAL,60,14.26,691,16.44,55.28,11,0,0,0
APP-11503,39,107821.03,16,MORTGAGE,32000,MEDICAL,60,15.86,608,23.95,44.86,11,0,0,0
APP-11504,28,127053.13,15,RENT,24000,DEBTCONSOLIDATION,36,15.87,672,26.47,19.72,10,0,0,0
APP-11505,51,63591.38,16,RENT,32000,DEBTCONSOLIDATION,36,14.68,705,17.4,29.03,10,0,0,0
APP-11506,41,50465.91,8,MORTGAGE,27000,DEBTCONSOLIDATION,36,10.98,784,18.0,39.19,10,1,0,0
APP-11507,37,34725.95,0,RENT,5000,MEDICAL,36,13.37,742,15.61,43.7,13,0,0,0
APP-11508,43,36351.18,2,RENT,40000,DEBTCONSOLIDATION,60,8.93,756,29.15,67.34,6,0,0,0
APP-11509,57,59112.44,15,MORTGAGE,16000,DEBTCONSOLIDATION,36,21.01,551,32.17,25.23,8,1,0,1
APP-11510,36,24941.32,15,MORTGAGE,38000,DEBTCONSOLIDATION,36,8.52,798,24.21,71.51,7,0,0,0
APP-11511,26,40777.7,20,RENT,39000,VENTURE,60,10.64,718,18.21,37.7,7,0,0,0
APP-11512,28,62615.06,2,RENT,24000,VENTURE,36,13.15,620,14.27,40.65,8,0,0,0
APP-11513,45,,1,RENT,6000,DEBTCONSOLIDATION,36,14.99,615,13.28,22.84,10,0,0,0
APP-11514,38,36875.52,1,MORTGAGE,26000,MEDICAL,36,10.63,650,15.6,27.07,8,0,0,0
APP-11515,45,32307.94,2,MORTGAGE,31000,DEBTCONSOLIDATION,36,14.19,638,43.4,59.86,13,0,0,1
APP-11516,32,34812.92,10,RENT,27000,DEBTCONSOLIDATION,36,12.11,706,10.21,7.15,5,1,0,0
APP-11517,35,53614.45,20,MORTGAGE,4000,DEBTCONSOLIDATION,60,15.08,649,7.27,62.34,10,0,0,0
APP-11518,46,173667.63,11,RENT,5000,HOMEIMPROVEMENT,36,11.4,706,14.75,21.08,11,0,1,0
APP-11519,61,101739.36,10,RENT,19000,PERSONAL,60,11.52,680,30.74,71.37,12,0,0,0
APP-11520,65,66642.46,13,RENT,38000,MEDICAL,36,10.76,750,12.43,9.79,9,0,0,0
APP-11521,46,78979.64,0,OWN,12000,PERSONAL,36,14.16,684,10.13,33.02,12,0,0,0
APP-11522,67,99501.94,16,MORTGAGE,12000,MEDICAL,36,16.67,591,11.73,41.19,10,0,0,0
APP-11523,52,83935.95,12,RENT,37000,DEBTCONSOLIDATION,36,12.11,624,12.59,34.63,9,0,0,0
APP-11524,30,51323.04,2,OWN,17000,MEDICAL,36,12.68,723,30.24,16.27,10,0,0,0
APP-11525,36,39230.35,12,RENT,26000,DEBTCONSOLIDATION,60,11.72,779,12.26,51.29,8,0,0,0
APP-11526,27,56238.84,11,RENT,2000,DEBTCONSOLIDATION,36,13.31,715,10.01,27.95,8,0,1,0
APP-11527,37,98925.35,0,OWN,27000,DEBTCONSOLIDATION,36,10.17,814,18.06,19.63,7,0,0,0
APP-11528,43,52302.76,4,RENT,31000,DEBTCONSOLIDATION,36,18.69,570,8.05,22.59,12,0,0,0
APP-11529,46,34463.71,7,OWN,7000,MEDICAL,36,12.43,699,34.82,26.55,9,0,0,0
APP-11530,41,25292.82,3,MORTGAGE,28000,PERSONAL,36,15.83,597,19.2,27.42,12,0,2,1
APP-11531,42,56358.29,3,OTHER,20000,DEBTCONSOLIDATION,36,12.3,728,17.16,83.77,9,0,0,0
APP-11532,27,35852.87,11,MORTGAGE,39000,DEBTCONSOLIDATION,60,10.36,768,20.29,28.23,11,0,0,0
APP-11533,34,48133.9,8,RENT,20000,VENTURE,36,16.93,603,14.44,47.91,5,0,0,0
APP-11534,35,124009.85,13,MORTGAGE,40000,PERSONAL,36,9.58,753,28.94,53.29,17,0,0,0
APP-11535,27,58283.55,20,RENT,33000,PERSONAL,60,8.58,802,2.0,59.13,11,0,0,0
APP-11536,29,41141.38,13,MORTGAGE,2000,MEDICAL,36,15.39,637,22.24,74.42,10,0,0,0
APP-11537,68,69868.88,11,MORTGAGE,26000,MEDICAL,36,9.5,793,12.18,15.3,5,0,0,0
APP-11538,28,156447.74,17,MORTGAGE,14000,VENTURE,36,11.92,639,18.52,31.7,7,0,0,0
APP-11539,43,56367.72,12,MORTGAGE,11000,PERSONAL,36,14.63,701,43.08,9.3,10,0,0,0
APP-11540,49,18439.25,2,MORTGAGE,19000,DEBTCONSOLIDATION,60,9.87,845,21.72,34.0,11,2,0,0
APP-11541,38,82870.82,5,MORTGAGE,37000,HOMEIMPROVEMENT,36,13.21,660,11.87,29.03,14,0,0,0
APP-11542,51,71197.65,14,MORTGAGE,23000,VENTURE,36,12.55,672,9.92,66.03,9,0,0,0
APP-11543,50,62633.85,15,RENT,7000,MEDICAL,36,11.99,687,29.39,83.75,14,0,0,0
APP-11544,59,53659.37,20,OWN,28000,PERSONAL,36,13.36,665,11.23,60.44,6,0,0,0
APP-11545,55,39989.17,12,MORTGAGE,9000,HOMEIMPROVEMENT,60,8.7,800,17.29,39.12,16,2,0,0
APP-11546,38,127706.14,18,MORTGAGE,25000,HOMEIMPROVEMENT,36,11.54,699,17.64,22.07,8,1,0,0
APP-11547,62,23881.16,0,OTHER,21000,MEDICAL,36,11.69,801,31.02,25.58,5,0,0,0
APP-11548,59,51303.77,11,RENT,23000,DEBTCONSOLIDATION,36,11.04,750,9.51,10.36,8,0,0,0
APP-11549,37,50707.54,19,RENT,10000,PERSONAL,36,16.42,621,23.99,17.93,9,0,1,1
APP-11550,34,91740.65,4,MORTGAGE,40000,DEBTCONSOLIDATION,60,12.31,745,12.74,67.52,12,0,0,0
APP-11551,51,111060.49,1,RENT,20000,VENTURE,60,14.87,682,11.23,32.81,11,1,0,0
APP-11552,44,53457.01,6,MORTGAGE,2000,DEBTCONSOLIDATION,36,13.67,694,11.23,16.28,8,0,0,0
APP-11553,55,65938.84,16,MORTGAGE,12000,MEDICAL,60,8.49,803,8.08,17.25,7,0,0,0
APP-11554,64,68802.37,0,RENT,11000,DEBTCONSOLIDATION,36,13.79,660,12.25,25.57,10,0,0,0
APP-11555,65,101383.24,11,OWN,2000,DEBTCONSOLIDATION,36,14.2,686,24.75,4.66,14,0,2,0
APP-11556,54,100344.57,1,OWN,28000,DEBTCONSOLIDATION,60,10.86,789,17.49,58.33,15,0,0,0
APP-11557,23,45742.96,8,RENT,18000,EDUCATION,36,10.84,681,45.65,29.21,5,0,0,0
APP-11558,57,74529.53,20,MORTGAGE,18000,HOMEIMPROVEMENT,36,14.16,708,10.11,1.21,6,0,1,0
APP-11559,63,72520.6,2,RENT,40000,DEBTCONSOLIDATION,36,16.94,671,10.2,45.08,11,0,0,0
APP-11560,60,56502.77,0,MORTGAGE,3000,DEBTCONSOLIDATION,36,12.69,673,6.19,67.46,8,0,0,0
APP-11561,46,72178.02,7,MORTGAGE,24000,DEBTCONSOLIDATION,60,14.19,651,12.65,33.58,6,0,0,0
APP-11562,43,60481.56,11,MORTGAGE,11000,DEBTCONSOLIDATION,60,17.24,611,17.1,6.48,12,0,0,0
APP-11563,64,64792.51,5,RENT,31000,PERSONAL,60,12.37,651,20.36,35.08,8,0,2,0
APP-11564,59,30393.89,10,MORTGAGE,36000,DEBTCONSOLIDATION,36,12.79,710,6.09,29.74,9,0,0,1
APP-11565,35,37836.11,19,MORTGAGE,26000,HOMEIMPROVEMENT,60,15.44,632,37.23,67.33,7,0,0,1
APP-11566,69,90118.23,5,RENT,18000,DEBTCONSOLIDATION,36,10.8,675,10.88,1.83,13,0,0,0
APP-11567,24,32686.13,5,MORTGAGE,20000,VENTURE,36,8.49,751,21.83,55.43,12,0,0,0
APP-11568,49,75739.46,9,OWN,19000,DEBTCONSOLIDATION,60,15.74,694,9.49,21.35,10,0,0,0
APP-11569,42,57485.44,9,MORTGAGE,19000,PERSONAL,36,8.65,823,27.28,16.95,4,0,1,0
APP-11570,45,100240.48,0,MORTGAGE,36000,HOMEIMPROVEMENT,60,11.86,727,39.64,23.02,10,0,2,0
APP-11571,33,82817.96,12,MORTGAGE,11000,DEBTCONSOLIDATION,60,19.23,578,8.65,11.54,10,0,0,0
APP-11572,38,47732.15,20,MORTGAGE,24000,DEBTCONSOLIDATION,36,17.34,630,4.68,71.65,6,0,0,0
APP-11573,53,53550.25,4,RENT,23000,DEBTCONSOLIDATION,36,16.16,545,4.51,18.66,9,1,0,0
APP-11574,36,22186.32,12,MORTGAGE,10000,VENTURE,36,12.52,677,23.3,41.01,10,0,0,0
APP-11575,65,56094.94,0,MORTGAGE,33000,DEBTCONSOLIDATION,36,9.47,773,27.99,53.42,11,0,0,0
APP-11576,62,31727.07,12,MORTGAGE,27000,PERSONAL,60,13.05,703,12.54,40.15,9,0,0,0
APP-11577,64,53672.0,8,RENT,30000,HOMEIMPROVEMENT,36,13.19,646,18.78,53.11,7,0,0,0
APP-11578,22,43522.83,10,RENT,20000,PERSONAL,36,12.53,788,17.5,33.58,14,1,0,0
APP-11579,55,38626.17,10,MORTGAGE,30000,PERSONAL,36,11.62,638,23.22,23.22,11,0,0,0
APP-11580,62,108430.24,2,RENT,36000,DEBTCONSOLIDATION,36,8.85,732,11.69,15.44,14,0,2,0
APP-11581,54,31631.05,15,RENT,13000,VENTURE,36,13.74,645,17.45,37.37,16,0,0,0
APP-11582,50,36992.39,10,RENT,9000,HOMEIMPROVEMENT,36,12.16,716,39.25,62.5,14,0,0,0
APP-11583,33,42230.35,4,MORTGAGE,26000,HOMEIMPROVEMENT,60,17.35,661,18.77,58.52,9,0,0,0
APP-11584,33,,19,OTHER,28000,VENTURE,60,15.8,620,12.28,55.48,10,0,0,0
APP-11585,38,38623.29,0,MORTGAGE,7000,PERSONAL,36,16.76,593,15.62,44.34,12,0,0,0
APP-11586,52,50032.38,14,RENT,14000,PERSONAL,36,13.06,719,11.8,28.95,10,0,0,0
APP-11587,52,69638.8,6,RENT,12000,HOMEIMPROVEMENT,36,11.01,742,9.83,40.53,5,0,0,0
APP-11588,55,83694.57,10,OWN,39000,MEDICAL,36,11.32,723,6.61,36.15,12,0,0,0
APP-11589,59,81687.31,4,OWN,7000,HOMEIMPROVEMENT,36,11.97,691,27.27,6.65,10,2,0,0
APP-11590,66,23061.01,5,RENT,6000,VENTURE,36,16.32,592,29.12,48.08,6,0,0,0
APP-11591,49,72409.87,0,MORTGAGE,8000,PERSONAL,36,14.63,696,13.71,46.77,18,0,0,0
APP-11592,69,74678.63,14,RENT,20000,PERSONAL,60,12.07,698,17.33,50.57,12,0,0,0
APP-11593,49,42993.34,14,MORTGAGE,7000,DEBTCONSOLIDATION,60,8.26,810,17.37,23.39,11,0,0,0
APP-11594,64,137839.07,13,RENT,26000,PERSONAL,36,13.11,662,3.05,31.37,13,0,0,0
APP-11595,36,103139.03,18,OTHER,10000,DEBTCONSOLIDATION,36,13.48,666,14.03,48.89,11,0,0,0
APP-11596,64,54638.16,18,MORTGAGE,21000,PERSONAL,60,12.98,704,29.06,37.99,8,0,2,0
APP-11597,67,44445.36,10,RENT,26000,DEBTCONSOLIDATION,36,11.36,685,30.14,32.4,6,0,0,0
APP-11598,30,136724.36,13,MORTGAGE,9000,PERSONAL,36,14.11,684,16.4,33.64,8,0,0,0
APP-11599,50,59307.62,0,RENT,38000,DEBTCONSOLIDATION,36,15.55,620,22.12,62.11,13,0,0,1
APP-11600,45,62474.8,17,RENT,39000,VENTURE,36,12.93,714,28.43,29.87,14,0,0,1
APP-11601,59,62083.05,16,RENT,3000,DEBTCONSOLIDATION,36,14.17,680,40.95,0.74,9,0,1,0
APP-11602,40,189387.84,0,MORTGAGE,23000,MEDICAL,36,14.43,611,11.93,38.88,9,1,0,0
APP-11603,25,53730.84,10,RENT,37000,PERSONAL,60,13.51,654,19.68,33.37,12,0,0,0
APP-11604,21,59170.54,18,MORTGAGE,5000,VENTURE,60,13.56,617,34.65,9.08,10,0,0,0
APP-11605,50,39516.31,2,MORTGAGE,2000,DEBTCONSOLIDATION,60,12.12,685,15.63,38.2,5,0,0,0
APP-11606,69,49278.85,6,MORTGAGE,34000,PERSONAL,36,9.24,775,20.57,35.53,9,0,3,0
APP-11607,23,35749.94,5,RENT,25000,HOMEIMPROVEMENT,36,16.97,645,23.36,6.12,8,0,0,0
APP-11608,65,39920.03,6,RENT,6000,DEBTCONSOLIDATION,36,14.03,684,15.68,22.5,11,0,0,0
APP-11609,34,24222.18,0,RENT,36000,HOMEIMPROVEMENT,36,10.94,691,9.78,56.86,18,1,0,0
APP-11610,50,93037.91,4,RENT,27000,DEBTCONSOLIDATION,36,8.04,772,10.98,57.29,13,0,0,0
APP-11611,24,64755.45,4,MORTGAGE,27000,PERSONAL,36,16.34,689,9.98,20.52,10,0,0,0
APP-11612,38,67477.85,17,OWN,6000,DEBTCONSOLIDATION,36,15.81,618,5.39,42.96,8,0,1,0
APP-11613,57,58324.69,6,RENT,19000,DEBTCONSOLIDATION,36,5.0,842,20.92,28.11,5,0,0,0
APP-11614,45,62061.62,8,MORTGAGE,26000,DEBTCONSOLIDATION,36,9.41,751,20.39,20.46,10,0,0,0
APP-11615,68,134533.64,6,RENT,39000,VENTURE,60,15.62,546,9.86,19.68,5,0,0,0
APP-11616,21,40766.4,1,RENT,22000,HOMEIMPROVEMENT,60,11.99,706,31.85,42.34,12,0,0,0
APP-11617,66,68815.09,20,MORTGAGE,25000,MEDICAL,36,10.7,754,24.35,5.86,9,0,0,0
APP-11618,35,68630.72,17,MORTGAGE,29000,MEDICAL,36,14.65,692,14.5,6.58,9,1,0,0
APP-11619,29,105978.83,10,MORTGAGE,5000,DEBTCONSOLIDATION,36,10.06,712,20.56,29.01,9,0,0,0
APP-11620,35,74557.61,9,MORTGAGE,9000,DEBTCONSOLIDATION,36,11.99,687,20.89,16.21,16,0,0,0
APP-11621,69,76455.14,13,RENT,34000,VENTURE,36,14.28,662,29.34,51.55,12,0,0,1
APP-11622,44,31916.08,5,MORTGAGE,4000,PERSONAL,36,16.55,614,14.16,81.45,11,0,0,0
APP-11623,24,39956.59,0,MORTGAGE,21000,MEDICAL,36,15.38,665,8.42,23.55,8,0,0,0
APP-11624,32,33408.17,7,MORTGAGE,36000,PERSONAL,60,15.08,549,36.68,68.51,10,0,0,0
APP-11625,57,18000.0,20,OWN,40000,PERSONAL,36,9.19,797,5.29,63.34,6,0,0,0
APP-11626,57,73028.11,2,RENT,8000,DEBTCONSOLIDATION,60,13.46,691,35.05,26.86,14,0,0,0
APP-11627,63,52532.41,10,MORTGAGE,28000,DEBTCONSOLIDATION,36,16.83,612,15.82,73.52,9,0,0,0
APP-11628,26,73096.51,0,RENT,6000,PERSONAL,36,12.62,692,22.46,18.84,9,0,0,0
APP-11629,59,60946.07,1,MORTGAGE,38000,DEBTCONSOLIDATION,36,10.76,766,25.41,22.32,8,0,0,0
APP-11630,66,67522.64,11,MORTGAGE,2000,DEBTCONSOLIDATION,36,13.47,731,19.11,54.79,7,0,0,0
APP-11631,44,116898.08,5,RENT,23000,DEBTCONSOLIDATION,60,14.81,627,4.61,41.38,10,0,0,0
APP-11632,31,60092.93,18,OTHER,8000,DEBTCONSOLIDATION,36,13.77,668,2.0,16.72,13,0,0,0
APP-11633,33,83658.19,7,RENT,9000,PERSONAL,36,10.79,742,6.32,45.72,9,0,0,0
APP-11634,54,51476.37,3,RENT,31000,VENTURE,36,13.83,646,14.28,9.65,10,0,0,0
APP-11635,45,90435.67,10,OWN,29000,VENTURE,36,9.97,712,8.33,36.34,7,0,0,0
APP-11636,27,32214.8,16,RENT,27000,MEDICAL,60,13.48,656,17.52,65.5,10,0,0,0
APP-11637,24,23890.16,0,RENT,35000,PERSONAL,36,13.99,685,3.64,12.27,11,3,0,0
APP-11638,28,171670.16,9,MORTGAGE,33000,PERSONAL,36,11.28,758,6.78,56.92,17,0,0,0
APP-11639,40,149964.23,15,MORTGAGE,23000,MEDICAL,60,14.06,651,26.98,81.84,12,0,0,0
APP-11640,49,22634.78,0,OWN,21000,DEBTCONSOLIDATION,60,16.41,589,33.96,30.38,11,0,0,1
APP-11641,65,58802.72,18,MORTGAGE,15000,DEBTCONSOLIDATION,36,5.23,825,48.39,56.06,6,0,0,0
APP-11642,66,64534.69,4,MORTGAGE,24000,DEBTCONSOLIDATION,60,15.1,671,30.23,75.75,7,0,0,0
APP-11643,30,85946.97,2,OWN,4000,MEDICAL,60,9.02,710,11.94,25.5,9,0,0,0
APP-11644,63,142857.72,11,MORTGAGE,20000,DEBTCONSOLIDATION,36,6.25,816,22.33,41.1,6,1,0,0
APP-11645,54,35217.38,2,RENT,15000,PERSONAL,60,11.58,723,7.4,20.0,16,0,0,0
APP-11646,46,36176.29,13,MORTGAGE,40000,VENTURE,36,13.8,685,31.18,37.13,10,0,0,0
APP-11647,61,59839.09,9,RENT,38000,DEBTCONSOLIDATION,60,14.93,692,35.3,70.72,11,0,0,0
APP-11648,69,36982.9,0,RENT,36000,MEDICAL,60,10.04,806,14.96,25.18,13,0,0,0
APP-11649,23,18000.0,19,MORTGAGE,2000,DEBTCONSOLIDATION,60,11.94,743,13.6,19.06,9,0,0,0
APP-11650,26,53443.48,13,OWN,20000,HOMEIMPROVEMENT,36,14.44,661,9.0,10.43,5,0,0,0
APP-11651,25,91929.01,10,RENT,16000,HOMEIMPROVEMENT,36,6.68,745,25.53,10.23,7,0,0,0
APP-11652,25,59264.53,6,RENT,26000,DEBTCONSOLIDATION,60,14.72,655,4.76,50.35,12,0,0,1
APP-11653,67,81799.19,1,MORTGAGE,2000,DEBTCONSOLIDATION,36,13.82,706,13.32,86.92,8,1,0,0
APP-11654,43,76153.25,14,RENT,32000,DEBTCONSOLIDATION,60,8.99,732,7.93,76.53,16,0,0,0
APP-11655,69,35828.8,16,RENT,38000,HOMEIMPROVEMENT,36,14.6,647,25.92,47.75,6,1,3,0
APP-11656,29,61945.53,1,MORTGAGE,23000,DEBTCONSOLIDATION,60,11.41,662,14.8,39.53,12,1,0,0
APP-11657,55,27928.97,9,RENT,21000,HOMEIMPROVEMENT,60,15.07,658,16.54,6.45,10,0,0,0
APP-11658,40,46353.16,9,RENT,6000,VENTURE,60,13.96,617,5.97,21.46,9,1,0,0
APP-11659,69,61403.77,6,MORTGAGE,16000,DEBTCONSOLIDATION,36,16.18,694,13.16,16.7,5,1,0,0
APP-11660,62,59839.64,16,MORTGAGE,3000,HOMEIMPROVEMENT,60,14.24,685,14.88,49.57,11,2,1,0
APP-11661,55,31399.04,0,RENT,13000,DEBTCONSOLIDATION,36,12.41,707,28.13,30.8,7,0,0,0
APP-11662,38,34734.97,2,MORTGAGE,8000,EDUCATION,36,11.98,713,9.47,83.15,5,0,0,0
APP-11663,37,69250.1,0,RENT,3000,DEBTCONSOLIDATION,60,15.06,659,41.45,27.23,6,0,0,0
APP-11664,44,90553.55,6,OWN,9000,PERSONAL,36,12.03,739,12.31,35.47,6,0,0,0
APP-11665,23,53987.96,4,RENT,10000,EDUCATION,36,12.97,697,11.11,81.76,11,0,0,0
APP-11666,52,52653.43,17,OWN,28000,MEDICAL,60,14.25,602,13.77,40.27,9,0,0,1
APP-11667,55,95381.32,15,MORTGAGE,29000,HOMEIMPROVEMENT,36,13.22,710,6.94,61.07,6,0,0,0
APP-11668,58,40699.33,0,MORTGAGE,38000,DEBTCONSOLIDATION,60,13.42,650,20.13,36.19,9,0,0,0
APP-11669,33,141990.41,15,RENT,16000,HOMEIMPROVEMENT,36,16.26,528,24.77,37.18,7,0,0,1
APP-11670,67,30557.45,13,MORTGAGE,20000,PERSONAL,36,8.71,798,4.19,37.01,11,0,0,0
APP-11671,45,101138.7,4,RENT,31000,DEBTCONSOLIDATION,60,16.28,576,5.79,61.69,13,0,0,0
APP-11672,29,78400.37,0,RENT,14000,VENTURE,36,15.18,633,21.49,47.77,10,0,0,0
APP-11673,24,199797.63,0,RENT,7000,MEDICAL,36,12.97,673,23.28,17.48,6,1,0,0
APP-11674,34,34180.66,3,MORTGAGE,31000,PERSONAL,60,11.59,698,10.13,10.08,8,0,0,0
APP-11675,57,18638.57,16,RENT,2000,HOMEIMPROVEMENT,36,13.13,701,2.0,6.29,12,2,0,0
APP-11676,54,111828.66,8,OTHER,39000,DEBTCONSOLIDATION,36,14.38,668,16.05,72.15,8,0,1,0
APP-11677,31,28690.84,19,RENT,26000,DEBTCONSOLIDATION,60,13.75,592,12.09,11.54,9,1,0,0
APP-11678,61,81461.7,16,MORTGAGE,36000,PERSONAL,60,11.42,716,15.52,46.22,12,0,0,0
APP-11679,23,108128.49,4,RENT,27000,DEBTCONSOLIDATION,60,15.32,626,17.9,38.78,12,0,0,0
APP-11680,48,72394.12,17,RENT,14000,MEDICAL,36,10.29,722,15.64,16.92,10,1,0,0
APP-11681,49,67244.5,0,RENT,20000,VENTURE,36,12.17,725,31.81,45.58,8,1,0,0
APP-11682,29,73164.82,0,OWN,11000,HOMEIMPROVEMENT,36,12.68,693,2.46,48.13,10,0,0,0
APP-11683,23,91008.75,12,RENT,8000,EDUCATION,36,14.81,626,4.72,46.11,11,0,0,0
APP-11684,45,80300.75,6,MORTGAGE,16000,DEBTCONSOLIDATION,36,12.78,661,6.86,36.48,8,0,0,0
APP-11685,54,32588.28,5,RENT,24000,MEDICAL,60,8.24,799,21.77,67.71,9,3,0,0
APP-11686,32,149118.99,13,MORTGAGE,37000,DEBTCONSOLIDATION,36,14.69,681,37.72,41.57,7,1,0,0
APP-11687,62,61423.88,17,RENT,32000,PERSONAL,36,18.2,596,24.26,10.1,3,0,0,0
APP-11688,29,77588.21,5,RENT,9000,PERSONAL,60,10.1,730,27.47,13.99,12,0,3,1
APP-11689,35,85433.58,5,MORTGAGE,31000,PERSONAL,36,14.05,647,11.07,65.16,8,0,0,0
APP-11690,60,106720.0,10,RENT,35000,VENTURE,36,8.81,760,17.97,38.43,4,1,0,0
APP-11691,45,101321.45,13,MORTGAGE,34000,DEBTCONSOLIDATION,36,17.75,548,11.05,47.01,12,0,0,0
APP-11692,25,63950.74,2,RENT,2000,PERSONAL,36,12.53,707,16.86,32.23,15,0,0,0
APP-11693,31,61928.34,19,MORTGAGE,17000,DEBTCONSOLIDATION,60,8.57,809,12.84,48.81,10,1,0,0
APP-11694,54,73445.98,13,RENT,12000,VENTURE,36,7.15,736,41.8,59.12,16,0,0,0
APP-11695,44,103780.2,12,RENT,28000,PERSONAL,36,13.12,731,40.17,49.89,12,0,1,1
APP-11696,35,34327.06,18,MORTGAGE,23000,DEBTCONSOLIDATION,60,13.8,641,35.38,36.5,14,3,0,1
APP-11697,58,82623.36,18,RENT,20000,DEBTCONSOLIDATION,36,13.16,628,18.64,34.37,11,0,0,0
APP-11698,28,38439.42,1,MORTGAGE,7000,DEBTCONSOLIDATION,60,12.58,660,12.68,28.35,7,0,0,0
APP-11699,25,151086.34,1,MORTGAGE,40000,HOMEIMPROVEMENT,60,13.16,723,17.24,46.43,9,0,2,0
APP-11700,68,71944.99,15,OWN,21000,PERSONAL,36,14.37,675,12.92,23.59,11,0,0,0
APP-11701,46,48629.53,20,RENT,4000,VENTURE,60,16.14,594,7.02,60.78,9,0,0,0
APP-11702,38,74188.05,13,MORTGAGE,2000,PERSONAL,36,11.18,731,24.52,26.68,8,0,0,0
APP-11703,26,60150.25,7,RENT,24000,DEBTCONSOLIDATION,36,10.75,693,31.42,32.26,9,0,0,0
APP-11704,57,55265.63,13,RENT,39000,EDUCATION,36,13.43,713,4.43,56.57,11,0,0,0
APP-11705,68,24230.98,3,MORTGAGE,4000,MEDICAL,36,14.96,667,14.45,45.58,9,0,0,0
APP-11706,33,35878.86,20,RENT,35000,DEBTCONSOLIDATION,36,14.56,694,19.14,51.68,6,0,0,0
APP-11707,48,55813.63,8,MORTGAGE,18000,MEDICAL,36,11.88,723,26.02,10.74,11,0,1,0
APP-11708,25,25740.55,19,MORTGAGE,28000,HOMEIMPROVEMENT,36,15.52,663,24.87,59.42,9,0,0,0
APP-11709,33,44641.17,8,MORTGAGE,40000,PERSONAL,60,13.43,634,3.1,27.73,5,0,0,0
APP-11710,37,46632.95,19,RENT,24000,PERSONAL,36,15.85,607,15.31,53.09,9,0,0,1
APP-11711,60,40549.5,5,RENT,39000,PERSONAL,36,14.3,686,11.15,43.76,13,0,0,0
APP-11712,65,88095.56,15,RENT,12000,VENTURE,60,13.46,701,17.89,12.89,8,1,0,0
APP-11713,52,38557.86,19,RENT,16000,DEBTCONSOLIDATION,60,13.38,740,15.66,32.71,5,0,0,0
APP-11714,49,62580.21,12,RENT,27000,DEBTCONSOLIDATION,36,10.29,733,13.2,24.85,8,1,0,0
APP-11715,23,50182.32,13,RENT,12000,PERSONAL,36,14.12,688,22.98,39.49,11,0,0,0
APP-11716,60,56421.26,0,MORTGAGE,8000,DEBTCONSOLIDATION,60,10.56,701,26.12,50.52,9,0,0,0
APP-11717,54,133679.49,9,RENT,9000,PERSONAL,36,6.32,793,4.57,24.26,11,0,0,0
APP-11718,60,65502.47,18,MORTGAGE,6000,EDUCATION,36,11.95,728,6.16,43.81,17,0,0,0
APP-11719,47,72151.0,3,OWN,18000,HOMEIMPROVEMENT,60,14.89,705,15.09,77.39,8,0,1,0
APP-11720,33,40834.86,16,RENT,24000,EDUCATION,36,17.13,630,25.28,45.01,4,0,0,0
APP-11721,65,81885.31,13,RENT,3000,HOMEIMPROVEMENT,36,12.5,661,21.84,57.14,7,3,0,0
APP-11722,53,80176.44,3,MORTGAGE,28000,DEBTCONSOLIDATION,60,16.14,596,45.52,45.24,12,0,0,1
APP-11723,26,76405.07,4,RENT,22000,MEDICAL,36,10.51,706,10.88,27.29,4,0,0,0
APP-11724,44,32709.2,7,MORTGAGE,8000,DEBTCONSOLIDATION,36,14.63,644,17.88,22.43,8,1,0,0
APP-11725,39,44684.25,1,RENT,39000,MEDICAL,36,15.98,627,25.14,50.99,12,0,0,0
APP-11726,36,122613.21,19,RENT,27000,HOMEIMPROVEMENT,36,11.47,710,24.96,37.21,8,0,0,0
APP-11727,60,42451.93,15,RENT,31000,VENTURE,60,10.86,753,27.34,52.07,5,0,0,0
APP-11728,48,131267.7,6,RENT,13000,DEBTCONSOLIDATION,36,13.2,649,23.58,42.93,12,0,0,0
APP-11729,53,45560.74,5,RENT,12000,VENTURE,36,12.63,669,17.99,38.14,9,0,0,0
APP-11730,68,64479.85,13,RENT,18000,HOMEIMPROVEMENT,60,12.03,671,8.54,84.07,10,0,0,0
APP-11731,61,54525.04,7,RENT,11000,DEBTCONSOLIDATION,36,8.42,774,13.53,62.43,7,0,0,0
APP-11732,33,39245.71,3,MORTGAGE,17000,MEDICAL,36,17.95,619,4.87,50.13,9,0,0,0
APP-11733,63,39529.22,8,RENT,16000,MEDICAL,36,19.08,537,7.06,30.98,15,0,2,0
APP-11734,65,42103.18,18,MORTGAGE,16000,PERSONAL,60,9.15,714,13.98,17.59,10,0,0,0
APP-11735,45,64474.96,0,RENT,21000,PERSONAL,36,19.07,533,14.53,61.77,8,0,0,0
APP-11736,62,93452.52,6,RENT,5000,PERSONAL,60,15.73,628,16.36,38.26,7,0,0,0
APP-11737,56,62416.09,20,RENT,33000,HOMEIMPROVEMENT,36,11.31,807,15.12,57.55,11,0,0,0
APP-11738,47,58883.19,0,MORTGAGE,23000,VENTURE,36,11.13,685,23.8,16.94,9,0,0,0
APP-11739,58,109665.38,18,MORTGAGE,36000,PERSONAL,60,12.87,711,7.14,22.47,11,0,0,0
APP-11740,27,61124.56,6,RENT,15000,DEBTCONSOLIDATION,60,10.74,742,21.43,26.52,9,0,0,0
APP-11741,25,45641.3,2,RENT,31000,DEBTCONSOLIDATION,60,16.38,600,19.3,26.28,11,0,0,0
APP-11742,63,36356.54,0,OTHER,32000,HOMEIMPROVEMENT,60,13.23,705,18.97,42.07,9,0,0,0
APP-11743,65,113009.1,0,MORTGAGE,11000,HOMEIMPROVEMENT,36,13.38,582,7.35,65.84,7,0,0,0
APP-11744,51,50782.2,2,RENT,7000,PERSONAL,36,15.26,643,16.58,10.55,12,0,0,0
APP-11745,43,44833.6,0,MORTGAGE,28000,DEBTCONSOLIDATION,36,13.79,685,14.63,28.91,9,1,0,0
APP-11746,62,42936.54,5,RENT,12000,DEBTCONSOLIDATION,60,15.21,633,11.83,38.71,10,0,0,0
APP-11747,30,109874.63,0,RENT,37000,PERSONAL,60,11.45,682,11.76,14.05,6,0,0,0
APP-11748,52,44959.3,14,MORTGAGE,11000,DEBTCONSOLIDATION,36,10.79,739,10.39,61.37,10,0,0,0
APP-11749,63,98246.15,16,MORTGAGE,17000,DEBTCONSOLIDATION,36,16.72,639,14.2,26.24,9,0,0,0
APP-11750,50,53358.9,18,RENT,25000,VENTURE,60,11.58,721,10.3,64.78,8,1,0,0
APP-11751,59,32722.23,10,MORTGAGE,22000,PERSONAL,60,16.15,629,2.88,61.54,20,0,2,0
APP-11752,51,50703.7,19,MORTGAGE,37000,PERSONAL,60,11.05,759,9.24,35.76,13,0,0,0
APP-11753,38,58900.42,0,RENT,24000,PERSONAL,36,12.97,732,19.94,70.12,8,0,0,0
APP-11754,56,56523.66,1,RENT,22000,HOMEIMPROVEMENT,36,13.77,730,10.93,2.57,8,0,0,0
APP-11755,22,55826.73,4,MORTGAGE,33000,DEBTCONSOLIDATION,36,7.83,741,19.62,49.39,9,0,0,0
APP-11756,34,50971.79,16,RENT,18000,MEDICAL,36,7.28,815,33.68,36.61,7,0,0,0
APP-11757,33,40436.78,18,MORTGAGE,18000,DEBTCONSOLIDATION,36,12.32,704,10.5,40.58,11,0,0,0
APP-11758,49,60196.46,12,RENT,22000,HOMEIMPROVEMENT,36,17.92,635,24.68,40.53,12,1,0,0
APP-11759,32,78470.2,6,RENT,5000,HOMEIMPROVEMENT,36,13.11,726,32.75,39.55,9,0,0,0
APP-11760,59,28816.46,13,OWN,24000,DEBTCONSOLIDATION,36,13.22,700,10.54,20.64,5,0,0,0
APP-11761,22,114637.6,2,OTHER,26000,EDUCATION,36,13.14,703,15.41,32.07,9,0,0,0
APP-11762,52,18000.0,8,MORTGAGE,33000,DEBTCONSOLIDATION,36,10.67,708,11.19,5.25,11,0,0,0
APP-11763,33,62169.78,9,MORTGAGE,7000,DEBTCONSOLIDATION,36,17.27,588,5.99,59.35,7,0,1,0
APP-11764,66,75587.29,0,MORTGAGE,15000,PERSONAL,36,12.43,634,27.43,44.83,11,0,0,0
APP-11765,47,44281.56,0,MORTGAGE,39000,VENTURE,36,16.07,605,21.93,41.58,14,0,0,0
APP-11766,69,20683.31,15,RENT,39000,DEBTCONSOLIDATION,36,8.57,827,10.43,43.97,7,0,0,0
APP-11767,61,57047.41,10,RENT,17000,PERSONAL,36,9.93,807,11.85,9.67,12,0,0,0
APP-11768,37,65176.09,5,MORTGAGE,33000,DEBTCONSOLIDATION,36,5.37,834,24.36,55.31,10,0,0,0
APP-11769,60,33713.06,8,RENT,17000,PERSONAL,36,8.5,794,10.35,34.41,7,0,1,0
APP-11770,51,39534.67,20,RENT,20000,HOMEIMPROVEMENT,36,11.11,684,12.97,56.02,13,0,0,0
APP-11771,54,96892.37,7,MORTGAGE,38000,DEBTCONSOLIDATION,36,17.24,621,32.08,14.74,3,0,0,0
APP-11772,44,63502.9,0,RENT,22000,DEBTCONSOLIDATION,36,15.22,694,37.25,5.96,15,2,0,0
APP-11773,65,28160.1,8,RENT,16000,DEBTCONSOLIDATION,36,10.11,802,19.88,9.93,7,1,0,0
APP-11774,55,74975.37,13,RENT,27000,MEDICAL,60,10.26,708,12.02,50.38,11,0,0,0
APP-11775,68,37599.3,0,RENT,31000,MEDICAL,36,12.58,694,27.39,75.38,14,0,0,0
APP-11776,26,40644.5,5,MORTGAGE,16000,PERSONAL,36,13.28,699,24.95,38.01,8,1,0,0
APP-11777,39,66093.7,7,MORTGAGE,14000,MEDICAL,60,13.04,694,21.17,9.53,17,0,1,1
APP-11778,50,63085.42,8,MORTGAGE,28000,PERSONAL,36,13.68,687,6.9,66.72,11,0,1,1
APP-11779,27,48956.96,5,MORTGAGE,24000,PERSONAL,36,13.88,668,16.1,32.54,11,0,0,0
APP-11780,30,46531.99,13,MORTGAGE,35000,PERSONAL,36,10.26,771,24.78,59.03,15,0,0,0
APP-11781,61,52817.64,19,MORTGAGE,35000,VENTURE,36,13.35,632,17.06,54.38,8,1,0,0
APP-11782,52,40526.17,19,RENT,24000,DEBTCONSOLIDATION,36,13.74,699,8.78,28.37,6,1,0,0
APP-11783,54,103208.46,13,MORTGAGE,21000,DEBTCONSOLIDATION,36,11.06,664,6.29,51.32,11,0,0,0
APP-11784,48,27320.79,9,MORTGAGE,10000,VENTURE,36,16.6,622,17.64,6.14,14,0,0,0
APP-11785,35,53080.28,17,OWN,21000,MEDICAL,60,10.56,654,34.53,36.82,9,0,0,0
APP-11786,50,28862.47,17,OWN,40000,DEBTCONSOLIDATION,36,16.53,635,11.0,29.91,6,0,0,1
APP-11787,57,95606.96,17,RENT,15000,HOMEIMPROVEMENT,36,15.41,617,23.87,38.21,11,0,0,0
APP-11788,49,,1,RENT,27000,DEBTCONSOLIDATION,36,11.54,708,3.4,13.15,12,1,0,0
APP-11789,42,35300.97,0,MORTGAGE,28000,DEBTCONSOLIDATION,60,11.43,776,4.9,14.81,12,0,0,0
APP-11790,24,84332.6,20,RENT,35000,DEBTCONSOLIDATION,36,15.96,632,27.19,66.28,10,0,0,0
APP-11791,40,19035.0,20,RENT,30000,PERSONAL,36,13.18,659,25.1,21.75,5,0,0,0
APP-11792,52,68902.11,11,RENT,33000,DEBTCONSOLIDATION,36,15.68,674,46.44,11.36,14,0,0,0
APP-11793,56,106472.77,20,RENT,6000,DEBTCONSOLIDATION,36,12.26,704,12.09,22.09,11,0,0,0
APP-11794,24,65497.8,15,RENT,5000,DEBTCONSOLIDATION,36,12.21,706,29.82,35.52,13,0,0,0
APP-11795,47,46478.48,10,MORTGAGE,24000,DEBTCONSOLIDATION,60,11.88,728,4.69,14.82,10,0,0,0
APP-11796,37,32173.84,7,OTHER,22000,DEBTCONSOLIDATION,60,15.77,619,16.63,44.12,13,0,0,1
APP-11797,32,102873.7,11,RENT,34000,DEBTCONSOLIDATION,36,16.52,592,23.87,27.36,7,0,0,0
APP-11798,42,95197.69,9,RENT,25000,MEDICAL,60,16.09,634,17.13,51.92,12,0,0,0
APP-11799,37,43361.15,20,MORTGAGE,17000,PERSONAL,60,13.85,648,17.6,47.38,8,0,0,0
APP-11800,30,43944.43,9,RENT,33000,VENTURE,60,15.17,661,17.02,77.08,10,0,0,0
APP-11801,21,108378.34,17,OWN,20000,PERSONAL,36,13.72,624,42.45,49.74,10,0,0,1
APP-11802,42,78104.78,16,RENT,27000,DEBTCONSOLIDATION,36,13.02,688,14.57,8.36,5,0,0,0
APP-11803,46,24506.85,0,OTHER,4000,DEBTCONSOLIDATION,36,12.62,710,9.7,23.44,15,1,0,0
APP-11804,38,54292.9,0,RENT,36000,MEDICAL,60,9.97,739,11.07,68.62,13,2,0,0
APP-11805,34,53301.61,13,MORTGAGE,40000,DEBTCONSOLIDATION,36,14.22,641,11.84,61.11,12,0,0,1
APP-11806,67,67766.09,4,MORTGAGE,19000,MEDICAL,36,13.59,694,13.34,72.98,7,0,0,0
APP-11807,49,60055.42,13,OWN,8000,HOMEIMPROVEMENT,36,9.37,749,28.21,22.72,11,0,0,0
APP-11808,32,46334.61,1,MORTGAGE,33000,EDUCATION,36,17.61,587,27.28,79.72,8,1,0,1
APP-11809,56,65459.04,7,MORTGAGE,25000,MEDICAL,36,14.98,651,24.75,22.71,9,0,0,0
APP-11810,55,47863.63,0,MORTGAGE,17000,MEDICAL,36,15.49,610,15.88,8.97,12,0,0,0
APP-11811,32,330081.05,4,MORTGAGE,25000,DEBTCONSOLIDATION,60,11.51,707,6.19,37.37,6,0,0,0
APP-11812,27,63663.33,0,OWN,5000,DEBTCONSOLIDATION,36,7.55,799,11.68,19.15,11,0,0,0
APP-11813,49,59435.7,20,RENT,33000,DEBTCONSOLIDATION,36,16.88,649,14.43,59.33,12,0,0,0
APP-11814,31,150452.66,7,RENT,35000,HOMEIMPROVEMENT,36,9.33,769,9.11,30.2,12,0,0,0
APP-11815,53,30267.45,18,RENT,20000,HOMEIMPROVEMENT,36,8.47,750,35.96,70.25,6,1,0,0
APP-11816,26,56670.75,20,RENT,15000,DEBTCONSOLIDATION,36,10.84,694,17.27,65.35,8,0,0,0
APP-11817,67,37242.22,18,MORTGAGE,39000,HOMEIMPROVEMENT,36,14.01,666,23.72,39.03,8,1,0,0
APP-11818,35,82248.88,8,RENT,14000,DEBTCONSOLIDATION,36,13.02,658,19.84,3.91,11,0,0,0
APP-11819,52,46761.96,15,MORTGAGE,23000,PERSONAL,36,6.96,791,10.21,77.6,11,0,2,0
APP-11820,31,80021.2,1,MORTGAGE,32000,PERSONAL,36,12.97,645,14.81,42.26,14,0,0,0
APP-11821,43,77190.02,0,MORTGAGE,31000,MEDICAL,36,13.45,716,19.49,21.49,17,0,3,0
APP-11822,46,88449.42,18,MORTGAGE,24000,HOMEIMPROVEMENT,60,15.85,642,27.35,56.15,8,0,0,0
APP-11823,54,77828.22,0,RENT,13000,EDUCATION,36,14.06,593,14.52,35.13,7,0,1,0
APP-11824,66,53529.08,20,OWN,15000,EDUCATION,60,11.32,639,23.93,25.46,11,0,0,0
APP-11825,54,29767.53,13,RENT,37000,PERSONAL,36,11.85,781,5.19,46.31,15,2,0,0
APP-11826,49,99165.2,7,MORTGAGE,9000,DEBTCONSOLIDATION,36,8.05,765,2.27,28.82,11,0,0,0
APP-11827,24,121117.17,1,RENT,25000,DEBTCONSOLIDATION,60,13.07,660,17.4,25.32,9,0,0,0
APP-11828,37,37461.38,14,RENT,4000,MEDICAL,36,7.0,850,12.14,91.3,13,0,0,0
APP-11829,55,86503.37,11,OWN,15000,PERSONAL,36,7.27,775,10.48,51.18,11,0,1,0
APP-11830,33,33350.19,14,MORTGAGE,12000,DEBTCONSOLIDATION,36,14.73,648,23.18,43.66,11,0,1,0
APP-11831,61,66284.81,7,RENT,39000,DEBTCONSOLIDATION,36,11.31,674,22.13,61.2,15,0,0,0
APP-11832,59,73475.72,0,MORTGAGE,29000,DEBTCONSOLIDATION,36,12.46,674,13.36,11.42,11,0,0,0
APP-11833,35,48382.34,5,MORTGAGE,24000,DEBTCONSOLIDATION,36,17.36,649,14.52,44.4,11,0,0,0
APP-11834,49,62789.03,5,RENT,19000,DEBTCONSOLIDATION,36,11.05,724,12.93,40.05,6,0,0,0
APP-11835,49,91500.67,0,MORTGAGE,21000,HOMEIMPROVEMENT,60,11.94,709,18.56,39.85,9,0,0,1
APP-11836,31,56686.52,0,MORTGAGE,34000,DEBTCONSOLIDATION,60,9.64,721,13.21,65.37,10,0,0,0
APP-11837,52,42720.37,5,OWN,3000,MEDICAL,36,7.92,723,23.02,81.41,13,0,0,0
APP-11838,22,32471.25,14,MORTGAGE,40000,HOMEIMPROVEMENT,36,13.62,709,15.11,67.13,9,0,0,0
APP-11839,67,49247.69,12,MORTGAGE,38000,MEDICAL,36,16.1,635,12.69,25.55,10,1,0,0
APP-11840,34,33277.58,3,RENT,27000,DEBTCONSOLIDATION,36,13.67,680,11.77,73.21,11,0,0,0
APP-11841,40,49578.27,11,RENT,3000,PERSONAL,36,12.75,688,19.68,85.67,10,0,0,0
APP-11842,42,47447.48,12,RENT,4000,DEBTCONSOLIDATION,60,13.48,678,23.09,42.42,12,0,0,0
APP-11843,31,89505.24,10,OWN,21000,MEDICAL,36,13.57,732,23.23,51.33,6,0,0,0
APP-11844,47,62114.67,10,RENT,11000,DEBTCONSOLIDATION,36,13.96,689,11.45,64.18,8,3,0,0
APP-11845,23,213978.29,6,RENT,22000,VENTURE,36,10.76,779,26.87,63.07,8,0,0,0
APP-11846,37,21877.31,1,MORTGAGE,10000,MEDICAL,36,13.3,680,16.4,67.91,3,0,0,0
APP-11847,64,70030.47,7,RENT,3000,PERSONAL,60,7.56,782,16.76,51.15,9,0,0,0
APP-11848,48,47773.28,6,OWN,29000,DEBTCONSOLIDATION,36,12.16,679,15.04,52.01,16,0,0,0
APP-11849,49,37122.54,11,RENT,4000,HOMEIMPROVEMENT,36,7.28,705,9.96,55.15,7,0,0,0
APP-11850,41,58989.53,17,MORTGAGE,17000,HOMEIMPROVEMENT,36,11.56,707,13.76,54.39,15,0,0,0
APP-11851,67,56822.72,6,RENT,5000,HOMEIMPROVEMENT,36,14.21,603,5.64,8.63,7,5,0,0
APP-11852,36,102632.14,14,RENT,24000,DEBTCONSOLIDATION,36,18.9,602,13.15,21.96,16,0,0,0
APP-11853,57,62669.44,16,MORTGAGE,31000,VENTURE,36,12.56,704,27.12,10.65,12,4,0,1
APP-11854,40,42344.73,3,MORTGAGE,39000,DEBTCONSOLIDATION,36,18.11,619,16.76,68.68,11,0,0,1
APP-11855,26,70763.97,18,RENT,14000,PERSONAL,36,10.22,720,23.04,14.85,5,1,0,0
APP-11856,39,53379.08,0,RENT,7000,DEBTCONSOLIDATION,36,11.19,783,8.66,14.29,8,0,0,0
APP-11857,25,34107.1,18,RENT,11000,MEDICAL,36,15.3,638,15.93,43.84,11,0,0,0
APP-11858,23,52877.19,1,RENT,18000,PERSONAL,36,14.96,671,23.12,77.17,8,2,2,1
APP-11859,21,67202.86,5,MORTGAGE,9000,PERSONAL,60,17.56,547,17.04,16.81,9,0,0,0
APP-11860,58,62077.64,12,MORTGAGE,10000,DEBTCONSOLIDATION,60,16.99,568,16.67,32.07,10,0,0,0
APP-11861,35,70626.2,18,RENT,35000,MEDICAL,60,12.39,724,29.6,23.98,13,0,0,0
APP-11862,54,46016.6,4,RENT,18000,DEBTCONSOLIDATION,36,12.97,691,23.36,1.96,10,1,0,0
APP-11863,55,70179.11,15,MORTGAGE,23000,PERSONAL,36,13.8,641,39.89,64.09,8,0,0,0
APP-11864,69,63580.23,14,RENT,4000,EDUCATION,60,16.61,526,2.3,48.7,15,1,1,1
APP-11865,45,63838.69,1,MORTGAGE,30000,DEBTCONSOLIDATION,60,16.03,662,8.01,14.99,6,2,0,0
APP-11866,44,60850.68,9,MORTGAGE,40000,HOMEIMPROVEMENT,60,9.88,697,10.46,87.69,7,0,1,1
APP-11867,32,177734.58,9,RENT,28000,DEBTCONSOLIDATION,36,10.57,767,4.26,19.63,11,0,0,0
APP-11868,38,104303.81,5,RENT,40000,PERSONAL,36,13.63,670,52.76,58.17,10,0,0,0
APP-11869,35,69403.73,15,RENT,38000,PERSONAL,36,5.0,850,15.07,46.41,10,0,0,0
APP-11870,64,40130.68,19,MORTGAGE,4000,MEDICAL,36,14.09,662,13.67,66.2,17,1,0,0
APP-11871,36,51732.1,14,MORTGAGE,20000,DEBTCONSOLIDATION,36,15.32,619,7.03,23.96,9,0,0,0
APP-11872,47,134308.42,20,MORTGAGE,35000,DEBTCONSOLIDATION,60,9.31,789,21.35,23.63,11,0,0,0
APP-11873,28,45185.49,0,OTHER,15000,MEDICAL,36,10.53,774,16.16,74.42,11,0,0,0
APP-11874,66,55112.68,0,MORTGAGE,22000,MEDICAL,36,7.56,772,26.16,23.27,13,0,0,0
APP-11875,45,53599.68,18,MORTGAGE,3000,DEBTCONSOLIDATION,36,10.01,797,22.34,23.29,12,0,0,0
APP-11876,37,71965.61,18,RENT,11000,DEBTCONSOLIDATION,60,10.23,728,18.16,15.33,12,0,1,0
APP-11877,49,48130.76,0,RENT,18000,PERSONAL,36,13.61,649,13.98,41.84,12,0,0,0
APP-11878,28,65409.91,6,RENT,3000,HOMEIMPROVEMENT,60,16.8,575,15.17,43.97,3,0,0,0
APP-11879,35,48671.14,17,MORTGAGE,28000,DEBTCONSOLIDATION,36,14.98,682,23.22,56.7,11,0,0,0
APP-11880,47,115526.52,1,RENT,2000,VENTURE,60,14.7,631,22.52,89.85,15,0,0,0
APP-11881,66,42483.08,4,MORTGAGE,37000,PERSONAL,60,11.77,680,14.74,68.19,8,0,0,1
APP-11882,27,97618.51,13,MORTGAGE,34000,DEBTCONSOLIDATION,36,19.33,561,27.28,25.81,5,0,1,0
APP-11883,23,44686.74,20,RENT,23000,HOMEIMPROVEMENT,60,14.82,588,16.68,15.98,9,0,0,0
APP-11884,49,39070.65,16,MORTGAGE,36000,HOMEIMPROVEMENT,36,11.09,715,13.14,17.42,13,0,0,0
APP-11885,64,42175.87,15,RENT,35000,HOMEIMPROVEMENT,36,14.07,709,20.71,52.32,10,0,0,0
APP-11886,44,25445.19,6,MORTGAGE,19000,VENTURE,36,14.67,661,22.01,34.64,12,2,0,0
APP-11887,23,74555.51,13,MORTGAGE,37000,DEBTCONSOLIDATION,60,15.17,595,36.05,40.75,11,4,0,1
APP-11888,40,33456.85,0,MORTGAGE,4000,HOMEIMPROVEMENT,60,10.9,699,15.4,38.58,8,0,0,0
APP-11889,66,50063.14,20,RENT,17000,MEDICAL,36,14.73,661,6.39,36.29,17,2,0,0
APP-11890,35,87624.05,9,RENT,12000,PERSONAL,36,11.93,657,22.45,59.43,11,0,0,0
APP-11891,45,86221.63,12,RENT,11000,PERSONAL,36,12.24,760,18.95,53.15,11,0,0,0
APP-11892,50,29265.67,18,RENT,22000,VENTURE,36,10.1,774,8.84,30.51,12,0,0,0
APP-11893,34,69931.52,0,OWN,26000,DEBTCONSOLIDATION,60,10.58,718,15.45,37.76,11,0,0,0
APP-11894,27,105899.63,20,RENT,36000,DEBTCONSOLIDATION,36,12.83,712,27.72,51.66,5,0,0,0
APP-11895,37,43546.24,6,OWN,7000,MEDICAL,36,13.0,771,6.74,39.78,12,2,0,0
APP-11896,64,77403.45,5,OWN,9000,PERSONAL,60,14.01,683,7.85,80.72,11,0,0,0
APP-11897,40,33804.87,1,RENT,35000,VENTURE,36,13.73,653,38.01,23.64,8,1,0,0
APP-11898,56,72607.86,17,RENT,2000,DEBTCONSOLIDATION,36,13.58,691,43.13,61.21,7,0,0,0
APP-11899,29,63935.86,18,MORTGAGE,4000,DEBTCONSOLIDATION,60,13.8,740,32.69,20.72,13,0,0,0
APP-11900,58,83330.8,0,RENT,39000,VENTURE,60,14.06,705,18.96,79.73,8,0,0,0
APP-11901,68,80787.14,0,MORTGAGE,28000,DEBTCONSOLIDATION,36,17.48,556,14.37,64.05,12,0,0,0
APP-11902,42,30432.25,19,RENT,14000,MEDICAL,36,10.56,754,36.07,61.36,12,0,0,0
APP-11903,22,64104.93,1,RENT,20000,DEBTCONSOLIDATION,36,12.66,715,10.84,60.16,12,0,0,0
APP-11904,44,123804.23,12,RENT,20000,EDUCATION,36,11.99,711,17.6,34.11,13,0,0,0
APP-11905,28,20077.31,12,RENT,7000,VENTURE,60,9.96,741,18.88,55.13,8,0,0,0
APP-11906,31,97096.74,18,MORTGAGE,15000,PERSONAL,60,14.83,678,17.02,44.74,16,2,0,0
APP-11907,33,133366.01,11,OTHER,6000,HOMEIMPROVEMENT,36,12.93,706,22.21,52.27,10,3,0,1
APP-11908,37,28500.65,8,RENT,37000,PERSONAL,36,12.62,740,10.56,26.0,9,0,0,0
APP-11909,28,42815.29,20,MORTGAGE,10000,MEDICAL,36,9.76,724,13.82,51.62,10,2,0,0
APP-11910,41,77565.01,3,RENT,24000,PERSONAL,36,14.54,635,6.46,66.89,9,0,0,0
APP-11911,38,,4,RENT,33000,EDUCATION,36,12.72,674,21.24,72.1,9,0,0,0
APP-11912,50,118455.14,0,MORTGAGE,30000,DEBTCONSOLIDATION,36,13.21,656,5.99,9.47,7,0,0,0
APP-11913,38,101665.99,20,MORTGAGE,29000,HOMEIMPROVEMENT,36,12.78,679,37.1,32.72,7,0,0,0
APP-11914,66,29957.0,14,RENT,12000,DEBTCONSOLIDATION,36,8.63,766,34.15,37.3,9,0,0,0
APP-11915,67,41293.94,0,MORTGAGE,20000,DEBTCONSOLIDATION,60,12.68,752,24.56,23.14,5,0,0,0
APP-11916,51,87984.72,14,MORTGAGE,2000,PERSONAL,60,10.21,740,17.49,60.34,12,0,0,0
APP-11917,58,86277.98,7,RENT,10000,DEBTCONSOLIDATION,36,14.97,612,9.01,56.27,10,1,0,0
APP-11918,52,181537.95,20,MORTGAGE,3000,DEBTCONSOLIDATION,36,13.79,664,21.14,10.9,13,3,1,0
APP-11919,31,38563.4,4,RENT,5000,PERSONAL,36,19.98,536,14.54,22.12,12,0,1,0
APP-11920,65,124195.09,14,MORTGAGE,30000,EDUCATION,36,9.82,693,19.98,44.12,4,0,0,0
APP-11921,45,37912.76,12,MORTGAGE,5000,PERSONAL,36,14.23,672,11.28,1.29,13,0,0,0
APP-11922,53,76892.26,0,RENT,2000,DEBTCONSOLIDATION,60,12.13,670,36.48,28.34,10,2,0,0
APP-11923,58,93542.51,18,MORTGAGE,29000,MEDICAL,36,8.53,760,6.45,3.68,6,0,0,0
APP-11924,61,18000.0,1,MORTGAGE,19000,PERSONAL,36,13.13,651,3.18,23.06,13,0,0,0
APP-11925,28,94428.97,13,MORTGAGE,14000,DEBTCONSOLIDATION,60,10.63,717,21.01,58.1,7,1,0,0
APP-11926,31,119645.06,15,RENT,7000,VENTURE,60,10.23,777,25.93,75.65,11,0,0,0
APP-11927,42,103563.57,12,MORTGAGE,40000,DEBTCONSOLIDATION,36,8.97,698,7.1,60.04,10,1,0,0
APP-11928,44,167153.76,0,RENT,23000,DEBTCONSOLIDATION,60,9.08,753,22.35,32.06,17,1,0,0
APP-11929,61,97011.87,20,MORTGAGE,31000,DEBTCONSOLIDATION,36,12.9,731,15.05,7.64,11,0,0,0
APP-11930,37,45770.61,3,MORTGAGE,28000,DEBTCONSOLIDATION,60,15.98,652,18.64,63.76,13,3,1,1
APP-11931,32,111246.7,12,RENT,9000,PERSONAL,36,11.19,711,35.99,38.83,13,0,1,0
APP-11932,66,44489.87,16,RENT,29000,PERSONAL,36,7.37,794,6.79,0.62,14,3,0,0
APP-11933,52,62393.04,19,MORTGAGE,3000,HOMEIMPROVEMENT,36,12.05,682,34.56,43.11,11,1,1,0
APP-11934,35,90752.53,12,MORTGAGE,21000,HOMEIMPROVEMENT,36,13.72,674,20.92,10.17,10,0,0,0
APP-11935,36,74909.83,4,OTHER,12000,DEBTCONSOLIDATION,36,13.52,696,29.28,25.89,11,0,0,0
APP-11936,42,117661.37,17,RENT,15000,DEBTCONSOLIDATION,36,7.08,850,13.66,32.63,12,0,0,0
APP-11937,48,207801.24,1,MORTGAGE,25000,DEBTCONSOLIDATION,60,14.56,657,15.0,69.06,12,0,0,0
APP-11938,40,33905.01,0,MORTGAGE,14000,PERSONAL,36,14.07,673,7.57,23.83,12,0,0,0
APP-11939,53,50809.16,18,MORTGAGE,9000,MEDICAL,60,13.11,682,19.35,28.18,14,0,0,0
APP-11940,30,70135.84,11,MORTGAGE,22000,DEBTCONSOLIDATION,36,14.32,660,5.06,55.23,7,0,0,0
APP-11941,60,47496.18,0,RENT,23000,EDUCATION,36,16.47,688,35.09,27.64,6,0,0,0
APP-11942,52,57650.08,11,MORTGAGE,10000,DEBTCONSOLIDATION,60,15.05,601,16.74,39.68,8,0,0,0
APP-11943,53,88248.31,1,MORTGAGE,12000,MEDICAL,36,12.34,645,23.94,64.14,8,1,2,1
APP-11944,22,,0,RENT,17000,VENTURE,36,17.36,641,10.26,67.14,16,0,0,0
APP-11945,53,67755.87,0,RENT,10000,DEBTCONSOLIDATION,60,17.94,622,19.59,80.53,9,0,0,1
APP-11946,53,64464.2,15,MORTGAGE,4000,DEBTCONSOLIDATION,36,13.94,736,2.0,51.27,3,0,0,0
APP-11947,61,53533.61,15,RENT,37000,DEBTCONSOLIDATION,60,10.11,745,13.34,18.81,9,0,0,0
APP-11948,33,120844.69,12,RENT,14000,DEBTCONSOLIDATION,36,12.52,728,32.04,26.06,9,0,0,0
APP-11949,50,137543.35,3,MORTGAGE,2000,PERSONAL,60,14.2,673,12.41,18.53,14,0,0,0
APP-11950,53,99648.77,15,RENT,12000,PERSONAL,36,11.53,647,5.7,20.99,16,0,0,0
APP-11951,33,33701.97,7,RENT,25000,VENTURE,60,11.49,706,12.19,14.37,11,0,0,0
APP-11952,46,52517.14,9,MORTGAGE,6000,PERSONAL,60,12.72,663,9.34,56.16,9,2,0,0
APP-11953,42,66160.11,18,RENT,3000,DEBTCONSOLIDATION,36,14.88,611,7.86,53.64,7,0,0,0
APP-11954,59,37408.48,8,MORTGAGE,18000,MEDICAL,36,10.41,790,20.01,56.7,12,0,0,0
APP-11955,22,62289.11,12,RENT,18000,DEBTCONSOLIDATION,36,15.87,571,15.65,92.51,10,0,0,0
APP-11956,58,60543.11,20,MORTGAGE,21000,VENTURE,36,9.46,771,23.19,34.07,12,0,2,0
APP-11957,59,102957.25,8,RENT,16000,PERSONAL,36,15.94,631,5.79,45.38,6,0,0,0
APP-11958,46,46669.9,11,RENT,5000,DEBTCONSOLIDATION,36,12.31,661,52.52,41.74,10,0,0,0
APP-11959,66,107114.27,11,MORTGAGE,12000,DEBTCONSOLIDATION,60,10.85,700,22.33,42.18,9,0,0,0
APP-11960,35,37097.91,3,RENT,24000,DEBTCONSOLIDATION,36,8.79,775,13.33,49.45,5,0,0,0
APP-11961,54,39778.44,15,MORTGAGE,2000,DEBTCONSOLIDATION,36,13.62,668,27.93,61.92,11,0,3,1
APP-11962,62,49529.26,14,MORTGAGE,5000,PERSONAL,60,15.27,653,11.81,37.7,3,0,0,0
APP-11963,64,61324.58,3,MORTGAGE,39000,DEBTCONSOLIDATION,36,8.36,818,8.88,63.4,5,2,1,0
APP-11964,69,18000.0,0,RENT,3000,DEBTCONSOLIDATION,60,7.08,743,27.65,33.83,11,0,0,0
APP-11965,60,75331.13,20,MORTGAGE,28000,DEBTCONSOLIDATION,36,9.92,761,44.49,44.93,8,1,0,0
APP-11966,31,140740.25,11,MORTGAGE,35000,HOMEIMPROVEMENT,60,8.42,813,18.64,16.39,12,0,0,0
APP-11967,23,82920.27,2,RENT,14000,HOMEIMPROVEMENT,36,10.96,717,11.81,35.85,6,0,1,0
APP-11968,26,53888.1,4,RENT,19000,EDUCATION,60,11.4,723,5.42,43.98,10,0,0,0
APP-11969,29,34811.55,12,MORTGAGE,12000,DEBTCONSOLIDATION,36,10.62,703,15.8,41.44,7,0,0,0
APP-11970,26,24185.02,1,OWN,6000,VENTURE,60,8.27,769,19.0,15.45,9,0,0,0
APP-11971,29,26330.63,0,RENT,30000,DEBTCONSOLIDATION,60,12.31,666,11.5,86.78,12,0,0,0
APP-11972,59,56082.55,16,MORTGAGE,26000,DEBTCONSOLIDATION,60,13.74,648,7.41,27.03,17,1,0,0
APP-11973,51,171691.58,14,MORTGAGE,15000,HOMEIMPROVEMENT,60,9.82,741,5.5,28.47,9,0,0,0
APP-11974,52,18000.0,5,RENT,39000,PERSONAL,36,14.0,692,18.59,60.14,12,0,0,0
APP-11975,61,84974.71,0,MORTGAGE,38000,DEBTCONSOLIDATION,36,13.66,688,20.09,39.61,8,2,0,1
APP-11976,32,42665.35,9,RENT,12000,DEBTCONSOLIDATION,36,16.0,639,22.25,27.24,12,0,3,0
APP-11977,28,50627.62,4,MORTGAGE,33000,HOMEIMPROVEMENT,36,16.63,585,10.09,14.33,3,0,0,1
APP-11978,28,37464.55,7,MORTGAGE,7000,PERSONAL,36,15.32,592,24.78,61.48,10,0,0,0
APP-11979,48,30220.65,4,RENT,7000,DEBTCONSOLIDATION,36,10.5,744,12.29,53.29,7,0,0,0
APP-11980,40,63756.0,2,MORTGAGE,23000,EDUCATION,36,15.31,614,16.96,47.22,7,0,0,1
APP-11981,67,68282.02,7,RENT,4000,DEBTCONSOLIDATION,60,11.63,748,11.43,4.31,6,0,0,0
APP-11982,27,83631.04,20,MORTGAGE,20000,DEBTCONSOLIDATION,36,6.64,845,10.67,37.59,11,0,0,0
APP-11983,31,25780.62,4,RENT,35000,PERSONAL,36,9.88,761,4.9,46.27,11,0,0,0
APP-11984,40,92687.25,5,MORTGAGE,8000,DEBTCONSOLIDATION,36,11.23,713,31.29,55.93,8,0,0,0
APP-11985,36,93517.49,5,MORTGAGE,17000,DEBTCONSOLIDATION,36,13.01,709,20.31,6.28,7,1,1,0
APP-11986,24,74031.57,9,MORTGAGE,39000,EDUCATION,60,18.58,621,24.83,32.18,5,0,0,0
APP-11987,26,48509.71,17,RENT,10000,DEBTCONSOLIDATION,36,12.11,744,9.48,45.03,7,0,0,0
APP-11988,42,69857.69,7,MORTGAGE,14000,HOMEIMPROVEMENT,60,7.37,834,16.61,59.17,5,0,0,0
APP-11989,46,55258.39,16,RENT,35000,DEBTCONSOLIDATION,36,16.66,606,19.03,81.29,9,0,0,1
APP-11990,23,97173.97,0,RENT,38000,DEBTCONSOLIDATION,60,9.19,709,8.59,69.28,9,0,1,0
APP-11991,61,49847.71,18,RENT,7000,DEBTCONSOLIDATION,60,13.1,681,15.18,76.84,18,2,0,0
APP-11992,62,63197.01,2,MORTGAGE,39000,PERSONAL,36,11.1,727,15.16,22.55,10,0,0,0
APP-11993,34,25105.42,0,MORTGAGE,5000,PERSONAL,60,12.99,683,57.3,40.9,10,2,2,0
APP-11994,31,69748.41,1,MORTGAGE,6000,DEBTCONSOLIDATION,60,10.25,794,34.85,48.14,18,0,0,0
APP-11995,38,41160.02,2,MORTGAGE,7000,HOMEIMPROVEMENT,36,10.82,704,3.38,30.09,10,0,0,0
APP-11996,32,77360.62,9,MORTGAGE,14000,HOMEIMPROVEMENT,60,12.75,744,2.97,2.54,12,0,0,0
APP-11997,43,88806.26,8,RENT,25000,HOMEIMPROVEMENT,36,11.55,754,9.55,18.84,13,1,0,0
APP-11998,32,44135.23,14,MORTGAGE,29000,DEBTCONSOLIDATION,36,13.65,698,2.39,16.87,12,0,0,0
APP-11999,33,60815.15,0,RENT,14000,DEBTCONSOLIDATION,36,13.89,659,13.1,46.1,15,0,0,0
APP-12000,45,65332.67,9,MORTGAGE,19000,MEDICAL,36,12.66,683,28.0,12.31,18,0,0,0
APP-12001,65,71971.96,5,MORTGAGE,8000,PERSONAL,60,10.82,740,14.38,57.67,12,3,0,0
APP-12002,39,88869.91,12,MORTGAGE,5000,DEBTCONSOLIDATION,36,9.5,771,6.19,48.09,8,0,0,0
APP-12003,66,83241.86,0,MORTGAGE,32000,PERSONAL,36,13.26,677,8.42,67.67,14,0,0,0
APP-12004,56,49516.18,0,MORTGAGE,25000,DEBTCONSOLIDATION,36,11.07,752,6.08,27.7,9,0,0,0
APP-12005,65,133140.6,7,RENT,23000,DEBTCONSOLIDATION,60,16.37,643,9.01,32.46,18,0,0,0
APP-12006,28,87202.98,16,RENT,22000,DEBTCONSOLIDATION,36,15.65,585,14.14,46.39,9,0,0,0
APP-12007,49,120882.25,13,RENT,27000,HOMEIMPROVEMENT,36,12.96,691,9.49,52.4,12,0,0,0
APP-12008,52,71207.5,0,OWN,31000,PERSONAL,36,13.85,608,29.97,20.11,10,0,0,1
APP-12009,64,73343.03,2,MORTGAGE,36000,DEBTCONSOLIDATION,60,11.21,747,16.82,79.93,8,0,1,0
APP-12010,38,56466.59,3,OWN,24000,MEDICAL,36,8.68,734,28.61,25.83,11,0,2,0
APP-12011,26,47959.53,7,MORTGAGE,31000,PERSONAL,36,7.46,800,19.24,32.44,7,2,0,0
APP-12012,38,97505.99,11,MORTGAGE,20000,VENTURE,60,10.79,731,11.09,30.69,5,0,0,0
APP-12013,39,68343.06,3,MORTGAGE,33000,DEBTCONSOLIDATION,36,7.03,783,12.71,29.15,14,0,0,0
APP-12014,42,56062.26,6,RENT,20000,EDUCATION,60,6.46,833,27.94,66.55,14,0,0,0
APP-12015,57,35907.0,11,RENT,23000,VENTURE,36,15.59,643,25.03,53.22,4,0,0,0
APP-12016,52,130295.18,6,MORTGAGE,5000,PERSONAL,60,11.33,637,9.23,64.47,10,0,0,0
APP-12017,61,63342.56,1,RENT,13000,MEDICAL,60,12.57,702,33.93,34.64,5,2,0,0
APP-12018,23,32423.5,9,RENT,16000,HOMEIMPROVEMENT,36,15.67,644,29.56,31.69,15,3,0,1
APP-12019,48,62361.99,5,MORTGAGE,16000,PERSONAL,36,16.03,679,26.34,62.8,11,0,0,0
APP-12020,30,54151.44,17,OWN,11000,EDUCATION,36,15.21,582,14.81,21.8,6,0,0,0
APP-12021,55,53051.94,15,MORTGAGE,20000,DEBTCONSOLIDATION,36,12.86,688,29.65,85.66,12,5,0,1
APP-12022,49,79867.95,2,RENT,9000,DEBTCONSOLIDATION,36,15.92,657,9.71,47.5,17,1,0,0
APP-12023,35,54188.84,1,OWN,32000,MEDICAL,60,11.93,677,8.74,52.87,9,0,0,0
APP-12024,53,51392.65,6,MORTGAGE,10000,HOMEIMPROVEMENT,36,11.94,726,18.16,62.07,6,1,0,0
APP-12025,27,118326.42,7,MORTGAGE,30000,DEBTCONSOLIDATION,60,13.46,718,24.93,14.21,16,0,0,0
APP-12026,32,25089.8,19,RENT,8000,DEBTCONSOLIDATION,36,13.7,714,49.4,78.41,7,0,0,0
APP-12027,69,58355.5,5,MORTGAGE,9000,DEBTCONSOLIDATION,60,13.95,654,8.34,12.41,8,0,0,0
APP-12028,50,95265.78,17,MORTGAGE,18000,DEBTCONSOLIDATION,36,11.48,719,19.19,10.41,13,1,0,0
APP-12029,41,81917.36,9,MORTGAGE,16000,DEBTCONSOLIDATION,60,12.44,682,7.11,59.17,12,0,0,0
APP-12030,51,99710.3,18,RENT,17000,DEBTCONSOLIDATION,36,13.35,672,7.09,55.86,6,0,0,0
APP-12031,44,164519.76,14,MORTGAGE,8000,VENTURE,36,13.92,731,14.04,55.51,9,0,0,0
APP-12032,40,140010.94,14,OWN,20000,DEBTCONSOLIDATION,36,12.18,722,12.9,42.87,7,1,0,0
APP-12033,57,33598.36,10,MORTGAGE,39000,PERSONAL,36,8.83,719,25.9,75.37,10,0,0,0
APP-12034,24,26759.59,17,RENT,26000,PERSONAL,36,13.3,663,23.25,24.19,11,2,0,1
APP-12035,48,70504.1,4,RENT,13000,EDUCATION,36,17.3,656,30.9,22.88,10,0,0,0
APP-12036,64,30422.6,18,RENT,33000,PERSONAL,36,15.66,623,21.49,31.12,9,0,0,0
APP-12037,40,22851.35,12,MORTGAGE,11000,DEBTCONSOLIDATION,60,10.21,743,32.27,29.74,6,0,2,0
APP-12038,44,70131.09,8,MORTGAGE,25000,DEBTCONSOLIDATION,36,8.31,728,12.81,33.32,9,0,0,0
APP-12039,69,79500.82,20,RENT,5000,HOMEIMPROVEMENT,36,13.17,734,14.02,70.39,7,1,0,0
APP-12040,52,140866.84,17,OWN,38000,DEBTCONSOLIDATION,60,20.42,586,30.99,3.19,6,0,0,0
APP-12041,61,87922.9,15,MORTGAGE,40000,MEDICAL,36,14.13,691,9.78,31.53,10,0,0,0
APP-12042,56,156338.69,4,RENT,5000,PERSONAL,36,16.03,599,9.56,17.6,6,0,0,0
APP-12043,54,71523.2,20,RENT,37000,PERSONAL,36,14.26,620,13.36,38.17,9,0,0,0
APP-12044,56,33923.55,15,RENT,38000,HOMEIMPROVEMENT,36,9.58,776,25.11,28.34,9,0,1,0
APP-12045,22,90318.13,12,MORTGAGE,26000,DEBTCONSOLIDATION,36,14.49,630,6.84,10.75,9,0,0,0
APP-12046,35,116676.05,19,RENT,31000,DEBTCONSOLIDATION,60,15.15,659,3.55,28.5,11,0,0,0
APP-12047,54,72805.17,1,MORTGAGE,2000,DEBTCONSOLIDATION,60,14.78,663,26.92,76.2,9,0,0,0
APP-12048,56,123658.03,1,MORTGAGE,30000,MEDICAL,36,15.15,636,20.55,62.66,9,0,0,0
APP-12049,26,56295.77,11,MORTGAGE,17000,PERSONAL,36,15.5,631,24.19,79.44,9,0,0,1
APP-12050,59,78664.68,0,RENT,38000,VENTURE,36,15.29,584,28.95,58.33,9,1,0,0
APP-12051,62,54876.14,13,MORTGAGE,38000,MEDICAL,36,17.75,621,13.3,22.16,11,0,2,0
APP-12052,32,196717.07,3,RENT,8000,HOMEIMPROVEMENT,36,10.96,701,9.21,67.46,8,0,0,0
APP-12053,23,91183.6,0,OWN,34000,DEBTCONSOLIDATION,36,13.33,649,18.22,44.88,9,1,0,0
APP-12054,65,34257.04,7,MORTGAGE,23000,HOMEIMPROVEMENT,36,15.47,649,16.29,30.92,9,0,0,0
APP-12055,38,151190.93,8,RENT,28000,DEBTCONSOLIDATION,36,17.72,538,20.28,27.78,14,0,0,0
APP-12056,60,41498.4,2,MORTGAGE,30000,PERSONAL,36,14.32,649,14.11,42.08,5,0,0,0
APP-12057,41,60285.57,0,MORTGAGE,17000,PERSONAL,36,7.98,818,2.34,19.39,16,0,0,0
APP-12058,35,75671.01,7,RENT,22000,DEBTCONSOLIDATION,36,15.32,644,14.98,19.84,10,0,0,0
APP-12059,53,78825.83,15,RENT,12000,VENTURE,36,9.46,738,41.81,54.6,12,0,0,1
APP-12060,55,76256.74,18,MORTGAGE,22000,PERSONAL,36,15.46,642,9.4,55.94,14,0,0,0
APP-12061,46,33978.3,0,RENT,10000,DEBTCONSOLIDATION,60,10.01,713,14.55,14.67,7,1,0,0
APP-12062,28,76383.14,10,RENT,28000,MEDICAL,36,12.62,783,22.33,57.16,11,1,0,0
APP-12063,56,103810.56,4,MORTGAGE,40000,MEDICAL,60,11.81,687,11.53,43.7,9,0,0,0
APP-12064,68,102327.32,6,MORTGAGE,23000,PERSONAL,60,13.62,660,22.53,68.11,17,0,0,0
APP-12065,50,31228.73,19,MORTGAGE,16000,EDUCATION,36,10.79,694,26.21,49.84,7,0,0,0
APP-12066,43,43138.6,6,RENT,24000,MEDICAL,60,13.78,630,28.84,39.24,15,0,0,0
APP-12067,62,35516.02,6,RENT,30000,MEDICAL,36,9.62,697,29.37,38.21,5,1,0,0
APP-12068,64,70962.48,3,MORTGAGE,40000,DEBTCONSOLIDATION,36,11.82,684,15.69,81.49,6,1,0,0
APP-12069,34,27561.53,20,MORTGAGE,17000,DEBTCONSOLIDATION,60,11.49,707,33.47,82.47,8,0,2,1
APP-12070,34,34153.78,8,MORTGAGE,4000,PERSONAL,36,19.21,562,37.6,30.47,13,0,0,0
APP-12071,22,42934.57,11,RENT,17000,VENTURE,36,14.51,692,28.06,47.65,5,1,0,0
APP-12072,57,24382.11,8,RENT,9000,MEDICAL,36,12.32,724,16.88,26.23,6,0,0,0
APP-12073,25,59047.68,4,MORTGAGE,27000,VENTURE,36,10.48,687,32.35,86.92,7,0,0,1
APP-12074,58,20884.29,16,MORTGAGE,10000,PERSONAL,36,10.92,743,2.16,51.76,12,0,0,0
APP-12075,65,76318.63,0,RENT,36000,DEBTCONSOLIDATION,36,15.71,631,11.21,33.78,11,0,0,0
APP-12076,61,49093.86,13,RENT,8000,DEBTCONSOLIDATION,36,12.64,646,28.35,69.52,8,0,0,0
APP-12077,67,43827.13,11,MORTGAGE,9000,HOMEIMPROVEMENT,60,9.84,725,5.2,68.57,12,0,0,0
APP-12078,34,47554.21,1,OTHER,36000,EDUCATION,60,10.89,740,26.85,23.28,9,0,0,0
APP-12079,59,58093.38,2,RENT,40000,DEBTCONSOLIDATION,36,11.87,768,19.99,30.73,13,3,0,0
APP-12080,45,,13,RENT,37000,PERSONAL,36,13.47,702,33.95,68.19,9,0,0,0
APP-12081,40,115676.02,5,RENT,7000,VENTURE,36,14.73,578,14.89,15.96,14,1,0,0
APP-12082,22,99404.52,4,RENT,8000,DEBTCONSOLIDATION,36,10.89,759,12.77,44.75,11,0,0,0
APP-12083,59,182744.48,0,RENT,13000,VENTURE,36,13.1,708,21.39,12.89,9,0,0,0
APP-12084,26,83922.46,15,RENT,40000,HOMEIMPROVEMENT,36,11.95,702,13.58,25.57,6,5,0,1
APP-12085,37,64225.62,18,MORTGAGE,2000,PERSONAL,60,8.44,783,10.61,1.05,8,2,0,0
APP-12086,45,47642.67,16,MORTGAGE,26000,VENTURE,60,10.67,734,16.58,28.14,16,0,0,0
APP-12087,48,48440.94,8,MORTGAGE,13000,DEBTCONSOLIDATION,36,12.81,742,2.0,74.83,10,1,0,0
APP-12088,22,78395.28,10,MORTGAGE,28000,HOMEIMPROVEMENT,36,17.02,568,45.54,59.8,8,0,0,0
APP-12089,55,36325.6,3,RENT,24000,DEBTCONSOLIDATION,36,15.17,660,32.48,16.76,13,0,0,0
APP-12090,57,67136.83,2,RENT,20000,DEBTCONSOLIDATION,36,10.45,749,12.87,49.52,13,0,0,0
APP-12091,25,59312.04,16,OWN,22000,HOMEIMPROVEMENT,60,13.93,686,9.27,55.37,9,0,0,0
APP-12092,21,41603.99,16,MORTGAGE,22000,DEBTCONSOLIDATION,36,15.29,719,21.89,47.74,15,0,0,0
APP-12093,60,35397.8,15,MORTGAGE,25000,HOMEIMPROVEMENT,36,9.56,702,11.46,29.63,11,0,0,0
APP-12094,32,211580.06,8,RENT,14000,PERSONAL,36,9.97,749,11.59,66.94,10,0,0,0
APP-12095,56,29783.64,17,OWN,37000,HOMEIMPROVEMENT,60,16.54,613,20.41,11.41,8,1,0,1
APP-12096,65,57879.63,19,RENT,16000,MEDICAL,60,14.29,590,43.65,71.65,11,0,0,1
APP-12097,43,110336.7,5,RENT,2000,DEBTCONSOLIDATION,60,14.36,676,14.57,43.6,10,0,0,0
APP-12098,67,78005.02,3,OWN,35000,DEBTCONSOLIDATION,60,13.71,712,6.51,21.64,15,0,0,0
APP-12099,51,47251.15,8,MORTGAGE,32000,DEBTCONSOLIDATION,60,11.4,659,9.93,49.09,11,0,0,0
APP-12100,31,32988.9,2,MORTGAGE,33000,HOMEIMPROVEMENT,36,14.78,686,7.91,25.31,9,1,0,0
APP-12101,30,63888.41,18,RENT,37000,MEDICAL,36,14.41,607,12.38,55.99,12,0,0,0
APP-12102,23,18000.0,5,MORTGAGE,30000,DEBTCONSOLIDATION,60,18.01,612,16.96,42.75,9,0,0,0
APP-12103,34,65181.67,11,MORTGAGE,11000,VENTURE,60,14.47,647,9.58,29.17,17,3,0,0
APP-12104,36,60925.88,11,MORTGAGE,22000,DEBTCONSOLIDATION,36,11.83,741,11.12,69.61,8,0,0,0
APP-12105,30,102238.23,9,MORTGAGE,37000,PERSONAL,36,10.08,715,13.25,44.32,8,0,0,0
APP-12106,49,33803.86,1,OWN,25000,DEBTCONSOLIDATION,36,9.65,732,11.84,21.19,7,0,0,0
APP-12107,30,50932.9,20,RENT,28000,DEBTCONSOLIDATION,36,8.78,744,9.36,49.6,10,0,0,0
APP-12108,32,74492.28,2,RENT,22000,DEBTCONSOLIDATION,36,7.19,834,10.28,5.69,11,0,0,0
APP-12109,50,66355.63,15,RENT,19000,DEBTCONSOLIDATION,36,15.75,598,18.8,13.56,9,4,0,0
APP-12110,61,30597.6,16,MORTGAGE,5000,EDUCATION,60,16.72,638,30.44,38.4,12,0,0,0
APP-12111,21,43314.78,1,MORTGAGE,19000,DEBTCONSOLIDATION,36,9.04,770,20.23,63.77,10,0,0,0
APP-12112,25,120566.38,19,MORTGAGE,10000,DEBTCONSOLIDATION,36,12.62,678,12.54,55.13,5,0,0,0
APP-12113,40,68163.41,9,RENT,31000,EDUCATION,36,12.24,718,13.55,40.75,13,0,0,0
APP-12114,28,26054.4,12,OWN,36000,PERSONAL,36,16.57,618,24.97,31.38,12,1,0,1
APP-12115,63,93117.38,12,RENT,31000,DEBTCONSOLIDATION,36,11.65,708,13.51,22.16,10,0,0,0
APP-12116,32,26913.08,9,RENT,40000,HOMEIMPROVEMENT,36,12.31,752,6.56,37.63,13,1,0,0
APP-12117,21,51353.57,1,MORTGAGE,7000,PERSONAL,36,12.34,682,20.66,20.62,14,0,0,0
APP-12118,40,79351.15,15,RENT,15000,MEDICAL,60,10.73,715,9.02,19.36,11,2,0,0
APP-12119,48,109848.01,11,MORTGAGE,30000,DEBTCONSOLIDATION,60,13.09,707,12.57,55.56,10,0,0,0
APP-12120,63,18602.25,0,RENT,33000,EDUCATION,36,7.74,739,26.28,37.75,14,0,0,0
APP-12121,57,85459.26,14,RENT,15000,DEBTCONSOLIDATION,36,15.52,636,25.17,17.35,10,0,0,0
APP-12122,67,92121.38,14,RENT,21000,PERSONAL,36,16.98,591,17.43,22.41,12,0,0,0
APP-12123,57,45319.48,10,RENT,10000,HOMEIMPROVEMENT,36,12.61,714,12.94,33.83,10,0,0,0
APP-12124,32,62658.49,0,RENT,13000,PERSONAL,60,11.02,743,13.88,33.64,16,0,0,0
APP-12125,57,18000.0,6,RENT,15000,DEBTCONSOLIDATION,36,10.72,804,15.83,33.05,11,0,0,0
APP-12126,69,18000.0,0,MORTGAGE,24000,MEDICAL,60,13.47,696,18.99,21.13,4,0,1,0
APP-12127,69,104220.73,9,RENT,35000,PERSONAL,60,15.6,645,11.39,29.8,9,0,1,0
APP-12128,64,45731.95,18,MORTGAGE,17000,DEBTCONSOLIDATION,36,15.4,681,13.1,27.41,6,0,0,0
APP-12129,48,50357.05,0,MORTGAGE,19000,VENTURE,36,13.04,688,12.89,37.84,9,0,0,0
APP-12130,67,67328.45,4,MORTGAGE,34000,DEBTCONSOLIDATION,36,15.19,676,29.36,34.93,11,0,0,0
APP-12131,35,49862.97,16,MORTGAGE,6000,DEBTCONSOLIDATION,36,11.08,713,16.25,70.8,10,0,0,0
APP-12132,26,47603.14,0,RENT,40000,DEBTCONSOLIDATION,36,9.59,819,10.62,66.7,13,0,0,0
APP-12133,64,72929.21,0,RENT,11000,PERSONAL,36,10.49,767,14.64,69.14,9,0,0,0
APP-12134,40,28345.74,12,MORTGAGE,23000,DEBTCONSOLIDATION,36,15.88,593,8.72,30.43,12,0,2,1
APP-12135,34,106933.12,16,MORTGAGE,34000,EDUCATION,36,14.1,689,14.25,32.51,12,0,0,0
APP-12136,22,53363.11,15,RENT,32000,HOMEIMPROVEMENT,36,14.74,593,32.76,83.96,7,5,0,1
APP-12137,29,,15,MORTGAGE,7000,EDUCATION,36,12.85,647,23.19,39.08,16,0,0,0
APP-12138,57,33856.8,6,MORTGAGE,37000,VENTURE,60,13.98,641,23.04,43.64,13,0,0,1
APP-12139,40,61164.73,18,MORTGAGE,4000,DEBTCONSOLIDATION,36,12.84,682,25.11,67.76,13,0,0,0
APP-12140,46,51370.59,0,MORTGAGE,5000,DEBTCONSOLIDATION,60,13.1,679,15.12,10.85,12,0,0,0
APP-12141,49,27600.25,5,RENT,28000,DEBTCONSOLIDATION,36,14.7,680,15.79,17.87,9,0,0,0
APP-12142,21,44315.17,5,RENT,39000,VENTURE,60,8.56,792,14.95,18.1,8,3,0,0
APP-12143,55,39950.66,2,RENT,26000,PERSONAL,36,12.36,752,24.82,28.26,14,2,0,0
APP-12144,26,112524.73,5,RENT,38000,DEBTCONSOLIDATION,36,13.9,677,11.36,70.13,6,0,0,0
APP-12145,57,63909.69,11,OWN,28000,EDUCATION,36,11.84,712,52.04,30.42,11,1,0,0
APP-12146,25,131225.13,10,RENT,37000,HOMEIMPROVEMENT,36,7.88,786,3.64,16.13,5,2,0,0
APP-12147,53,41982.7,5,RENT,37000,HOMEIMPROVEMENT,36,13.16,606,21.63,40.38,13,0,0,0
APP-12148,69,51763.16,15,RENT,8000,DEBTCONSOLIDATION,36,13.12,685,16.73,56.82,9,0,1,0
APP-12149,34,72640.41,14,MORTGAGE,31000,DEBTCONSOLIDATION,60,9.21,711,13.63,51.82,12,0,1,0
APP-12150,32,80988.81,4,MORTGAGE,30000,HOMEIMPROVEMENT,36,16.92,641,25.96,64.06,10,0,0,1
APP-12151,62,85861.91,5,MORTGAGE,6000,PERSONAL,60,17.7,598,6.68,22.17,11,0,2,0
APP-12152,40,38410.85,4,OWN,7000,HOMEIMPROVEMENT,36,13.29,657,15.09,17.25,3,0,3,0
APP-12153,44,38954.92,1,MORTGAGE,8000,MEDICAL,36,11.86,674,11.72,63.23,9,0,0,0
APP-12154,63,50125.74,15,RENT,40000,DEBTCONSOLIDATION,36,8.77,749,3.99,70.26,12,0,0,0
APP-12155,54,125549.26,0,MORTGAGE,33000,DEBTCONSOLIDATION,60,15.82,582,5.83,49.13,10,0,0,0
APP-12156,45,36303.1,1,MORTGAGE,16000,PERSONAL,36,11.49,714,12.29,40.06,6,0,0,0
APP-12157,49,46006.48,0,RENT,14000,PERSONAL,36,10.94,666,30.1,40.18,10,0,0,0
APP-12158,59,86243.41,17,RENT,19000,PERSONAL,36,11.07,714,6.9,65.09,11,0,0,0
APP-12159,51,83966.83,0,MORTGAGE,11000,MEDICAL,60,8.6,789,43.8,51.03,11,1,0,0
APP-12160,67,79039.99,13,RENT,12000,PERSONAL,36,16.1,637,10.91,4.67,10,0,0,0
APP-12161,63,62343.94,0,MORTGAGE,3000,PERSONAL,36,10.75,757,12.37,38.9,10,0,0,0
APP-12162,43,35151.87,16,MORTGAGE,28000,DEBTCONSOLIDATION,60,10.94,717,9.63,7.32,8,0,0,0
APP-12163,64,42387.64,19,RENT,9000,DEBTCONSOLIDATION,36,12.83,665,23.06,51.65,8,0,0,0
APP-12164,58,105160.72,9,MORTGAGE,39000,EDUCATION,60,9.81,724,15.47,43.02,11,0,0,0
APP-12165,40,88152.07,16,RENT,17000,HOMEIMPROVEMENT,36,12.67,736,8.27,25.44,12,0,1,0
APP-12166,43,30715.03,14,RENT,25000,VENTURE,36,14.44,642,15.48,51.85,5,0,0,0
APP-12167,65,92478.26,16,MORTGAGE,24000,PERSONAL,36,15.35,615,13.88,12.76,10,0,1,0
APP-12168,36,115195.88,15,RENT,15000,DEBTCONSOLIDATION,36,14.35,619,7.45,36.53,12,1,0,0
APP-12169,62,61507.56,2,MORTGAGE,28000,DEBTCONSOLIDATION,60,12.11,663,14.07,61.7,2,2,0,0
APP-12170,28,74097.76,9,RENT,11000,DEBTCONSOLIDATION,36,15.11,648,21.63,56.8,10,0,0,0
APP-12171,41,99284.29,20,RENT,29000,PERSONAL,60,13.05,724,4.81,54.52,11,0,0,0
APP-12172,21,42283.06,6,RENT,26000,DEBTCONSOLIDATION,60,10.62,722,25.06,33.35,9,1,0,0
APP-12173,28,191913.28,20,MORTGAGE,3000,DEBTCONSOLIDATION,60,9.94,702,8.69,54.19,7,0,0,0
APP-12174,49,110363.97,11,RENT,34000,DEBTCONSOLIDATION,36,11.11,747,14.18,13.15,12,0,0,0
APP-12175,52,77809.13,8,RENT,36000,PERSONAL,36,10.7,687,29.43,32.23,12,0,0,0
APP-12176,58,58849.94,13,MORTGAGE,14000,MEDICAL,36,13.25,715,8.59,37.79,3,0,1,0
APP-12177,25,76679.43,16,MORTGAGE,6000,DEBTCONSOLIDATION,36,10.21,719,10.97,33.78,11,0,0,0
APP-12178,67,27442.79,7,RENT,6000,DEBTCONSOLIDATION,60,14.97,665,19.04,20.39,8,0,1,0
APP-12179,42,169573.86,0,OWN,23000,HOMEIMPROVEMENT,60,14.82,623,15.38,14.52,11,1,0,0
APP-12180,67,105287.06,14,OWN,35000,HOMEIMPROVEMENT,36,17.07,616,44.32,35.27,9,0,0,0
APP-12181,54,124493.25,20,RENT,2000,PERSONAL,36,8.17,767,9.89,39.14,13,4,0,0
APP-12182,21,60802.04,12,RENT,18000,DEBTCONSOLIDATION,60,12.47,629,20.64,34.07,12,0,0,0
APP-12183,46,50003.86,2,MORTGAGE,10000,MEDICAL,60,10.76,750,13.54,48.69,11,1,0,0
APP-12184,63,42738.11,3,RENT,11000,MEDICAL,36,11.37,779,4.15,67.35,10,2,0,0
APP-12185,30,89930.04,18,MORTGAGE,16000,HOMEIMPROVEMENT,60,15.01,648,24.71,68.89,10,0,0,1
APP-12186,50,46338.41,0,RENT,30000,PERSONAL,36,12.04,705,8.02,75.07,10,0,0,0
APP-12187,38,54519.93,10,MORTGAGE,26000,DEBTCONSOLIDATION,36,14.08,669,31.31,51.07,8,0,0,0
APP-12188,37,78684.35,1,OWN,22000,DEBTCONSOLIDATION,36,11.35,664,4.33,51.58,9,0,0,0
APP-12189,46,43059.4,4,RENT,18000,DEBTCONSOLIDATION,60,9.61,796,6.12,67.08,9,0,0,0
APP-12190,28,100908.9,5,RENT,28000,DEBTCONSOLIDATION,36,10.92,742,25.04,32.18,7,1,0,0
APP-12191,67,59345.37,3,MORTGAGE,29000,VENTURE,36,12.3,681,12.86,63.97,8,0,0,0
APP-12192,60,28167.96,16,OWN,24000,MEDICAL,36,8.66,738,17.83,50.06,6,1,0,0
APP-12193,69,42830.2,5,RENT,40000,MEDICAL,36,10.58,777,26.03,28.49,10,0,0,0
APP-12194,32,115161.73,6,OWN,37000,HOMEIMPROVEMENT,36,12.47,666,28.63,39.88,12,0,0,0
APP-12195,47,37477.6,8,MORTGAGE,4000,HOMEIMPROVEMENT,60,9.51,741,31.27,26.42,16,3,0,0
APP-12196,28,93623.69,18,OTHER,34000,PERSONAL,36,17.76,634,2.15,16.4,11,1,0,1
APP-12197,45,63629.77,13,MORTGAGE,8000,MEDICAL,60,14.64,649,9.93,46.91,18,0,0,0
APP-12198,66,54948.4,0,MORTGAGE,6000,PERSONAL,36,10.66,708,6.26,53.05,15,0,3,0
APP-12199,24,210301.41,0,MORTGAGE,27000,DEBTCONSOLIDATION,36,14.2,690,41.25,7.22,13,0,0,0
APP-12200,53,31504.7,11,RENT,18000,PERSONAL,36,12.87,685,21.94,68.64,8,0,0,0
APP-12201,21,41354.36,18,OWN,18000,DEBTCONSOLIDATION,36,12.85,736,4.78,66.14,8,4,0,1
APP-12202,39,59176.81,5,RENT,4000,PERSONAL,60,10.81,681,30.06,51.65,9,3,0,0
APP-12203,51,200360.74,3,RENT,4000,PERSONAL,36,11.0,750,32.39,60.18,6,0,0,0
APP-12204,36,59245.76,15,MORTGAGE,35000,PERSONAL,36,10.52,730,11.0,30.24,10,0,0,0
APP-12205,34,68674.04,11,RENT,9000,DEBTCONSOLIDATION,36,12.37,695,19.25,42.37,8,0,0,0
APP-12206,68,50619.0,11,MORTGAGE,7000,DEBTCONSOLIDATION,36,15.61,675,18.37,19.0,11,2,0,0
APP-12207,25,71633.23,1,MORTGAGE,38000,DEBTCONSOLIDATION,36,13.48,690,6.34,36.62,7,0,0,0
APP-12208,61,52213.24,2,RENT,23000,DEBTCONSOLIDATION,36,12.22,623,14.68,51.85,5,2,0,0
APP-12209,46,84766.98,4,RENT,34000,DEBTCONSOLIDATION,36,14.11,673,8.25,13.79,14,2,0,0
APP-12210,48,88176.31,2,MORTGAGE,8000,MEDICAL,36,12.98,624,18.42,24.5,11,0,0,0
APP-12211,22,53260.35,20,OWN,20000,VENTURE,36,10.9,716,31.13,47.4,9,0,0,0
APP-12212,26,34107.07,0,MORTGAGE,11000,DEBTCONSOLIDATION,36,14.95,607,16.51,16.71,10,2,0,0
APP-12213,29,62741.91,12,RENT,24000,DEBTCONSOLIDATION,36,16.38,599,35.56,50.65,14,0,0,0
APP-12214,53,120699.69,10,OWN,3000,VENTURE,36,12.99,686,19.24,15.26,10,0,0,0
APP-12215,61,39603.38,5,RENT,22000,EDUCATION,60,10.68,727,28.5,79.64,7,1,0,0
APP-12216,45,70753.58,18,RENT,25000,PERSONAL,60,12.58,686,25.72,63.75,13,0,0,0
APP-12217,68,32765.45,13,RENT,14000,PERSONAL,36,12.69,761,26.26,30.69,7,0,0,0
APP-12218,33,35599.84,20,RENT,6000,DEBTCONSOLIDATION,60,12.49,697,12.88,45.46,6,0,1,0
APP-12219,29,114712.34,2,MORTGAGE,19000,HOMEIMPROVEMENT,60,5.1,827,11.21,36.86,10,0,0,0
APP-12220,33,84606.53,0,MORTGAGE,12000,PERSONAL,36,10.43,702,18.38,62.98,13,0,0,0
APP-12221,51,71287.95,1,MORTGAGE,38000,DEBTCONSOLIDATION,36,5.96,837,49.95,83.59,10,0,0,0
APP-12222,61,18753.08,4,MORTGAGE,33000,PERSONAL,60,15.96,690,20.72,93.45,13,0,0,0
APP-12223,31,45412.99,7,RENT,29000,DEBTCONSOLIDATION,36,9.77,732,15.1,45.97,10,0,0,0
APP-12224,24,81097.47,17,MORTGAGE,23000,MEDICAL,36,11.04,699,13.3,47.19,8,0,0,0
APP-12225,54,29012.07,4,RENT,29000,VENTURE,36,12.25,712,18.94,36.81,8,0,0,0
APP-12226,58,50164.22,19,MORTGAGE,2000,HOMEIMPROVEMENT,36,16.41,651,39.51,74.64,9,0,0,0
APP-12227,66,87844.8,8,RENT,7000,DEBTCONSOLIDATION,36,11.09,722,24.5,33.38,14,2,0,0
APP-12228,24,,12,RENT,12000,DEBTCONSOLIDATION,36,14.47,614,20.8,38.77,8,0,0,0
APP-12229,58,25857.52,4,RENT,34000,MEDICAL,36,15.02,684,15.62,42.37,8,0,0,1
APP-12230,39,28369.96,1,OWN,17000,DEBTCONSOLIDATION,60,14.08,656,5.98,16.99,8,3,0,0
APP-12231,26,70773.69,18,MORTGAGE,14000,PERSONAL,36,13.95,666,23.88,86.16,9,0,0,0
APP-12232,54,45319.86,0,OWN,22000,PERSONAL,36,11.94,749,27.77,35.32,13,0,0,0
APP-12233,38,92876.35,15,RENT,40000,MEDICAL,36,12.12,713,20.53,52.53,11,0,0,0
APP-12234,33,63608.93,11,OWN,25000,DEBTCONSOLIDATION,36,17.95,576,13.11,39.14,10,0,0,0
APP-12235,61,153317.68,17,RENT,28000,VENTURE,36,10.17,743,3.9,9.93,10,0,0,0
APP-12236,43,32249.53,14,MORTGAGE,38000,PERSONAL,60,11.83,690,19.29,61.61,8,0,0,0
APP-12237,39,70677.73,4,RENT,4000,DEBTCONSOLIDATION,60,11.37,742,22.53,42.34,9,0,0,1
APP-12238,65,40230.98,11,RENT,13000,VENTURE,60,13.93,697,16.5,53.55,11,4,0,0
APP-12239,31,80830.23,0,MORTGAGE,8000,VENTURE,60,15.14,612,64.0,40.99,7,0,0,0
APP-12240,21,63574.51,9,MORTGAGE,21000,DEBTCONSOLIDATION,60,8.84,774,4.59,48.08,14,0,0,0
APP-12241,44,,0,MORTGAGE,16000,HOMEIMPROVEMENT,36,13.6,738,38.93,34.93,7,0,0,0
APP-12242,27,55349.55,8,RENT,2000,DEBTCONSOLIDATION,36,13.48,696,13.38,36.53,7,0,0,0
APP-12243,45,,0,MORTGAGE,11000,HOMEIMPROVEMENT,60,15.45,622,40.26,32.15,10,0,0,0
APP-12244,41,44371.18,19,RENT,15000,HOMEIMPROVEMENT,60,9.81,714,21.29,34.63,10,3,0,0
APP-12245,35,86127.46,10,RENT,16000,HOMEIMPROVEMENT,36,12.9,707,17.87,8.52,4,0,0,0
APP-12246,21,35755.3,19,MORTGAGE,35000,DEBTCONSOLIDATION,36,13.26,626,25.64,62.24,14,0,0,0
APP-12247,32,170331.92,0,MORTGAGE,26000,PERSONAL,36,14.24,685,20.67,26.39,13,0,0,0
APP-12248,27,96456.28,12,OTHER,32000,DEBTCONSOLIDATION,36,19.09,578,9.86,74.75,13,0,0,0
APP-12249,35,71279.96,5,RENT,11000,HOMEIMPROVEMENT,36,18.65,579,11.3,17.17,8,0,0,0
APP-12250,41,248365.6,8,OWN,38000,DEBTCONSOLIDATION,36,17.2,622,6.04,29.49,12,0,0,0
APP-12251,39,51295.1,18,MORTGAGE,7000,VENTURE,60,11.5,693,13.24,65.41,12,0,0,0
APP-12252,49,,20,MORTGAGE,7000,MEDICAL,36,16.04,637,26.31,50.7,11,0,0,0
APP-12253,45,66925.83,3,RENT,29000,DEBTCONSOLIDATION,36,9.93,753,12.34,13.05,9,0,0,0
APP-12254,53,89208.7,19,MORTGAGE,39000,VENTURE,36,16.11,644,8.38,23.98,12,0,0,0
APP-12255,69,126507.67,13,MORTGAGE,15000,PERSONAL,36,13.96,667,11.34,48.49,10,0,1,0
APP-12256,52,78784.75,19,RENT,14000,VENTURE,60,10.05,755,15.87,16.56,5,0,0,0
APP-12257,69,,11,MORTGAGE,14000,HOMEIMPROVEMENT,36,13.32,662,23.63,18.63,12,0,0,0
APP-12258,55,45469.91,20,RENT,11000,DEBTCONSOLIDATION,60,13.45,690,20.03,32.76,10,0,0,0
APP-12259,64,54010.02,18,MORTGAGE,17000,DEBTCONSOLIDATION,36,9.86,748,21.33,7.41,12,0,0,0
APP-12260,58,135827.88,1,OTHER,40000,MEDICAL,36,6.24,805,22.1,44.71,9,0,0,0
APP-12261,46,80694.69,5,RENT,36000,VENTURE,36,12.48,743,20.09,14.22,10,0,0,0
APP-12262,31,67789.45,3,MORTGAGE,16000,HOMEIMPROVEMENT,36,11.29,717,7.39,8.34,11,0,0,0
APP-12263,55,41084.16,11,RENT,24000,DEBTCONSOLIDATION,60,10.29,819,11.13,25.92,16,1,0,0
APP-12264,28,97080.72,16,MORTGAGE,38000,PERSONAL,60,17.11,612,8.66,30.24,10,0,0,0
APP-12265,66,40508.51,15,MORTGAGE,9000,PERSONAL,60,8.8,814,15.15,26.81,9,2,0,0
APP-12266,34,34958.51,14,RENT,27000,DEBTCONSOLIDATION,60,14.6,703,27.57,58.15,5,0,0,0
APP-12267,30,63415.45,6,RENT,23000,EDUCATION,60,11.18,715,14.76,76.58,9,0,0,0
APP-12268,22,18011.28,1,MORTGAGE,6000,DEBTCONSOLIDATION,36,16.47,623,23.13,32.78,7,0,1,0
APP-12269,66,81270.5,3,MORTGAGE,35000,HOMEIMPROVEMENT,60,15.7,614,49.11,56.0,9,0,0,0
APP-12270,29,72292.24,15,RENT,28000,PERSONAL,36,11.08,660,26.5,33.9,18,2,0,0
APP-12271,23,50191.36,1,RENT,20000,VENTURE,36,12.26,687,28.2,84.25,11,0,0,0
APP-12272,41,52519.56,3,RENT,36000,DEBTCONSOLIDATION,36,11.57,689,20.99,52.99,12,1,0,0
APP-12273,46,56406.49,7,RENT,21000,DEBTCONSOLIDATION,36,11.34,704,10.29,54.12,10,2,0,0
APP-12274,28,40353.62,0,MORTGAGE,39000,PERSONAL,36,12.64,656,13.58,42.34,6,0,0,0
APP-12275,68,65662.7,3,RENT,14000,DEBTCONSOLIDATION,36,8.86,717,22.09,33.05,11,0,1,0
APP-12276,22,52854.73,1,MORTGAGE,19000,MEDICAL,60,16.76,596,8.62,18.85,6,0,0,0
APP-12277,26,63337.07,19,RENT,19000,EDUCATION,36,8.72,776,2.3,52.56,8,0,0,0
APP-12278,48,55388.97,2,RENT,2000,PERSONAL,36,13.82,655,14.82,19.18,14,0,0,0
APP-12279,49,,17,RENT,33000,DEBTCONSOLIDATION,60,13.42,699,59.04,35.22,10,1,0,0
APP-12280,46,68819.77,0,MORTGAGE,26000,PERSONAL,60,13.35,668,16.43,14.4,11,0,0,0
APP-12281,45,88481.6,18,RENT,22000,HOMEIMPROVEMENT,36,13.96,688,8.27,65.03,10,0,0,0
APP-12282,32,46056.1,11,OWN,28000,MEDICAL,36,12.87,707,22.41,25.05,6,5,0,0
APP-12283,25,72965.11,17,RENT,12000,DEBTCONSOLIDATION,36,6.44,850,38.91,20.95,6,0,0,0
APP-12284,54,77630.46,17,RENT,2000,VENTURE,36,17.04,582,28.09,29.36,8,0,0,1
APP-12285,68,31510.25,11,MORTGAGE,20000,DEBTCONSOLIDATION,36,15.88,635,17.72,1.91,9,0,1,0
APP-12286,57,97564.82,19,RENT,33000,HOMEIMPROVEMENT,36,15.13,615,14.87,71.14,9,0,0,0
APP-12287,35,167414.1,11,MORTGAGE,9000,PERSONAL,36,13.04,708,16.77,38.01,13,0,0,0
APP-12288,64,57294.06,14,MORTGAGE,20000,HOMEIMPROVEMENT,60,13.2,713,23.75,5.47,13,0,0,0
APP-12289,56,54962.27,7,RENT,17000,DEBTCONSOLIDATION,36,9.12,773,6.61,28.86,6,1,0,0
APP-12290,35,53825.19,19,MORTGAGE,36000,DEBTCONSOLIDATION,36,13.68,693,20.88,47.66,13,0,0,0
APP-12291,63,81658.64,17,MORTGAGE,3000,PERSONAL,60,9.38,767,9.16,18.64,10,0,0,0
APP-12292,68,77295.36,2,OWN,13000,MEDICAL,60,11.52,757,8.78,50.23,10,0,0,0
APP-12293,43,27029.1,11,RENT,30000,HOMEIMPROVEMENT,36,11.48,682,11.05,43.65,9,0,0,0
APP-12294,26,38829.65,18,RENT,11000,HOMEIMPROVEMENT,36,14.64,648,7.06,38.76,8,0,0,0
APP-12295,66,77161.54,16,MORTGAGE,23000,HOMEIMPROVEMENT,36,13.41,681,13.02,30.78,10,0,0,0
APP-12296,64,55686.28,20,RENT,35000,HOMEIMPROVEMENT,36,15.08,650,16.86,21.31,16,0,0,0
APP-12297,63,33421.04,3,MORTGAGE,22000,DEBTCONSOLIDATION,36,12.7,694,28.49,48.44,12,0,0,0
APP-12298,65,126770.05,6,OWN,38000,DEBTCONSOLIDATION,36,14.19,642,17.25,67.75,8,0,0,0
APP-12299,41,40140.59,9,RENT,6000,PERSONAL,36,10.31,710,6.0,24.35,5,0,0,0
APP-12300,43,60954.84,3,MORTGAGE,7000,DEBTCONSOLIDATION,60,15.92,592,16.55,16.59,7,0,0,0
APP-12301,63,54953.38,7,OWN,33000,PERSONAL,36,11.03,712,5.91,53.02,10,0,0,0
APP-12302,36,34914.43,10,OWN,4000,HOMEIMPROVEMENT,60,12.71,731,8.01,29.03,11,0,0,0
APP-12303,67,65675.25,2,MORTGAGE,11000,DEBTCONSOLIDATION,36,12.41,724,18.27,17.71,13,1,0,0
APP-12304,35,72842.4,4,MORTGAGE,6000,DEBTCONSOLIDATION,36,15.56,533,12.43,11.46,12,0,0,0
APP-12305,45,47389.79,1,RENT,25000,EDUCATION,36,15.03,703,6.69,48.4,10,0,1,0
APP-12306,56,50609.97,14,OWN,21000,MEDICAL,36,12.89,715,16.12,23.04,12,0,0,0
APP-12307,31,80841.32,6,RENT,38000,PERSONAL,36,6.6,850,12.05,37.69,3,0,0,0
APP-12308,35,22301.98,3,RENT,32000,PERSONAL,36,13.35,699,17.78,59.06,10,0,0,0
APP-12309,24,39241.81,9,RENT,18000,DEBTCONSOLIDATION,60,14.46,601,19.74,33.93,2,0,0,0
APP-12310,41,66617.16,0,MORTGAGE,25000,DEBTCONSOLIDATION,60,15.15,588,46.1,16.78,7,2,0,0
APP-12311,33,46010.76,19,RENT,19000,VENTURE,60,11.12,676,7.1,66.31,11,0,0,0
APP-12312,42,45683.18,4,MORTGAGE,27000,MEDICAL,36,14.53,638,27.67,12.22,13,0,0,0
APP-12313,39,93980.85,18,MORTGAGE,8000,PERSONAL,36,12.5,739,21.8,22.48,7,0,0,0
APP-12314,54,,9,RENT,15000,DEBTCONSOLIDATION,36,9.98,788,26.83,26.86,15,0,0,0
APP-12315,34,161069.16,17,RENT,3000,HOMEIMPROVEMENT,60,18.16,545,11.74,28.32,9,0,0,0
APP-12316,24,24903.0,3,RENT,31000,HOMEIMPROVEMENT,36,13.72,670,6.17,51.7,12,5,0,1
APP-12317,68,19811.21,2,RENT,18000,EDUCATION,36,12.87,767,31.6,10.63,10,0,0,0
APP-12318,66,92917.57,17,RENT,21000,HOMEIMPROVEMENT,36,12.83,740,13.68,50.93,5,0,0,0
APP-12319,47,36608.08,3,RENT,11000,DEBTCONSOLIDATION,60,13.33,640,34.43,63.79,11,0,0,0
APP-12320,49,36918.32,15,MORTGAGE,25000,DEBTCONSOLIDATION,60,10.05,712,6.54,17.21,10,0,0,0
APP-12321,67,97965.11,6,MORTGAGE,13000,DEBTCONSOLIDATION,60,10.2,762,22.52,7.47,12,0,0,0
APP-12322,48,46693.75,15,MORTGAGE,28000,DEBTCONSOLIDATION,60,12.24,691,8.92,53.79,6,0,0,0
APP-12323,55,94389.1,18,RENT,16000,DEBTCONSOLIDATION,60,12.86,729,27.79,28.17,8,0,0,0
APP-12324,28,44125.54,20,RENT,10000,PERSONAL,60,9.0,766,9.71,46.52,8,0,0,0
APP-12325,36,71773.15,6,MORTGAGE,19000,DEBTCONSOLIDATION,36,14.75,685,9.76,28.45,14,0,2,0
APP-12326,62,46364.47,6,MORTGAGE,8000,MEDICAL,36,13.11,695,44.69,19.16,9,0,0,0
APP-12327,56,37801.11,20,RENT,29000,PERSONAL,60,9.38,751,39.31,40.62,11,0,0,0
APP-12328,50,142244.21,17,RENT,37000,MEDICAL,36,9.49,732,5.95,38.31,8,5,0,0
APP-12329,38,104634.76,0,OWN,4000,DEBTCONSOLIDATION,36,10.07,771,4.09,18.21,6,1,0,0
APP-12330,22,41634.3,11,RENT,17000,VENTURE,60,9.95,746,2.86,56.63,11,0,0,0
APP-12331,69,54764.75,2,RENT,37000,PERSONAL,60,10.3,795,4.38,33.35,11,0,0,0
APP-12332,33,125255.81,20,RENT,5000,DEBTCONSOLIDATION,60,13.77,655,3.36,43.07,5,0,0,0
APP-12333,24,36530.02,1,MORTGAGE,36000,PERSONAL,60,7.63,710,23.17,25.5,14,0,0,0
APP-12334,46,37531.88,10,MORTGAGE,10000,DEBTCONSOLIDATION,36,13.1,681,28.32,76.75,9,0,2,0
APP-12335,45,75737.62,13,RENT,13000,DEBTCONSOLIDATION,36,13.89,590,18.71,56.65,10,0,0,0
APP-12336,50,186324.91,19,RENT,11000,HOMEIMPROVEMENT,60,13.61,631,13.17,55.97,12,1,0,0
APP-12337,31,61507.58,17,MORTGAGE,3000,PERSONAL,36,8.36,756,13.92,36.78,8,0,0,0
APP-12338,27,101205.22,3,RENT,20000,MEDICAL,36,11.03,730,17.32,41.83,10,0,0,0
APP-12339,51,36000.21,11,RENT,14000,MEDICAL,36,8.21,748,41.48,38.32,10,0,0,0
APP-12340,64,71720.09,19,RENT,34000,HOMEIMPROVEMENT,36,11.31,678,8.81,23.64,7,0,0,0
APP-12341,30,50020.72,14,RENT,2000,MEDICAL,36,14.34,700,9.29,17.84,13,1,0,0
APP-12342,59,152255.08,13,MORTGAGE,29000,DEBTCONSOLIDATION,60,11.99,716,14.08,35.53,13,0,1,0
APP-12343,33,133165.16,15,MORTGAGE,7000,DEBTCONSOLIDATION,60,12.81,673,6.6,12.68,8,3,0,0
APP-12344,51,187157.98,5,MORTGAGE,4000,DEBTCONSOLIDATION,36,10.83,714,23.72,24.99,10,0,1,0
APP-12345,27,42287.86,14,MORTGAGE,26000,DEBTCONSOLIDATION,60,15.83,564,11.39,22.9,5,0,0,0
APP-12346,69,60946.34,3,OTHER,17000,HOMEIMPROVEMENT,60,15.39,694,15.28,46.34,13,0,0,0
APP-12347,62,72228.03,8,OWN,5000,VENTURE,36,13.16,662,17.36,59.93,8,1,1,1
APP-12348,62,43121.03,18,RENT,9000,DEBTCONSOLIDATION,36,8.7,721,15.09,75.58,8,0,0,0
APP-12349,56,63928.95,0,RENT,40000,PERSONAL,36,7.59,793,12.86,38.49,15,0,1,0
APP-12350,40,94323.82,7,MORTGAGE,17000,DEBTCONSOLIDATION,36,13.15,724,35.47,61.32,13,0,0,0
APP-12351,24,45470.42,4,MORTGAGE,39000,PERSONAL,60,13.44,728,13.02,43.43,15,1,1,1
APP-12352,27,42121.85,2,OWN,24000,DEBTCONSOLIDATION,36,5.29,821,30.73,51.29,14,0,0,0
APP-12353,21,40748.41,17,MORTGAGE,7000,DEBTCONSOLIDATION,36,12.15,671,16.33,74.09,10,1,0,0
APP-12354,64,30581.45,14,MORTGAGE,17000,DEBTCONSOLIDATION,36,12.61,638,10.92,35.5,12,0,0,0
APP-12355,65,91765.94,0,RENT,17000,VENTURE,36,13.12,609,11.37,41.12,7,1,0,0
APP-12356,62,42073.18,9,RENT,24000,DEBTCONSOLIDATION,60,10.31,781,2.48,53.59,8,0,0,0
APP-12357,67,39912.56,8,MORTGAGE,17000,DEBTCONSOLIDATION,36,10.58,759,8.54,46.64,13,0,0,0
APP-12358,33,78005.52,1,OTHER,37000,EDUCATION,60,15.47,604,4.12,50.73,10,0,0,0
APP-12359,42,59557.17,16,RENT,13000,HOMEIMPROVEMENT,36,9.71,757,6.32,13.26,4,0,0,0
APP-12360,41,46038.57,6,MORTGAGE,38000,VENTURE,36,12.45,720,18.02,54.67,11,0,0,0
APP-12361,42,89797.68,15,MORTGAGE,10000,MEDICAL,36,16.42,607,13.51,51.16,10,0,0,0
APP-12362,48,45128.85,2,RENT,19000,DEBTCONSOLIDATION,60,12.14,716,21.01,25.75,7,0,0,0
APP-12363,29,20161.39,5,MORTGAGE,10000,DEBTCONSOLIDATION,60,12.77,702,15.1,40.58,19,0,0,0
APP-12364,46,116613.64,0,MORTGAGE,22000,PERSONAL,36,16.24,690,7.52,31.4,4,0,0,0
APP-12365,29,39573.0,1,RENT,2000,HOMEIMPROVEMENT,36,13.62,608,30.72,12.34,7,0,0,0
APP-12366,35,41794.62,18,RENT,24000,DEBTCONSOLIDATION,36,5.34,850,8.64,6.53,5,0,0,0
APP-12367,30,41887.03,0,RENT,6000,PERSONAL,36,16.49,620,24.8,28.39,8,0,0,0
APP-12368,44,61685.27,0,RENT,20000,VENTURE,36,16.21,634,4.18,87.47,13,0,0,0
APP-12369,62,52202.14,19,RENT,36000,DEBTCONSOLIDATION,60,19.94,612,11.17,14.19,10,0,0,0
APP-12370,28,98128.74,12,RENT,34000,DEBTCONSOLIDATION,60,8.72,771,18.97,74.18,9,0,0,0
APP-12371,44,136292.28,0,MORTGAGE,19000,PERSONAL,60,16.3,623,36.42,22.2,11,1,0,0
APP-12372,36,42633.7,20,MORTGAGE,15000,DEBTCONSOLIDATION,36,13.26,668,21.72,51.32,10,0,0,0
APP-12373,69,37458.78,1,MORTGAGE,21000,PERSONAL,60,12.83,718,8.47,38.2,12,0,0,0
APP-12374,46,46122.18,15,MORTGAGE,14000,PERSONAL,36,14.18,563,30.51,37.81,10,0,0,1
APP-12375,47,74572.65,0,OWN,17000,MEDICAL,36,14.66,634,26.24,56.88,9,0,0,0
APP-12376,57,56490.03,12,MORTGAGE,32000,PERSONAL,36,14.2,644,30.34,17.85,9,0,0,0
APP-12377,24,46620.44,10,RENT,40000,PERSONAL,36,8.93,755,14.41,9.07,8,0,0,0
APP-12378,44,31303.8,3,RENT,36000,DEBTCONSOLIDATION,36,13.59,680,12.64,34.79,5,0,0,0
APP-12379,39,19841.99,12,RENT,21000,DEBTCONSOLIDATION,36,12.24,663,47.18,27.72,8,2,0,0
APP-12380,56,36229.94,12,MORTGAGE,2000,DEBTCONSOLIDATION,36,10.53,754,7.99,64.08,12,3,0,0
APP-12381,59,112668.81,16,MORTGAGE,14000,DEBTCONSOLIDATION,36,13.23,660,18.51,9.84,7,2,0,0
APP-12382,30,74458.44,18,MORTGAGE,8000,VENTURE,60,9.11,769,14.29,55.79,12,2,0,0
APP-12383,45,54406.14,9,MORTGAGE,23000,DEBTCONSOLIDATION,36,7.36,850,29.81,43.72,5,0,0,0
APP-12384,38,86240.35,9,MORTGAGE,8000,MEDICAL,36,10.64,766,29.29,49.43,11,0,0,0
APP-12385,39,31446.99,12,MORTGAGE,21000,MEDICAL,36,7.54,813,17.28,12.96,11,0,0,0
APP-12386,56,61597.41,14,OWN,38000,HOMEIMPROVEMENT,36,10.12,728,8.88,37.76,8,0,0,0
APP-12387,30,24509.66,6,MORTGAGE,37000,MEDICAL,36,11.9,707,18.0,25.16,11,0,0,0
APP-12388,53,71183.01,9,MORTGAGE,5000,MEDICAL,60,13.42,689,19.93,26.23,9,0,0,0
APP-12389,25,,11,MORTGAGE,7000,VENTURE,60,11.44,753,17.43,22.8,15,0,0,0
APP-12390,67,68985.67,20,RENT,4000,PERSONAL,36,14.74,613,10.05,33.79,9,0,0,0
APP-12391,69,107345.62,11,RENT,4000,EDUCATION,36,8.8,755,32.69,43.51,12,0,0,0
APP-12392,55,88256.04,3,RENT,4000,VENTURE,36,13.08,666,20.02,65.7,11,0,0,0
APP-12393,64,32713.5,11,RENT,37000,DEBTCONSOLIDATION,36,11.43,729,6.07,13.79,10,0,0,0
APP-12394,54,108159.22,16,OTHER,10000,PERSONAL,60,9.17,701,18.95,33.46,9,0,0,0
APP-12395,53,53920.93,17,RENT,17000,PERSONAL,36,11.01,733,13.56,15.93,9,0,0,0
APP-12396,41,22357.69,16,RENT,17000,PERSONAL,60,9.33,738,9.14,39.47,8,0,0,0
APP-12397,37,56705.26,18,MORTGAGE,13000,DEBTCONSOLIDATION,36,11.6,708,4.77,68.68,14,0,1,0
APP-12398,42,82748.78,5,MORTGAGE,39000,PERSONAL,36,11.67,704,15.01,76.69,8,0,0,0
APP-12399,68,36064.85,9,OWN,21000,DEBTCONSOLIDATION,60,12.78,662,27.97,46.51,9,0,0,0
APP-12400,57,116591.21,15,RENT,32000,HOMEIMPROVEMENT,60,11.98,693,16.65,21.9,7,0,0,0
APP-12401,35,37734.94,4,OWN,31000,PERSONAL,36,16.2,643,13.76,22.72,9,0,0,0
APP-12402,55,47072.96,6,RENT,22000,VENTURE,36,14.78,621,4.03,18.02,16,0,0,0
APP-12403,48,42943.1,17,OWN,4000,HOMEIMPROVEMENT,36,20.81,593,4.32,20.52,13,0,0,0
APP-12404,27,25476.5,15,MORTGAGE,22000,DEBTCONSOLIDATION,36,10.25,736,2.65,21.19,10,0,0,0
APP-12405,52,36440.39,20,MORTGAGE,29000,DEBTCONSOLIDATION,36,13.18,628,6.23,15.93,8,0,1,0
APP-12406,31,41943.15,20,RENT,29000,HOMEIMPROVEMENT,36,13.02,725,10.69,60.27,11,0,0,0
APP-12407,30,56103.15,3,MORTGAGE,6000,DEBTCONSOLIDATION,36,11.06,695,18.39,47.62,8,0,0,0
APP-12408,29,18000.0,18,MORTGAGE,8000,PERSONAL,60,14.59,618,16.98,10.94,4,0,0,0
APP-12409,34,85671.59,0,RENT,6000,EDUCATION,36,12.99,591,4.67,25.58,6,0,0,1
APP-12410,33,85249.44,14,RENT,10000,DEBTCONSOLIDATION,36,11.62,712,13.02,26.62,10,0,0,0
APP-12411,45,108091.2,3,OTHER,22000,DEBTCONSOLIDATION,36,18.4,622,27.1,7.61,9,2,0,0
APP-12412,22,28400.79,5,MORTGAGE,21000,PERSONAL,36,12.96,705,37.74,63.81,7,0,0,0
APP-12413,55,51719.2,19,OWN,39000,HOMEIMPROVEMENT,60,11.36,722,11.2,75.41,13,0,0,0
APP-12414,27,,4,MORTGAGE,38000,DEBTCONSOLIDATION,36,14.15,625,3.44,32.36,11,0,0,0
APP-12415,41,100082.28,13,RENT,18000,DEBTCONSOLIDATION,36,13.6,607,14.85,30.44,9,0,2,0
APP-12416,38,125425.28,2,RENT,29000,DEBTCONSOLIDATION,60,16.26,678,16.65,15.0,8,0,0,0
APP-12417,23,63029.46,0,OWN,32000,HOMEIMPROVEMENT,36,10.34,671,14.67,20.94,15,1,0,0
APP-12418,62,58221.68,5,MORTGAGE,34000,VENTURE,36,15.6,646,22.4,27.0,5,0,0,0
APP-12419,59,27474.82,12,RENT,33000,EDUCATION,36,17.1,567,4.27,17.97,13,0,0,1
APP-12420,61,101970.42,3,MORTGAGE,33000,VENTURE,36,11.04,750,10.52,39.95,12,0,0,0
APP-12421,69,47564.54,5,RENT,24000,PERSONAL,36,15.46,684,12.09,59.73,11,0,0,0
APP-12422,31,60898.91,14,MORTGAGE,22000,DEBTCONSOLIDATION,36,9.78,724,6.45,56.34,8,0,0,0
APP-12423,59,58899.35,0,RENT,26000,MEDICAL,60,13.64,686,19.97,30.66,16,0,2,0
APP-12424,44,18082.03,8,RENT,34000,PERSONAL,36,8.79,743,40.96,36.71,5,0,0,0
APP-12425,66,39905.61,19,RENT,4000,HOMEIMPROVEMENT,36,16.7,674,7.09,38.87,9,0,0,0
APP-12426,39,75127.41,7,RENT,7000,PERSONAL,36,13.26,670,10.74,59.04,9,0,0,0
APP-12427,24,58437.15,8,MORTGAGE,29000,DEBTCONSOLIDATION,36,12.62,638,15.7,35.02,9,0,0,1
APP-12428,46,75426.31,15,MORTGAGE,3000,PERSONAL,36,11.82,705,9.94,30.17,11,0,0,0
APP-12429,58,88603.22,15,MORTGAGE,33000,VENTURE,36,14.14,667,31.45,25.91,4,0,0,0
APP-12430,62,39671.16,15,MORTGAGE,27000,DEBTCONSOLIDATION,36,16.49,659,19.08,62.4,12,0,0,0
APP-12431,52,46278.13,20,RENT,6000,HOMEIMPROVEMENT,36,15.96,587,16.31,24.12,7,0,0,0
APP-12432,59,55793.15,0,MORTGAGE,12000,DEBTCONSOLIDATION,60,12.61,664,5.82,64.38,6,3,0,1
APP-12433,65,88145.97,20,OWN,11000,MEDICAL,36,13.47,714,27.69,57.59,3,0,1,0
APP-12434,66,53260.54,19,RENT,16000,EDUCATION,60,13.1,681,15.04,30.25,14,0,0,0
APP-12435,56,24574.18,17,RENT,19000,DEBTCONSOLIDATION,36,11.49,723,5.91,41.62,6,0,0,0
APP-12436,60,54225.61,8,MORTGAGE,15000,PERSONAL,60,15.39,627,17.55,21.57,12,0,0,0
APP-12437,57,86390.69,18,RENT,29000,DEBTCONSOLIDATION,60,11.0,655,22.94,48.88,6,0,0,0
APP-12438,53,118008.24,3,RENT,31000,DEBTCONSOLIDATION,60,11.69,713,6.11,70.89,14,0,3,0
APP-12439,56,68891.49,16,MORTGAGE,14000,HOMEIMPROVEMENT,36,11.87,688,14.72,76.94,13,0,0,0
APP-12440,23,28481.26,2,OWN,21000,HOMEIMPROVEMENT,60,18.19,510,40.5,57.86,16,0,0,0
APP-12441,29,48864.9,16,MORTGAGE,3000,DEBTCONSOLIDATION,60,14.31,656,43.82,17.07,11,0,0,0
APP-12442,28,75927.07,12,MORTGAGE,26000,DEBTCONSOLIDATION,36,11.24,624,5.71,27.26,11,0,0,0
APP-12443,53,92328.43,0,RENT,13000,PERSONAL,36,11.46,680,30.82,13.19,8,1,0,0
APP-12444,26,77152.23,18,MORTGAGE,26000,MEDICAL,36,19.44,504,13.61,20.57,10,0,0,0
APP-12445,61,52796.29,11,MORTGAGE,5000,DEBTCONSOLIDATION,36,13.02,702,12.02,88.63,9,0,0,0
APP-12446,59,91973.68,13,MORTGAGE,13000,PERSONAL,36,11.13,729,3.98,46.11,12,0,0,0
APP-12447,24,43465.27,4,RENT,8000,DEBTCONSOLIDATION,36,12.05,653,19.93,18.09,10,1,0,0
APP-12448,33,65665.21,18,MORTGAGE,39000,PERSONAL,36,12.73,673,9.99,28.26,6,1,0,0
APP-12449,69,87107.1,10,MORTGAGE,33000,DEBTCONSOLIDATION,60,15.74,647,4.01,36.9,11,0,0,0
APP-12450,22,79882.96,7,MORTGAGE,7000,DEBTCONSOLIDATION,60,10.95,785,12.41,57.95,5,0,0,0
APP-12451,25,80785.07,10,RENT,28000,DEBTCONSOLIDATION,60,9.09,769,16.22,49.58,11,0,0,0
APP-12452,64,,14,RENT,36000,PERSONAL,60,8.4,758,32.37,65.85,15,0,0,0
APP-12453,47,35442.01,14,RENT,22000,DEBTCONSOLIDATION,36,11.27,803,18.57,60.37,9,0,2,0
APP-12454,52,60402.08,6,RENT,21000,DEBTCONSOLIDATION,60,13.73,768,20.65,85.52,12,0,0,0
APP-12455,41,38001.36,7,MORTGAGE,20000,DEBTCONSOLIDATION,36,14.66,658,17.77,31.58,7,0,0,0
APP-12456,28,51806.09,11,MORTGAGE,34000,DEBTCONSOLIDATION,36,12.42,696,18.76,52.53,8,0,0,1
APP-12457,58,33375.59,19,MORTGAGE,5000,PERSONAL,36,9.71,723,29.63,39.91,20,0,0,0
APP-12458,28,71145.57,15,OWN,20000,HOMEIMPROVEMENT,36,12.35,709,34.48,27.82,11,0,0,0
APP-12459,23,22413.62,7,RENT,29000,VENTURE,36,15.94,602,15.95,42.72,11,0,0,1
APP-12460,64,81523.01,5,MORTGAGE,23000,DEBTCONSOLIDATION,36,10.06,730,3.69,36.77,16,0,0,0
APP-12461,23,60335.38,10,RENT,25000,MEDICAL,36,10.41,721,32.93,42.55,14,0,0,0
APP-12462,42,154984.41,18,RENT,31000,DEBTCONSOLIDATION,60,10.42,724,24.95,31.44,14,0,0,0
APP-12463,26,54051.9,0,RENT,30000,DEBTCONSOLIDATION,36,13.84,709,25.01,36.67,14,0,1,0
APP-12464,22,54043.88,14,OWN,11000,MEDICAL,60,13.44,689,30.12,16.83,14,0,0,0
APP-12465,43,84226.61,4,RENT,33000,PERSONAL,60,13.2,728,36.12,29.79,9,0,0,0
APP-12466,64,55645.34,3,RENT,10000,DEBTCONSOLIDATION,36,16.86,568,24.68,7.73,12,0,0,0
APP-12467,22,68693.95,0,MORTGAGE,26000,MEDICAL,36,12.05,720,17.57,36.21,14,2,0,0
APP-12468,58,98439.76,18,RENT,17000,VENTURE,60,10.21,751,14.06,34.79,12,0,0,0
APP-12469,37,52378.03,19,RENT,16000,VENTURE,36,7.1,792,11.2,68.02,8,0,0,0
APP-12470,55,108839.55,0,MORTGAGE,19000,DEBTCONSOLIDATION,60,12.23,723,15.9,48.17,13,0,0,0
APP-12471,54,25859.49,10,RENT,24000,MEDICAL,36,13.67,635,17.14,67.85,10,0,0,1
APP-12472,43,133484.41,1,OWN,4000,HOMEIMPROVEMENT,36,14.43,659,20.75,10.82,10,0,0,0
APP-12473,50,24487.47,15,MORTGAGE,8000,HOMEIMPROVEMENT,36,9.26,719,16.58,44.64,14,0,0,0
APP-12474,28,117723.47,13,RENT,40000,DEBTCONSOLIDATION,36,13.04,715,18.73,37.7,11,3,0,0
APP-12475,42,23547.35,5,RENT,12000,DEBTCONSOLIDATION,36,15.77,627,12.32,28.22,12,0,0,0
APP-12476,64,161182.42,0,MORTGAGE,25000,PERSONAL,36,11.09,698,35.9,80.34,12,0,0,0
APP-12477,56,64889.31,17,RENT,36000,PERSONAL,36,13.39,678,18.33,24.75,7,0,0,0
APP-12478,25,37330.2,13,MORTGAGE,26000,HOMEIMPROVEMENT,36,13.42,672,10.5,22.26,9,0,0,0
APP-12479,33,152140.53,0,MORTGAGE,29000,PERSONAL,36,15.5,695,35.79,41.41,8,0,0,0
APP-12480,49,34737.15,12,MORTGAGE,13000,HOMEIMPROVEMENT,60,12.15,693,30.1,20.4,13,5,0,0
APP-12481,51,53440.44,16,MORTGAGE,24000,HOMEIMPROVEMENT,36,9.63,783,20.85,59.52,16,4,0,0
APP-12482,67,220214.23,11,OWN,18000,HOMEIMPROVEMENT,60,15.14,571,35.98,28.8,4,1,0,0
APP-12483,36,72967.48,7,RENT,38000,DEBTCONSOLIDATION,36,13.27,687,5.59,55.03,10,0,0,1
APP-12484,62,21741.81,11,RENT,19000,PERSONAL,36,14.33,690,31.17,30.27,11,0,0,0
APP-12485,50,52226.95,12,MORTGAGE,10000,VENTURE,36,18.27,580,36.47,61.95,10,0,0,0
APP-12486,36,49967.11,12,RENT,36000,MEDICAL,36,11.44,732,9.91,50.15,14,0,0,0
APP-12487,32,65792.32,20,MORTGAGE,37000,PERSONAL,36,11.25,740,18.63,44.36,16,0,0,0
APP-12488,37,58558.32,2,MORTGAGE,19000,EDUCATION,36,16.64,595,7.31,56.64,15,0,0,0
APP-12489,36,78662.77,12,RENT,21000,DEBTCONSOLIDATION,36,11.53,737,10.09,12.86,7,0,0,0
APP-12490,32,27888.59,2,RENT,22000,DEBTCONSOLIDATION,36,14.93,638,23.11,25.32,7,0,0,0
APP-12491,28,45526.44,3,MORTGAGE,21000,PERSONAL,36,9.21,711,17.88,24.04,16,0,0,0
APP-12492,40,69976.99,13,MORTGAGE,7000,PERSONAL,36,13.44,703,29.97,64.01,14,0,0,0
APP-12493,23,40901.79,19,RENT,10000,PERSONAL,36,12.39,704,14.07,10.24,21,0,0,0
APP-12494,36,103566.77,1,MORTGAGE,30000,PERSONAL,60,16.96,562,10.19,4.0,9,0,0,0
APP-12495,50,41312.96,20,MORTGAGE,30000,PERSONAL,36,14.29,589,14.06,31.2,6,0,0,0
APP-12496,65,64322.49,5,RENT,14000,DEBTCONSOLIDATION,60,13.53,703,10.03,42.93,7,1,0,0
APP-12497,43,56813.06,7,RENT,37000,DEBTCONSOLIDATION,36,14.6,721,6.97,60.11,9,0,0,0
APP-12498,48,36049.91,1,RENT,28000,EDUCATION,60,16.6,634,19.67,22.35,8,0,0,0
APP-12499,60,61712.73,12,MORTGAGE,7000,VENTURE,60,8.94,772,15.28,59.33,10,0,0,0
APP-12500,25,31071.12,11,MORTGAGE,40000,VENTURE,36,11.56,651,24.65,57.98,13,0,0,0
APP-12501,40,47963.44,8,OTHER,33000,DEBTCONSOLIDATION,60,11.44,669,4.13,20.97,9,0,0,0
APP-12502,60,60787.36,9,RENT,29000,PERSONAL,60,13.11,680,12.01,15.91,11,0,0,0
APP-12503,64,29328.97,12,OWN,2000,MEDICAL,36,12.99,704,12.09,78.9,10,2,0,0
APP-12504,21,81776.96,11,MORTGAGE,32000,EDUCATION,36,14.45,683,17.37,21.58,7,0,0,0
APP-12505,50,68199.15,6,RENT,31000,MEDICAL,36,13.75,671,3.25,43.84,13,0,0,0
APP-12506,41,78119.92,18,RENT,19000,HOMEIMPROVEMENT,36,11.81,684,16.95,18.68,9,0,1,0
APP-12507,40,59948.1,13,MORTGAGE,30000,DEBTCONSOLIDATION,36,12.36,703,15.79,10.15,5,0,0,0
APP-12508,26,33679.96,2,MORTGAGE,39000,HOMEIMPROVEMENT,36,11.3,704,24.98,35.84,6,0,3,0
APP-12509,42,59871.96,5,MORTGAGE,24000,PERSONAL,36,12.81,706,14.06,59.27,9,0,0,0
APP-12510,38,81760.42,16,MORTGAGE,23000,MEDICAL,36,14.24,689,25.55,45.46,6,0,0,0
APP-12511,28,33019.24,0,RENT,3000,DEBTCONSOLIDATION,36,10.63,731,18.96,64.16,7,0,0,0
APP-12512,59,34357.89,15,RENT,6000,DEBTCONSOLIDATION,60,12.85,699,18.97,35.47,14,0,0,0
APP-12513,52,52942.29,6,RENT,16000,DEBTCONSOLIDATION,36,11.94,707,18.96,54.93,5,0,0,0
APP-12514,53,49728.59,10,RENT,33000,DEBTCONSOLIDATION,36,11.46,713,18.66,20.61,9,0,0,0
APP-12515,36,59392.19,4,MORTGAGE,7000,HOMEIMPROVEMENT,60,10.52,727,9.0,38.7,10,0,0,0
APP-12516,32,51748.52,20,OWN,15000,VENTURE,60,11.95,739,36.27,28.1,11,0,0,0
APP-12517,58,64860.87,18,RENT,25000,DEBTCONSOLIDATION,36,14.55,685,10.06,52.46,12,1,0,0
APP-12518,54,110294.46,19,MORTGAGE,22000,DEBTCONSOLIDATION,36,12.35,722,5.63,29.79,13,0,0,0
APP-12519,34,78369.82,2,RENT,15000,DEBTCONSOLIDATION,36,10.8,759,11.36,26.03,8,3,0,0
APP-12520,56,61578.98,17,RENT,13000,PERSONAL,60,14.95,635,16.39,26.73,13,0,0,0
APP-12521,53,34428.65,10,RENT,5000,HOMEIMPROVEMENT,60,11.43,687,2.07,60.58,10,1,0,0
APP-12522,43,41731.3,14,RENT,22000,PERSONAL,60,15.67,669,24.25,44.68,9,0,0,0
APP-12523,65,91205.19,3,RENT,18000,DEBTCONSOLIDATION,36,9.95,765,15.8,17.37,9,0,0,0
APP-12524,22,47370.61,14,RENT,30000,MEDICAL,36,15.27,614,11.43,77.17,6,0,0,1
APP-12525,61,,19,RENT,17000,PERSONAL,36,15.38,650,4.12,31.67,13,0,0,0
APP-12526,41,170931.22,4,RENT,19000,PERSONAL,60,9.99,766,29.23,21.33,7,1,0,0
APP-12527,22,128313.23,3,MORTGAGE,39000,EDUCATION,36,12.34,699,14.2,26.28,13,0,0,0
APP-12528,47,56261.92,0,RENT,12000,MEDICAL,36,10.24,716,29.34,43.6,11,0,0,0
APP-12529,29,34845.1,4,OWN,33000,VENTURE,36,12.02,676,26.37,21.6,8,0,0,0
APP-12530,21,85963.62,10,MORTGAGE,29000,DEBTCONSOLIDATION,36,11.66,713,9.37,16.86,10,1,0,0
APP-12531,31,46862.17,17,OWN,17000,VENTURE,36,14.88,684,48.29,54.43,7,0,3,0
APP-12532,23,93364.49,4,MORTGAGE,35000,PERSONAL,36,13.48,624,11.14,65.82,7,0,2,0
APP-12533,43,46885.95,12,MORTGAGE,31000,DEBTCONSOLIDATION,36,7.99,776,29.4,7.22,10,0,0,0
APP-12534,46,136311.47,9,RENT,39000,EDUCATION,60,11.38,692,13.15,30.08,7,0,0,0
APP-12535,24,46195.11,4,MORTGAGE,23000,DEBTCONSOLIDATION,36,13.29,704,36.04,21.52,10,0,0,0
APP-12536,38,195314.57,9,RENT,6000,MEDICAL,60,12.96,673,24.95,46.26,3,0,0,0
APP-12537,26,66007.85,2,RENT,10000,DEBTCONSOLIDATION,36,8.18,781,55.87,74.92,9,0,0,0
APP-12538,55,119629.27,12,RENT,14000,PERSONAL,36,12.53,724,23.02,19.21,5,0,0,0
APP-12539,42,45704.4,0,MORTGAGE,40000,DEBTCONSOLIDATION,36,11.86,675,6.84,19.68,11,0,0,0
APP-12540,63,31080.16,14,RENT,24000,MEDICAL,60,12.36,705,10.23,14.91,12,0,1,0
APP-12541,35,18899.46,2,OTHER,28000,DEBTCONSOLIDATION,36,12.79,635,22.59,12.34,7,0,0,0
APP-12542,42,113357.51,20,RENT,33000,HOMEIMPROVEMENT,60,15.06,685,2.46,87.61,11,3,1,1
APP-12543,57,61945.3,16,MORTGAGE,32000,HOMEIMPROVEMENT,60,15.56,660,11.75,49.09,8,0,0,0
APP-12544,62,32087.19,6,RENT,34000,VENTURE,60,15.85,605,26.67,72.31,9,1,0,1
APP-12545,32,115739.99,7,MORTGAGE,27000,HOMEIMPROVEMENT,36,14.89,697,24.14,58.61,10,0,0,0
APP-12546,67,106723.54,4,MORTGAGE,19000,DEBTCONSOLIDATION,36,12.65,667,14.94,16.84,12,0,0,0
APP-12547,69,119514.49,15,MORTGAGE,13000,DEBTCONSOLIDATION,36,7.9,778,16.1,22.44,15,0,0,0
APP-12548,62,30641.39,6,RENT,4000,DEBTCONSOLIDATION,60,18.23,601,20.85,70.08,10,0,0,0
APP-12549,58,111659.09,15,MORTGAGE,6000,EDUCATION,60,12.24,664,7.59,60.82,8,0,1,0
APP-12550,38,72549.25,0,RENT,15000,VENTURE,36,12.04,706,14.05,49.79,14,0,0,0
APP-12551,65,122248.55,1,MORTGAGE,13000,HOMEIMPROVEMENT,36,14.34,744,9.74,23.29,5,0,0,0
APP-12552,55,78540.18,6,MORTGAGE,5000,PERSONAL,36,12.67,663,17.71,56.84,9,0,0,0
APP-12553,50,65284.36,0,RENT,17000,MEDICAL,36,7.76,827,14.81,57.15,14,0,0,0
APP-12554,44,112419.49,11,RENT,12000,DEBTCONSOLIDATION,60,15.09,666,10.96,43.73,8,2,0,0
APP-12555,62,91669.93,0,RENT,37000,DEBTCONSOLIDATION,36,15.87,629,7.69,67.43,4,0,0,0
APP-12556,50,102835.18,17,MORTGAGE,39000,HOMEIMPROVEMENT,36,11.18,682,29.52,57.0,11,0,1,0
APP-12557,34,46909.54,15,MORTGAGE,3000,PERSONAL,36,10.25,798,13.76,45.62,9,1,0,0
APP-12558,26,54928.92,3,RENT,14000,PERSONAL,36,10.11,751,6.3,48.3,9,0,1,0
APP-12559,23,25162.08,9,RENT,9000,PERSONAL,36,10.21,793,8.43,21.89,10,0,0,0
APP-12560,36,45249.1,8,RENT,22000,DEBTCONSOLIDATION,36,7.46,775,10.99,40.65,9,0,0,0
APP-12561,27,88893.72,14,RENT,27000,DEBTCONSOLIDATION,36,11.8,802,9.09,86.91,10,0,0,0
APP-12562,34,79387.32,7,MORTGAGE,39000,DEBTCONSOLIDATION,36,12.24,691,24.61,77.22,10,0,0,1
APP-12563,29,36689.06,0,MORTGAGE,36000,PERSONAL,36,9.5,802,15.16,45.66,12,0,0,0
APP-12564,35,113683.4,4,MORTGAGE,16000,VENTURE,36,10.42,716,16.07,84.02,5,0,1,0
APP-12565,41,264749.04,8,OWN,31000,PERSONAL,60,8.75,730,18.33,76.01,15,0,0,0
APP-12566,55,38125.47,20,MORTGAGE,3000,MEDICAL,36,9.01,776,17.3,16.77,7,0,0,0
APP-12567,22,54017.27,18,MORTGAGE,17000,DEBTCONSOLIDATION,36,8.99,830,5.87,65.53,6,0,0,0
APP-12568,47,43879.49,2,MORTGAGE,14000,DEBTCONSOLIDATION,36,10.47,792,13.02,17.67,10,0,0,0
APP-12569,22,57099.87,14,MORTGAGE,2000,DEBTCONSOLIDATION,60,14.55,613,31.76,57.99,13,3,0,1
APP-12570,55,68662.12,19,MORTGAGE,29000,PERSONAL,36,15.06,692,18.47,82.03,13,0,0,1
APP-12571,38,42248.9,0,MORTGAGE,2000,DEBTCONSOLIDATION,36,11.11,691,7.36,58.89,8,0,0,0
APP-12572,34,52132.31,14,RENT,35000,VENTURE,36,14.52,628,10.64,16.25,9,0,0,0
APP-12573,40,62543.75,8,OWN,14000,DEBTCONSOLIDATION,60,15.89,621,30.05,16.07,12,2,0,0
APP-12574,38,75796.01,13,MORTGAGE,3000,PERSONAL,36,12.26,658,16.22,59.86,10,0,0,0
APP-12575,30,124647.68,12,RENT,5000,PERSONAL,36,6.69,733,15.01,23.03,15,0,0,0
APP-12576,45,59442.25,20,MORTGAGE,26000,DEBTCONSOLIDATION,36,12.16,740,39.31,36.08,11,0,0,0
APP-12577,22,45210.39,4,RENT,35000,PERSONAL,36,13.64,671,23.16,91.49,10,0,0,0
APP-12578,45,84810.07,16,MORTGAGE,14000,DEBTCONSOLIDATION,60,17.03,575,10.28,36.32,12,0,0,0
APP-12579,53,73136.76,3,OWN,37000,DEBTCONSOLIDATION,36,10.86,700,10.3,23.34,11,0,0,0
APP-12580,56,54371.0,8,RENT,33000,VENTURE,36,9.29,787,20.19,30.21,10,0,0,0
APP-12581,51,76306.12,20,MORTGAGE,22000,HOMEIMPROVEMENT,60,13.37,648,10.09,39.27,8,0,0,0
APP-12582,34,49435.58,15,MORTGAGE,27000,DEBTCONSOLIDATION,36,8.1,785,17.61,51.63,9,0,0,0
APP-12583,21,45926.98,5,MORTGAGE,16000,PERSONAL,36,14.44,687,18.97,62.25,5,0,0,0
APP-12584,66,23163.69,12,RENT,30000,DEBTCONSOLIDATION,36,9.15,752,3.82,11.48,13,0,0,0
APP-12585,36,50819.65,0,RENT,27000,MEDICAL,60,10.17,759,30.45,35.69,10,0,0,0
APP-12586,66,24803.46,4,MORTGAGE,22000,HOMEIMPROVEMENT,36,14.04,657,7.56,35.37,5,1,2,1
APP-12587,23,43490.51,14,RENT,13000,HOMEIMPROVEMENT,36,11.84,684,46.96,71.9,10,0,0,0
APP-12588,55,79996.68,11,MORTGAGE,13000,DEBTCONSOLIDATION,36,10.79,727,11.55,36.17,14,4,0,0
APP-12589,61,28209.53,8,MORTGAGE,6000,MEDICAL,36,13.57,690,35.56,67.51,16,0,0,0
APP-12590,26,54452.15,13,OTHER,27000,DEBTCONSOLIDATION,60,17.29,614,9.03,11.94,12,0,0,0
APP-12591,45,61866.67,7,RENT,33000,PERSONAL,36,12.4,697,12.73,44.71,11,0,0,0
APP-12592,33,53140.94,0,RENT,3000,HOMEIMPROVEMENT,36,12.31,722,4.16,33.67,10,0,0,0
APP-12593,54,47067.24,8,MORTGAGE,9000,PERSONAL,60,12.75,666,36.66,52.15,8,0,0,0
APP-12594,28,70452.53,18,MORTGAGE,28000,MEDICAL,60,14.75,613,3.12,40.81,14,0,0,0
APP-12595,41,75512.21,17,OWN,38000,VENTURE,60,7.55,798,11.25,22.83,7,0,1,0
APP-12596,54,59919.85,7,MORTGAGE,9000,DEBTCONSOLIDATION,60,12.15,722,14.74,4.5,4,0,0,0
APP-12597,24,48393.44,0,MORTGAGE,25000,HOMEIMPROVEMENT,60,9.11,759,17.8,28.95,7,0,0,0
APP-12598,45,,12,RENT,14000,DEBTCONSOLIDATION,36,11.57,702,11.13,28.65,9,0,0,0
APP-12599,35,31089.64,15,RENT,30000,HOMEIMPROVEMENT,36,12.19,693,20.3,54.71,9,0,0,0
APP-12600,24,84430.95,4,RENT,14000,HOMEIMPROVEMENT,36,8.01,763,6.17,25.66,15,0,0,0
APP-12601,65,73854.13,9,RENT,24000,DEBTCONSOLIDATION,36,11.8,683,27.85,1.19,7,0,0,0
APP-12602,32,66138.97,20,MORTGAGE,16000,VENTURE,36,13.68,674,5.18,54.01,11,3,0,0
APP-12603,52,59578.63,11,MORTGAGE,25000,HOMEIMPROVEMENT,60,9.61,752,15.81,55.28,9,0,1,0
APP-12604,52,23272.22,6,MORTGAGE,24000,PERSONAL,60,12.73,770,16.96,59.02,12,0,0,0
APP-12605,48,119811.65,12,MORTGAGE,11000,PERSONAL,36,15.25,660,7.01,32.99,13,0,0,0
APP-12606,33,91065.61,2,MORTGAGE,39000,DEBTCONSOLIDATION,60,12.51,740,7.69,8.03,9,4,0,1
APP-12607,51,37023.38,2,MORTGAGE,6000,PERSONAL,36,13.77,611,47.66,53.71,6,0,0,1
APP-12608,34,87500.94,19,MORTGAGE,6000,DEBTCONSOLIDATION,60,12.01,682,23.4,37.42,7,0,0,0
APP-12609,40,65802.94,3,RENT,32000,HOMEIMPROVEMENT,60,11.0,721,16.12,47.71,9,0,0,0
APP-12610,38,44734.44,5,RENT,2000,PERSONAL,60,13.89,654,13.61,51.45,12,1,0,0
APP-12611,49,108651.07,10,MORTGAGE,3000,DEBTCONSOLIDATION,36,14.09,724,10.53,60.95,12,0,0,0
APP-12612,26,48270.72,18,MORTGAGE,30000,DEBTCONSOLIDATION,60,9.37,715,18.1,6.98,6,0,0,0
APP-12613,52,117955.57,16,MORTGAGE,8000,PERSONAL,60,11.33,724,8.06,54.85,10,0,0,0
APP-12614,49,78209.01,0,RENT,30000,PERSONAL,60,9.85,746,5.56,42.82,11,0,0,0
APP-12615,63,96594.72,14,RENT,10000,VENTURE,36,13.06,682,13.84,28.11,14,0,0,0
APP-12616,22,79980.86,9,RENT,37000,DEBTCONSOLIDATION,60,14.84,634,7.18,37.45,14,0,0,0
APP-12617,43,78148.44,9,RENT,8000,PERSONAL,36,13.13,656,33.79,59.11,7,0,0,1
APP-12618,39,66676.99,13,MORTGAGE,29000,DEBTCONSOLIDATION,36,13.5,666,25.11,46.7,7,0,0,0
APP-12619,51,41630.59,2,MORTGAGE,11000,DEBTCONSOLIDATION,36,8.11,818,28.59,43.55,12,0,0,0
APP-12620,25,61775.55,20,MORTGAGE,17000,PERSONAL,36,14.19,605,12.22,43.02,9,0,1,0
APP-12621,39,94674.07,12,RENT,11000,PERSONAL,36,17.8,638,7.05,23.5,8,0,0,0
APP-12622,54,85787.61,6,RENT,40000,DEBTCONSOLIDATION,36,14.36,639,24.81,34.26,9,0,0,0
APP-12623,30,76928.12,11,MORTGAGE,27000,HOMEIMPROVEMENT,60,12.0,784,25.03,38.98,7,0,0,0
APP-12624,45,20996.76,3,MORTGAGE,35000,HOMEIMPROVEMENT,36,13.29,705,9.49,29.03,9,0,0,0
APP-12625,22,53819.33,12,MORTGAGE,35000,PERSONAL,60,15.1,624,25.09,16.42,13,0,0,0
APP-12626,31,51065.04,0,RENT,15000,PERSONAL,36,11.94,695,6.55,46.57,8,0,0,0
APP-12627,51,34488.16,6,MORTGAGE,19000,DEBTCONSOLIDATION,36,13.84,670,39.01,19.7,6,0,0,0
APP-12628,35,94077.93,15,MORTGAGE,2000,PERSONAL,36,10.67,666,23.38,55.93,9,0,0,1
APP-12629,29,21749.49,16,OWN,18000,HOMEIMPROVEMENT,60,9.15,726,11.55,39.76,7,0,0,0
APP-12630,43,90972.99,4,OTHER,23000,DEBTCONSOLIDATION,36,12.49,663,9.88,65.34,14,0,0,0
APP-12631,39,116380.37,10,OTHER,38000,VENTURE,36,9.32,726,43.38,56.3,6,0,0,0
APP-12632,29,53910.42,10,OWN,17000,PERSONAL,60,11.27,729,9.14,29.03,15,0,0,0
APP-12633,55,57689.5,7,MORTGAGE,8000,DEBTCONSOLIDATION,36,14.77,636,17.19,54.86,17,0,0,0
APP-12634,41,97127.48,3,RENT,16000,DEBTCONSOLIDATION,36,16.55,659,44.98,59.09,14,0,0,0
APP-12635,29,40870.86,14,MORTGAGE,22000,DEBTCONSOLIDATION,36,13.37,687,24.06,16.9,18,0,0,0
APP-12636,48,83315.36,4,RENT,3000,VENTURE,60,8.25,821,25.88,16.62,9,1,0,0
APP-12637,66,37838.9,18,RENT,26000,DEBTCONSOLIDATION,60,13.03,687,15.03,22.2,6,1,0,0
APP-12638,27,32574.3,10,MORTGAGE,10000,HOMEIMPROVEMENT,36,12.46,708,29.63,28.57,10,0,0,0
APP-12639,36,69424.52,18,MORTGAGE,21000,PERSONAL,36,12.64,677,23.04,59.13,12,0,0,0
APP-12640,36,59080.52,4,MORTGAGE,11000,PERSONAL,36,13.82,652,14.0,85.45,13,0,0,1
APP-12641,53,25323.75,16,RENT,22000,MEDICAL,60,13.07,646,4.74,47.44,6,0,0,0
APP-12642,24,121498.29,0,MORTGAGE,5000,MEDICAL,36,9.58,705,19.82,50.18,13,0,0,0
APP-12643,24,48661.4,15,OWN,31000,PERSONAL,36,10.87,724,20.25,43.74,7,1,0,0
APP-12644,59,77291.55,7,MORTGAGE,35000,DEBTCONSOLIDATION,60,17.56,567,5.64,48.43,16,1,0,0
APP-12645,60,133598.14,8,MORTGAGE,31000,DEBTCONSOLIDATION,36,13.62,710,34.08,43.64,8,2,0,0
APP-12646,37,67765.07,2,MORTGAGE,15000,MEDICAL,36,11.23,718,37.12,24.09,8,0,0,0
APP-12647,57,113169.96,0,OWN,23000,DEBTCONSOLIDATION,60,8.23,775,8.56,9.8,9,0,0,0
APP-12648,59,38889.24,13,RENT,2000,VENTURE,60,10.55,751,23.65,62.49,12,4,0,0
APP-12649,49,121843.5,11,RENT,9000,PERSONAL,60,12.6,660,34.87,61.52,7,0,0,1
APP-12650,56,39619.15,12,RENT,12000,DEBTCONSOLIDATION,60,12.91,629,16.82,13.12,10,0,0,0
APP-12651,58,45000.52,4,RENT,2000,MEDICAL,36,12.39,654,16.71,64.58,8,0,0,0
APP-12652,59,28930.95,3,RENT,6000,MEDICAL,36,12.16,715,11.53,6.47,14,0,0,0
APP-12653,57,68474.2,17,MORTGAGE,11000,HOMEIMPROVEMENT,60,13.82,669,6.76,72.85,11,0,2,0
APP-12654,55,82081.16,15,RENT,40000,DEBTCONSOLIDATION,36,12.52,720,11.01,27.65,9,1,1,0
APP-12655,27,87851.59,5,RENT,14000,HOMEIMPROVEMENT,36,9.19,799,20.8,71.03,12,0,0,0
APP-12656,47,29266.74,12,RENT,22000,HOMEIMPROVEMENT,60,12.45,748,25.51,11.17,15,0,0,0
APP-12657,48,72221.14,17,OWN,37000,HOMEIMPROVEMENT,36,14.27,712,16.3,32.98,5,1,2,0
APP-12658,42,73569.89,18,MORTGAGE,34000,HOMEIMPROVEMENT,36,13.78,688,16.72,46.45,9,0,0,1
APP-12659,34,81420.78,0,RENT,29000,DEBTCONSOLIDATION,36,12.09,682,20.38,44.08,4,0,0,0
APP-12660,27,40685.85,16,RENT,10000,DEBTCONSOLIDATION,36,11.55,738,29.45,58.93,11,0,0,0
APP-12661,57,18000.0,6,MORTGAGE,12000,DEBTCONSOLIDATION,36,12.25,690,21.02,33.23,14,0,0,0
APP-12662,42,85241.14,14,MORTGAGE,30000,DEBTCONSOLIDATION,60,11.96,722,20.51,36.83,9,1,0,0
APP-12663,25,55663.79,6,MORTGAGE,8000,HOMEIMPROVEMENT,36,14.26,646,3.83,50.75,10,0,0,0
APP-12664,22,68879.96,12,OWN,28000,DEBTCONSOLIDATION,36,12.54,692,5.6,71.83,10,0,0,0
APP-12665,47,57107.83,12,MORTGAGE,23000,PERSONAL,36,13.06,693,9.14,35.34,11,0,0,0
APP-12666,41,67322.59,7,OWN,32000,DEBTCONSOLIDATION,36,14.56,718,8.11,44.59,11,0,0,0
APP-12667,58,86557.1,9,RENT,31000,DEBTCONSOLIDATION,60,16.54,611,21.32,18.25,13,0,0,0
APP-12668,35,23658.77,14,OWN,29000,MEDICAL,36,11.84,723,3.14,38.96,5,0,0,1
APP-12669,41,105927.5,9,MORTGAGE,21000,MEDICAL,36,12.66,695,20.2,40.23,10,0,0,0
APP-12670,30,54662.26,0,RENT,16000,EDUCATION,36,18.24,594,15.45,19.01,14,0,0,0
APP-12671,43,135068.47,0,RENT,16000,PERSONAL,36,9.05,758,19.55,29.64,13,0,0,0
APP-12672,59,47584.97,13,MORTGAGE,13000,PERSONAL,60,16.13,624,17.97,40.73,10,0,0,0
APP-12673,25,42582.6,17,RENT,18000,VENTURE,60,17.33,671,30.64,46.24,11,0,0,1
APP-12674,21,55593.99,16,MORTGAGE,24000,DEBTCONSOLIDATION,36,17.74,570,12.06,32.2,11,0,0,0
APP-12675,33,76879.42,5,MORTGAGE,7000,EDUCATION,36,10.33,732,10.24,44.71,8,1,1,0
APP-12676,41,52199.27,8,RENT,17000,PERSONAL,36,10.92,700,12.89,14.3,6,0,0,0
APP-12677,46,79718.47,3,RENT,28000,HOMEIMPROVEMENT,60,9.25,776,26.6,68.7,11,1,0,0
APP-12678,65,49337.37,20,OTHER,24000,HOMEIMPROVEMENT,36,14.97,674,31.72,47.99,5,1,0,1
APP-12679,41,60927.88,4,RENT,2000,HOMEIMPROVEMENT,36,12.89,721,54.37,69.93,8,0,0,0
APP-12680,38,183189.51,7,RENT,8000,MEDICAL,36,10.86,734,8.71,47.4,11,0,0,0
APP-12681,57,71584.47,13,RENT,40000,DEBTCONSOLIDATION,36,13.63,703,13.69,29.14,9,1,0,0
APP-12682,65,74514.43,18,OWN,40000,PERSONAL,36,15.25,665,9.32,3.45,13,0,0,0
APP-12683,52,28673.11,0,MORTGAGE,19000,PERSONAL,36,14.86,635,7.58,65.05,7,1,0,0
APP-12684,56,117847.15,5,MORTGAGE,37000,HOMEIMPROVEMENT,36,13.84,638,25.55,25.26,5,5,0,1
APP-12685,37,102051.47,11,RENT,23000,DEBTCONSOLIDATION,60,14.65,730,16.83,38.33,9,0,0,0
APP-12686,55,41888.87,12,RENT,3000,MEDICAL,36,12.19,647,13.94,15.09,9,0,0,0
APP-12687,69,101049.22,0,RENT,27000,PERSONAL,36,14.48,650,25.21,39.27,7,0,0,0
APP-12688,31,70608.13,13,MORTGAGE,33000,PERSONAL,36,14.09,640,15.86,32.3,12,0,0,0
APP-12689,41,61279.95,10,RENT,24000,PERSONAL,60,13.85,684,14.7,23.28,12,0,0,0
APP-12690,46,114173.88,17,MORTGAGE,19000,HOMEIMPROVEMENT,36,12.72,709,5.17,79.37,11,0,0,0
APP-12691,24,46344.17,3,MORTGAGE,20000,PERSONAL,36,10.46,723,19.1,67.51,14,0,0,0
APP-12692,54,41723.61,2,RENT,25000,MEDICAL,36,13.53,638,19.8,15.38,7,0,1,0
APP-12693,68,66421.87,16,OWN,5000,DEBTCONSOLIDATION,36,12.65,691,12.31,13.31,8,0,0,0
APP-12694,38,77972.73,14,RENT,3000,DEBTCONSOLIDATION,36,19.53,546,10.04,82.61,8,0,2,0
APP-12695,60,97067.12,16,RENT,31000,PERSONAL,60,11.46,702,18.85,60.27,14,0,0,0
APP-12696,55,55521.38,16,MORTGAGE,39000,VENTURE,36,13.45,658,20.71,79.47,11,0,0,0
APP-12697,61,39148.38,0,RENT,32000,HOMEIMPROVEMENT,36,17.96,564,23.89,10.19,7,0,1,1
APP-12698,49,211987.77,4,RENT,17000,EDUCATION,36,17.44,621,20.92,19.96,5,0,0,0
APP-12699,49,34776.69,4,MORTGAGE,34000,DEBTCONSOLIDATION,36,13.31,685,9.63,71.39,6,0,0,0
APP-12700,58,61547.16,19,RENT,4000,HOMEIMPROVEMENT,36,11.09,652,20.54,76.37,16,0,0,0
APP-12701,62,88419.94,9,OTHER,19000,VENTURE,36,10.53,692,7.15,62.32,9,0,0,0
APP-12702,41,106463.91,0,RENT,11000,MEDICAL,36,10.95,698,17.87,14.6,15,4,0,0
APP-12703,62,45090.19,4,RENT,3000,PERSONAL,36,10.44,706,10.75,21.12,11,0,0,0
APP-12704,33,23448.02,18,MORTGAGE,31000,DEBTCONSOLIDATION,36,15.02,685,7.33,54.4,13,5,0,1
APP-12705,69,44572.28,17,RENT,31000,EDUCATION,60,15.57,619,32.43,71.72,17,0,0,0
APP-12706,61,92102.86,18,OWN,26000,VENTURE,60,12.71,731,5.2,32.68,10,2,0,0
APP-12707,37,82351.19,7,RENT,25000,PERSONAL,60,12.23,693,14.78,57.27,13,0,1,0
APP-12708,29,83705.6,12,RENT,36000,HOMEIMPROVEMENT,36,15.57,604,19.71,38.89,7,0,0,0
APP-12709,61,85462.42,4,RENT,11000,DEBTCONSOLIDATION,36,13.62,643,7.29,56.02,14,1,0,0
APP-12710,21,117013.21,2,RENT,31000,HOMEIMPROVEMENT,36,10.68,743,19.66,59.18,16,2,0,0
APP-12711,22,40621.62,0,MORTGAGE,27000,PERSONAL,60,15.34,606,6.94,70.96,9,1,0,0
APP-12712,68,32894.18,3,RENT,36000,DEBTCONSOLIDATION,36,11.09,756,14.87,59.4,10,0,0,0
APP-12713,49,72058.97,12,MORTGAGE,25000,MEDICAL,36,7.77,818,34.13,55.65,8,1,3,0
APP-12714,53,35445.01,18,RENT,21000,PERSONAL,60,14.3,653,26.99,50.69,9,0,0,0
APP-12715,30,31873.89,1,RENT,40000,PERSONAL,60,14.95,642,8.09,31.33,11,0,0,1
APP-12716,60,110412.65,19,RENT,36000,DEBTCONSOLIDATION,36,11.24,732,3.61,24.7,7,3,1,0
APP-12717,41,67858.5,6,MORTGAGE,40000,DEBTCONSOLIDATION,36,16.77,665,18.61,16.45,12,0,2,0
APP-12718,48,60733.25,7,RENT,11000,DEBTCONSOLIDATION,36,13.06,659,32.78,56.16,11,0,0,0
APP-12719,31,61367.58,6,RENT,28000,HOMEIMPROVEMENT,36,10.83,723,26.21,16.94,5,0,0,0
APP-12720,54,56779.49,7,OWN,16000,DEBTCONSOLIDATION,60,12.54,652,31.32,47.59,13,0,0,0
APP-12721,28,110042.32,4,RENT,16000,DEBTCONSOLIDATION,60,13.67,672,5.06,30.99,8,0,1,0
APP-12722,42,28076.61,14,RENT,38000,EDUCATION,36,14.84,667,7.36,69.81,10,1,0,0
APP-12723,28,27501.29,15,RENT,36000,DEBTCONSOLIDATION,36,12.98,688,11.36,63.57,10,0,0,0
APP-12724,69,37489.24,16,RENT,4000,EDUCATION,60,19.39,600,26.8,43.74,11,0,0,0
APP-12725,35,,6,MORTGAGE,30000,DEBTCONSOLIDATION,36,13.05,664,28.32,44.53,10,0,0,0
APP-12726,37,147660.63,15,RENT,5000,VENTURE,36,12.76,635,30.18,17.4,12,0,0,0
APP-12727,43,92460.98,12,MORTGAGE,17000,PERSONAL,60,14.53,630,29.26,41.63,14,1,1,0
APP-12728,44,80516.82,20,RENT,6000,DEBTCONSOLIDATION,36,7.17,780,30.67,90.79,12,0,0,0
APP-12729,65,57530.27,7,OWN,22000,VENTURE,60,8.76,821,24.76,45.64,13,1,0,0
APP-12730,39,30752.76,20,RENT,22000,DEBTCONSOLIDATION,36,12.82,630,23.04,22.23,8,0,0,0
APP-12731,25,77458.29,15,MORTGAGE,3000,DEBTCONSOLIDATION,36,11.36,716,5.53,32.06,13,0,1,0
APP-12732,52,164881.7,15,RENT,15000,HOMEIMPROVEMENT,60,12.8,656,41.58,26.6,8,0,0,0
APP-12733,64,53102.07,0,MORTGAGE,6000,DEBTCONSOLIDATION,36,11.1,727,11.53,27.66,8,0,0,0
APP-12734,21,45236.67,9,MORTGAGE,8000,DEBTCONSOLIDATION,36,15.36,577,16.69,63.79,12,0,0,0
APP-12735,43,53230.05,10,RENT,12000,DEBTCONSOLIDATION,36,12.95,650,42.06,54.99,20,0,0,0
APP-12736,57,80811.58,0,MORTGAGE,36000,MEDICAL,60,13.27,681,22.88,18.27,11,0,0,0
APP-12737,28,63314.21,5,MORTGAGE,31000,PERSONAL,36,17.85,573,8.84,50.65,8,2,0,0
APP-12738,33,94372.69,19,RENT,2000,DEBTCONSOLIDATION,36,10.14,706,14.56,20.09,12,0,0,0
APP-12739,28,58881.05,7,RENT,17000,DEBTCONSOLIDATION,36,18.0,595,13.16,23.97,12,0,0,0
APP-12740,43,53076.75,2,RENT,2000,DEBTCONSOLIDATION,36,10.64,736,21.24,20.94,4,0,0,0
APP-12741,63,67137.83,9,RENT,23000,DEBTCONSOLIDATION,36,14.28,644,13.53,31.76,11,0,0,0
APP-12742,21,,0,RENT,14000,PERSONAL,60,14.27,656,5.4,54.9,9,0,1,0
APP-12743,65,142968.91,9,MORTGAGE,28000,MEDICAL,60,12.19,687,11.05,70.86,7,0,0,0
APP-12744,44,90360.02,11,RENT,16000,DEBTCONSOLIDATION,36,15.47,671,5.84,29.53,12,1,0,0
APP-12745,55,34549.58,6,RENT,18000,PERSONAL,60,11.85,706,6.35,16.46,13,1,0,1
APP-12746,44,41238.21,15,MORTGAGE,10000,HOMEIMPROVEMENT,36,6.94,799,5.22,61.88,6,3,0,0
APP-12747,37,79432.95,1,MORTGAGE,6000,DEBTCONSOLIDATION,36,12.99,758,25.5,51.19,10,0,0,0
APP-12748,25,65621.51,18,OWN,24000,DEBTCONSOLIDATION,60,18.85,602,10.31,23.83,16,1,0,0
APP-12749,40,69651.25,19,MORTGAGE,12000,DEBTCONSOLIDATION,36,13.3,641,27.06,36.56,8,3,0,0
APP-12750,41,54390.04,0,MORTGAGE,25000,MEDICAL,36,14.51,672,14.34,40.87,6,0,3,0
APP-12751,60,,17,RENT,9000,HOMEIMPROVEMENT,36,18.78,605,8.14,41.53,2,0,0,0
APP-12752,51,55033.48,9,MORTGAGE,35000,DEBTCONSOLIDATION,36,12.87,698,26.22,78.85,10,0,0,0
APP-12753,66,79355.24,8,MORTGAGE,32000,MEDICAL,36,10.25,775,20.78,32.76,17,0,0,0
APP-12754,56,88125.23,3,MORTGAGE,23000,EDUCATION,36,15.22,669,30.32,23.14,10,0,0,0
APP-12755,31,133702.19,8,RENT,15000,DEBTCONSOLIDATION,36,14.21,705,23.84,56.69,9,2,0,0
APP-12756,35,46288.57,19,MORTGAGE,6000,PERSONAL,36,15.87,632,31.72,38.0,11,0,1,0
APP-12757,39,59542.21,3,MORTGAGE,18000,DEBTCONSOLIDATION,36,10.58,694,29.59,54.15,16,2,1,1
APP-12758,27,32549.24,2,RENT,19000,DEBTCONSOLIDATION,60,11.56,676,7.93,12.68,10,0,0,0
APP-12759,48,149213.09,3,MORTGAGE,20000,VENTURE,36,12.98,673,12.81,47.12,9,0,1,0
APP-12760,63,22298.08,10,RENT,8000,HOMEIMPROVEMENT,36,16.18,653,13.18,79.76,7,0,0,0
APP-12761,25,138889.61,19,MORTGAGE,27000,DEBTCONSOLIDATION,36,8.76,751,17.91,51.47,11,0,0,0
APP-12762,25,62738.76,11,MORTGAGE,26000,DEBTCONSOLIDATION,60,11.32,723,8.56,28.07,18,0,0,0
APP-12763,50,73807.38,3,RENT,19000,VENTURE,36,12.94,728,4.84,83.38,11,0,0,0
APP-12764,52,55114.35,8,MORTGAGE,16000,PERSONAL,36,12.09,675,23.65,40.05,8,0,0,0
APP-12765,28,60812.48,7,MORTGAGE,30000,DEBTCONSOLIDATION,36,12.19,685,19.84,41.31,11,0,0,1
APP-12766,30,80341.56,0,RENT,2000,DEBTCONSOLIDATION,36,11.98,646,30.03,7.09,20,0,0,0
APP-12767,58,26414.71,9,RENT,5000,HOMEIMPROVEMENT,60,12.92,656,20.98,34.69,10,0,1,0
APP-12768,67,43214.74,1,MORTGAGE,10000,PERSONAL,36,12.35,663,20.64,77.98,12,0,0,0
APP-12769,52,39240.76,17,MORTGAGE,37000,DEBTCONSOLIDATION,60,14.02,650,8.99,67.28,15,0,0,0
APP-12770,68,74884.51,10,RENT,33000,DEBTCONSOLIDATION,36,12.02,666,8.92,14.82,10,0,1,0
APP-12771,48,60005.0,17,MORTGAGE,25000,MEDICAL,36,10.85,789,22.18,35.47,8,0,0,0
APP-12772,37,81556.22,20,OWN,38000,DEBTCONSOLIDATION,36,10.01,722,10.29,11.0,10,0,0,0
APP-12773,51,65015.92,19,MORTGAGE,19000,DEBTCONSOLIDATION,36,11.64,702,12.55,23.79,7,1,0,0
APP-12774,28,101650.37,0,RENT,16000,HOMEIMPROVEMENT,36,13.78,631,5.82,45.56,7,0,1,0
APP-12775,60,41351.45,19,MORTGAGE,21000,DEBTCONSOLIDATION,36,14.28,629,25.02,3.0,7,2,0,0
APP-12776,45,61640.72,16,MORTGAGE,3000,HOMEIMPROVEMENT,60,20.04,603,8.96,16.81,12,0,0,0
APP-12777,29,104264.03,15,MORTGAGE,26000,PERSONAL,36,8.65,770,13.96,79.74,9,0,0,0
APP-12778,22,94340.23,0,RENT,14000,DEBTCONSOLIDATION,36,13.14,703,12.83,45.81,8,2,0,0
APP-12779,35,28571.86,2,MORTGAGE,28000,DEBTCONSOLIDATION,36,12.08,663,7.83,56.32,11,0,0,0
APP-12780,23,35934.19,20,RENT,14000,DEBTCONSOLIDATION,36,14.41,694,22.25,23.05,10,3,0,0
APP-12781,69,57474.95,3,MORTGAGE,29000,PERSONAL,60,11.81,724,12.26,64.89,9,0,3,0
APP-12782,56,53240.87,2,RENT,16000,VENTURE,60,15.99,612,10.64,16.03,10,0,0,0
APP-12783,24,57947.15,6,OWN,30000,HOMEIMPROVEMENT,36,12.98,708,11.19,43.34,16,0,0,0
APP-12784,34,89151.74,19,MORTGAGE,22000,PERSONAL,36,14.98,683,9.31,13.0,7,0,0,0
APP-12785,61,69195.53,9,MORTGAGE,32000,DEBTCONSOLIDATION,36,15.88,671,24.24,49.19,12,0,0,0
APP-12786,61,71242.54,19,RENT,24000,MEDICAL,36,14.49,700,11.03,64.66,12,0,0,0
APP-12787,45,83726.16,5,MORTGAGE,38000,HOMEIMPROVEMENT,60,9.07,750,6.73,41.02,10,0,0,0
APP-12788,30,102445.59,3,OWN,4000,HOMEIMPROVEMENT,36,9.28,824,16.53,76.58,9,0,0,0
APP-12789,41,18000.0,9,OWN,36000,DEBTCONSOLIDATION,36,11.05,732,12.08,73.85,10,2,0,0
APP-12790,56,49349.69,12,OWN,15000,DEBTCONSOLIDATION,36,18.87,576,17.74,23.39,9,0,0,0
APP-12791,32,38503.95,7,RENT,3000,MEDICAL,60,8.95,710,19.2,26.03,5,0,0,0
APP-12792,47,75936.9,6,RENT,14000,PERSONAL,36,13.28,685,2.0,58.49,8,0,0,0
APP-12793,60,47522.0,3,RENT,3000,PERSONAL,60,8.53,752,14.04,24.72,12,0,0,0
APP-12794,22,62188.84,4,RENT,13000,DEBTCONSOLIDATION,36,13.0,708,11.02,15.3,13,0,0,0
APP-12795,33,91681.1,13,RENT,28000,DEBTCONSOLIDATION,60,11.47,701,14.88,78.59,11,0,0,0
APP-12796,52,44289.68,6,MORTGAGE,35000,MEDICAL,36,11.18,689,10.95,72.78,10,2,0,0
APP-12797,51,71783.35,0,MORTGAGE,6000,MEDICAL,36,10.28,680,14.34,28.71,10,0,0,0
APP-12798,36,130211.32,1,MORTGAGE,26000,HOMEIMPROVEMENT,36,11.61,693,11.91,55.95,11,1,0,0
APP-12799,52,90744.92,6,MORTGAGE,12000,PERSONAL,36,7.71,840,43.7,21.04,9,0,0,0
APP-12800,52,27095.19,19,RENT,14000,MEDICAL,36,14.33,665,29.02,67.65,9,0,0,0
APP-12801,54,51747.25,6,MORTGAGE,29000,MEDICAL,36,14.13,644,17.95,24.93,11,0,0,0
APP-12802,31,71532.57,0,RENT,22000,VENTURE,36,12.26,688,16.58,23.6,10,0,0,0
APP-12803,30,78935.94,7,MORTGAGE,27000,MEDICAL,36,17.28,586,9.72,57.52,11,0,2,0
APP-12804,35,52776.72,13,RENT,28000,PERSONAL,36,20.06,597,10.53,50.99,9,0,0,0
APP-12805,37,,11,MORTGAGE,27000,PERSONAL,60,16.18,612,23.37,53.93,13,1,0,0
APP-12806,60,61937.52,4,OWN,16000,PERSONAL,36,13.22,635,16.35,32.0,7,0,0,0
APP-12807,38,34771.65,13,RENT,7000,HOMEIMPROVEMENT,36,5.02,850,9.39,5.88,7,1,0,0
APP-12808,29,103763.25,12,RENT,5000,PERSONAL,60,14.59,629,23.05,68.85,9,0,0,1
APP-12809,45,152411.67,2,MORTGAGE,5000,DEBTCONSOLIDATION,36,14.02,684,7.72,90.05,7,0,0,0
APP-12810,60,72936.68,1,MORTGAGE,31000,DEBTCONSOLIDATION,60,13.08,648,10.47,31.7,13,0,0,0
APP-12811,34,53304.75,10,MORTGAGE,14000,DEBTCONSOLIDATION,36,11.35,693,13.92,28.02,9,0,0,0
APP-12812,45,95841.45,13,RENT,10000,HOMEIMPROVEMENT,36,8.04,780,14.88,31.14,11,0,1,0
APP-12813,42,88076.82,20,MORTGAGE,15000,DEBTCONSOLIDATION,60,8.19,775,16.19,44.94,14,0,0,0
APP-12814,50,52168.26,7,RENT,29000,PERSONAL,36,15.13,652,16.25,49.23,15,5,1,1
APP-12815,40,58458.84,15,RENT,4000,VENTURE,36,12.94,665,31.34,21.19,14,0,2,0
APP-12816,41,44144.91,0,RENT,30000,MEDICAL,36,12.41,727,10.47,17.66,14,0,1,0
APP-12817,64,65012.99,18,OWN,34000,PERSONAL,60,10.65,731,27.81,50.49,8,0,0,0
APP-12818,52,69525.9,12,RENT,16000,PERSONAL,60,10.66,685,3.61,57.07,10,1,0,1
APP-12819,66,40535.51,12,MORTGAGE,40000,VENTURE,36,14.78,728,14.76,28.96,17,0,0,0
APP-12820,69,34984.55,1,RENT,16000,MEDICAL,36,14.54,621,15.85,35.42,11,0,0,0
APP-12821,41,30853.09,0,RENT,8000,DEBTCONSOLIDATION,36,16.37,625,38.79,49.05,10,3,0,0
APP-12822,55,73737.54,14,OTHER,13000,DEBTCONSOLIDATION,36,13.66,659,13.77,36.7,12,0,0,0
APP-12823,52,59531.37,0,RENT,40000,PERSONAL,36,17.44,626,6.07,42.46,7,2,0,1
APP-12824,50,57423.73,1,OWN,8000,DEBTCONSOLIDATION,60,13.08,727,9.73,37.28,9,0,0,0
APP-12825,59,75528.32,2,OWN,7000,MEDICAL,36,20.02,567,9.1,17.17,14,0,0,0
APP-12826,69,38159.08,0,MORTGAGE,27000,DEBTCONSOLIDATION,36,13.32,680,19.95,14.64,9,0,0,0
APP-12827,32,35062.02,12,RENT,10000,PERSONAL,36,12.45,671,26.81,60.83,10,0,0,0
APP-12828,61,67544.44,7,MORTGAGE,25000,DEBTCONSOLIDATION,36,11.19,711,27.54,32.93,17,0,0,0
APP-12829,67,25226.76,4,OWN,31000,DEBTCONSOLIDATION,36,14.59,674,6.37,62.51,12,0,0,0
APP-12830,38,52601.91,8,OTHER,17000,HOMEIMPROVEMENT,36,9.71,720,33.97,69.59,13,0,0,0
APP-12831,41,205504.5,17,MORTGAGE,28000,PERSONAL,60,13.3,657,15.22,38.82,17,0,0,0
APP-12832,33,30507.6,19,RENT,34000,DEBTCONSOLIDATION,60,13.74,635,26.75,43.24,6,0,0,0
APP-12833,41,48297.2,9,MORTGAGE,24000,DEBTCONSOLIDATION,36,12.77,648,27.55,36.72,7,0,0,0
APP-12834,28,20713.76,11,MORTGAGE,20000,MEDICAL,36,13.01,678,11.99,59.64,14,0,0,1
APP-12835,66,53270.39,4,RENT,37000,DEBTCONSOLIDATION,60,16.55,653,65.0,75.37,10,0,1,1
APP-12836,60,,9,MORTGAGE,20000,PERSONAL,36,14.96,646,6.73,22.16,10,0,0,0
APP-12837,66,75618.69,15,MORTGAGE,23000,DEBTCONSOLIDATION,36,17.46,567,26.44,73.77,9,0,0,0
APP-12838,27,44051.31,9,MORTGAGE,34000,DEBTCONSOLIDATION,36,9.19,757,9.16,12.15,5,0,0,0
APP-12839,43,178207.76,5,MORTGAGE,11000,PERSONAL,36,14.4,703,12.2,72.08,12,0,1,0
APP-12840,64,25054.87,11,RENT,33000,PERSONAL,36,11.25,657,8.08,93.93,10,0,2,1
APP-12841,52,75129.73,19,RENT,16000,MEDICAL,36,10.08,768,15.31,26.58,6,0,0,0
APP-12842,31,61849.32,18,RENT,40000,DEBTCONSOLIDATION,36,15.89,611,25.33,14.7,10,1,0,0
APP-12843,42,52917.41,15,RENT,9000,MEDICAL,36,13.44,650,2.25,50.24,7,0,0,0
APP-12844,42,89639.0,4,RENT,26000,PERSONAL,36,13.43,709,18.11,42.45,8,0,0,0
APP-12845,63,33157.04,3,OWN,19000,PERSONAL,36,14.13,669,10.13,21.81,6,0,0,0
APP-12846,45,70004.26,17,MORTGAGE,16000,DEBTCONSOLIDATION,60,12.47,689,8.38,38.57,10,0,0,0
APP-12847,42,65698.35,2,RENT,27000,MEDICAL,36,14.59,646,37.23,43.43,11,0,1,0
APP-12848,48,38734.8,12,RENT,22000,DEBTCONSOLIDATION,60,15.21,608,26.29,36.7,6,0,0,1
APP-12849,49,158736.01,8,MORTGAGE,23000,MEDICAL,36,16.66,639,27.46,39.25,11,0,0,0
APP-12850,33,54670.6,8,RENT,35000,DEBTCONSOLIDATION,60,12.37,718,25.2,64.36,8,0,0,0
APP-12851,38,,8,MORTGAGE,38000,EDUCATION,36,13.06,709,25.25,39.64,16,0,0,0
APP-12852,22,35816.41,18,RENT,38000,PERSONAL,60,13.6,631,8.47,19.39,13,0,0,0
APP-12853,49,55178.56,0,RENT,15000,EDUCATION,36,16.98,567,3.52,44.59,12,0,0,0
APP-12854,41,192408.75,16,MORTGAGE,5000,HOMEIMPROVEMENT,36,11.21,687,16.59,36.1,9,5,0,0
APP-12855,35,52767.15,17,MORTGAGE,25000,DEBTCONSOLIDATION,36,15.45,650,20.64,16.85,15,0,0,0
APP-12856,47,77602.19,19,RENT,3000,DEBTCONSOLIDATION,60,11.64,682,19.01,10.54,14,0,0,0
APP-12857,51,96304.84,8,OWN,2000,DEBTCONSOLIDATION,36,12.44,721,20.42,33.03,5,0,0,0
APP-12858,35,54682.49,9,RENT,3000,PERSONAL,36,10.04,795,10.03,35.97,7,0,0,0
APP-12859,43,48786.3,20,RENT,14000,HOMEIMPROVEMENT,36,13.69,657,32.07,43.38,8,0,0,0
APP-12860,44,75821.1,8,MORTGAGE,28000,DEBTCONSOLIDATION,36,12.33,665,4.71,8.01,8,0,0,0
APP-12861,64,53070.2,9,MORTGAGE,18000,DEBTCONSOLIDATION,36,13.08,670,19.08,22.26,7,1,0,0
APP-12862,33,50720.1,5,RENT,18000,PERSONAL,60,9.8,741,20.75,26.86,11,0,0,0
APP-12863,42,95793.01,0,MORTGAGE,6000,DEBTCONSOLIDATION,36,8.93,707,27.5,53.83,9,0,0,0
APP-12864,63,57831.47,8,RENT,25000,DEBTCONSOLIDATION,36,15.51,689,12.99,27.46,14,0,0,0
APP-12865,57,109822.41,13,OWN,9000,DEBTCONSOLIDATION,60,11.32,715,10.99,32.14,18,0,0,0
APP-12866,53,57184.41,13,MORTGAGE,10000,EDUCATION,36,16.13,592,15.86,44.75,8,0,0,0
APP-12867,23,30989.45,0,RENT,19000,DEBTCONSOLIDATION,36,10.85,699,17.63,58.67,10,0,0,0
APP-12868,39,18000.0,16,RENT,17000,MEDICAL,36,9.55,764,20.34,60.31,10,0,0,0
APP-12869,43,23883.09,9,MORTGAGE,33000,DEBTCONSOLIDATION,60,10.23,693,17.42,6.67,12,0,0,0
APP-12870,49,26030.38,10,MORTGAGE,40000,DEBTCONSOLIDATION,36,11.76,696,16.3,40.1,9,0,0,0
APP-12871,50,68409.64,20,MORTGAGE,33000,MEDICAL,60,11.79,690,21.93,41.59,12,0,0,0
APP-12872,59,36839.78,4,OWN,3000,DEBTCONSOLIDATION,36,6.72,782,9.15,34.01,14,0,0,0
APP-12873,64,22313.21,15,RENT,39000,EDUCATION,36,9.35,805,31.69,37.98,13,0,0,0
APP-12874,67,56080.71,11,MORTGAGE,5000,PERSONAL,36,14.19,666,19.2,51.47,13,0,0,1
APP-12875,45,34859.67,14,MORTGAGE,6000,PERSONAL,36,11.43,682,40.26,39.91,7,0,0,0
APP-12876,57,75474.46,7,MORTGAGE,38000,EDUCATION,36,15.04,642,8.08,36.05,10,0,0,0
APP-12877,67,74543.22,4,MORTGAGE,38000,DEBTCONSOLIDATION,36,11.36,745,12.15,39.56,10,0,0,0
APP-12878,28,78593.41,10,RENT,27000,MEDICAL,60,10.34,718,11.5,37.92,14,4,0,0
APP-12879,62,18000.0,6,RENT,10000,PERSONAL,36,18.73,562,12.91,22.53,11,1,0,0
APP-12880,36,61249.11,3,MORTGAGE,16000,VENTURE,36,10.77,707,6.56,17.83,13,1,0,0
APP-12881,28,56347.82,17,MORTGAGE,25000,PERSONAL,36,17.85,660,17.12,28.48,9,0,0,0
APP-12882,21,32505.93,9,OWN,25000,HOMEIMPROVEMENT,36,15.28,693,7.0,60.65,9,0,0,0
APP-12883,64,20563.74,17,RENT,36000,DEBTCONSOLIDATION,36,15.26,607,6.01,43.19,5,1,0,1
APP-12884,25,56707.26,9,RENT,26000,DEBTCONSOLIDATION,36,14.75,654,18.11,23.59,9,0,0,0
APP-12885,23,101931.68,10,RENT,27000,DEBTCONSOLIDATION,60,14.64,638,11.43,50.68,10,0,0,0
APP-12886,21,18000.0,20,RENT,24000,DEBTCONSOLIDATION,60,12.76,683,30.04,85.28,8,0,0,1
APP-12887,24,39487.5,19,OTHER,7000,HOMEIMPROVEMENT,60,12.73,667,23.94,29.42,8,0,2,0
APP-12888,60,63944.29,4,RENT,28000,HOMEIMPROVEMENT,36,12.25,700,9.7,18.14,6,0,0,0
APP-12889,55,105078.19,18,MORTGAGE,20000,PERSONAL,60,15.14,624,16.05,33.55,14,0,0,0
APP-12890,52,51216.36,7,MORTGAGE,32000,PERSONAL,36,14.04,628,49.94,58.31,8,0,0,1
APP-12891,62,157235.74,0,MORTGAGE,39000,HOMEIMPROVEMENT,36,12.19,692,23.57,65.72,5,0,0,0
APP-12892,54,24400.2,11,MORTGAGE,33000,HOMEIMPROVEMENT,36,14.24,627,16.95,44.5,8,0,0,1
APP-12893,63,21840.71,20,MORTGAGE,3000,VENTURE,60,17.06,644,10.55,45.45,14,0,0,0
APP-12894,45,99594.03,20,MORTGAGE,19000,VENTURE,36,14.6,696,15.72,66.42,10,4,0,0
APP-12895,30,18493.75,1,RENT,29000,DEBTCONSOLIDATION,36,11.98,780,14.54,81.23,6,0,0,1
APP-12896,41,75415.35,15,OWN,8000,DEBTCONSOLIDATION,36,14.47,629,23.83,15.73,14,0,0,0
APP-12897,66,51675.23,16,MORTGAGE,24000,PERSONAL,36,16.43,584,11.69,82.28,8,0,0,0
APP-12898,59,38158.34,6,RENT,37000,VENTURE,36,13.41,666,6.91,19.87,8,0,0,0
APP-12899,47,48371.52,13,MORTGAGE,25000,PERSONAL,36,10.58,678,20.36,68.21,12,2,0,0
APP-12900,47,31428.3,9,MORTGAGE,29000,PERSONAL,60,6.69,784,25.47,21.96,11,0,0,0
APP-12901,22,51063.9,3,MORTGAGE,26000,PERSONAL,36,10.33,714,13.22,37.6,8,0,0,0
APP-12902,61,60397.9,15,RENT,40000,DEBTCONSOLIDATION,36,12.14,694,16.7,19.84,12,1,0,0
APP-12903,68,,4,MORTGAGE,5000,PERSONAL,36,11.25,709,23.17,11.63,8,0,0,0
APP-12904,33,44691.2,6,RENT,20000,PERSONAL,60,15.54,665,26.09,22.23,17,0,0,0
APP-12905,29,67986.78,2,RENT,5000,VENTURE,36,15.85,617,10.23,60.31,10,0,0,1
APP-12906,56,137281.1,14,MORTGAGE,14000,HOMEIMPROVEMENT,36,11.14,765,28.36,56.98,12,0,0,0
APP-12907,42,52412.39,8,MORTGAGE,2000,EDUCATION,36,15.37,662,12.62,44.54,17,0,0,0
APP-12908,62,90218.99,8,MORTGAGE,35000,DEBTCONSOLIDATION,36,11.82,755,6.36,24.46,10,0,0,0
APP-12909,46,36934.87,12,MORTGAGE,8000,VENTURE,36,14.36,672,17.29,74.56,8,0,0,0
APP-12910,32,30728.92,1,MORTGAGE,26000,VENTURE,60,12.12,742,13.61,65.59,14,0,1,0
APP-12911,37,75106.15,18,OWN,24000,DEBTCONSOLIDATION,36,9.69,747,16.5,54.79,11,1,0,0
APP-12912,34,53275.55,8,RENT,31000,HOMEIMPROVEMENT,60,14.48,657,9.92,16.71,14,0,0,0
APP-12913,34,105318.95,6,RENT,8000,HOMEIMPROVEMENT,60,15.8,681,14.88,27.94,16,0,2,0
APP-12914,54,116158.6,1,MORTGAGE,18000,DEBTCONSOLIDATION,36,14.8,708,35.62,23.5,8,0,0,0
APP-12915,40,91084.45,2,RENT,34000,HOMEIMPROVEMENT,36,11.63,741,12.86,12.57,11,0,0,0
APP-12916,31,90100.34,19,RENT,3000,MEDICAL,60,15.84,613,8.16,63.23,9,3,0,0
APP-12917,36,18000.0,8,MORTGAGE,39000,DEBTCONSOLIDATION,36,8.07,802,30.47,18.78,14,0,0,0
APP-12918,51,74776.67,14,MORTGAGE,14000,EDUCATION,36,12.29,654,34.57,69.38,5,0,0,0
APP-12919,26,92174.6,0,MORTGAGE,33000,DEBTCONSOLIDATION,60,13.3,647,8.8,58.34,9,0,0,0
APP-12920,39,31701.16,12,MORTGAGE,23000,DEBTCONSOLIDATION,36,12.61,774,25.33,86.95,13,0,0,0
APP-12921,57,60137.34,19,RENT,10000,DEBTCONSOLIDATION,36,12.81,651,13.36,17.13,4,0,1,0
APP-12922,24,35547.88,5,RENT,18000,DEBTCONSOLIDATION,60,9.91,727,16.08,41.87,10,0,0,0
APP-12923,67,100083.02,11,RENT,19000,DEBTCONSOLIDATION,36,11.77,633,2.71,54.05,10,0,0,0
APP-12924,24,37123.33,19,RENT,28000,HOMEIMPROVEMENT,36,10.36,722,33.1,47.23,8,0,0,0
APP-12925,40,40278.33,14,MORTGAGE,12000,DEBTCONSOLIDATION,36,16.73,650,12.32,4.78,10,0,0,0
APP-12926,30,47475.78,0,RENT,29000,PERSONAL,36,14.01,682,14.96,15.5,15,0,1,0
APP-12927,44,184370.96,6,MORTGAGE,9000,PERSONAL,60,12.67,744,9.06,46.97,10,0,0,0
APP-12928,55,98946.65,0,MORTGAGE,19000,DEBTCONSOLIDATION,36,17.24,610,46.26,85.97,9,0,0,1
APP-12929,46,134094.75,17,RENT,14000,DEBTCONSOLIDATION,60,13.33,738,7.01,50.13,14,0,0,0
APP-12930,57,24183.84,12,RENT,34000,DEBTCONSOLIDATION,60,13.58,682,21.74,52.49,8,1,0,0
APP-12931,58,31740.62,20,RENT,16000,DEBTCONSOLIDATION,36,10.07,734,16.31,6.29,6,0,0,0
APP-12932,41,116925.22,0,MORTGAGE,23000,HOMEIMPROVEMENT,36,18.76,586,23.88,61.14,9,0,0,0
APP-12933,60,24832.77,7,RENT,39000,DEBTCONSOLIDATION,36,15.64,688,20.75,38.42,10,0,0,0
APP-12934,59,42794.2,0,MORTGAGE,31000,DEBTCONSOLIDATION,36,14.29,654,9.53,29.88,17,0,0,0
APP-12935,41,167321.21,6,RENT,7000,DEBTCONSOLIDATION,60,14.25,650,12.19,59.64,9,0,1,0
APP-12936,30,36985.0,1,OWN,35000,HOMEIMPROVEMENT,36,13.8,622,14.29,31.7,9,0,0,0
APP-12937,58,24088.78,5,MORTGAGE,20000,PERSONAL,60,12.71,685,31.53,31.14,8,0,2,1
APP-12938,66,61312.39,16,MORTGAGE,34000,DEBTCONSOLIDATION,60,14.32,597,21.2,48.6,13,0,1,0
APP-12939,24,24590.82,1,MORTGAGE,15000,HOMEIMPROVEMENT,36,15.99,602,14.26,55.91,2,0,0,0
APP-12940,65,,9,MORTGAGE,20000,HOMEIMPROVEMENT,60,15.98,575,5.5,32.35,15,0,0,0
APP-12941,40,38275.7,19,MORTGAGE,16000,DEBTCONSOLIDATION,60,17.45,591,11.42,23.67,8,0,0,0
APP-12942,37,34626.71,20,MORTGAGE,11000,HOMEIMPROVEMENT,36,13.03,640,30.69,56.79,5,0,0,1
APP-12943,27,60760.26,3,MORTGAGE,3000,DEBTCONSOLIDATION,36,15.26,606,8.1,70.23,9,0,0,0
APP-12944,24,48912.15,19,MORTGAGE,3000,DEBTCONSOLIDATION,36,14.0,634,8.36,36.75,11,0,0,0
APP-12945,49,67926.03,4,RENT,22000,HOMEIMPROVEMENT,36,11.15,625,9.37,43.51,10,0,0,0
APP-12946,34,77711.01,7,RENT,13000,HOMEIMPROVEMENT,36,13.24,645,36.09,24.78,7,0,0,0
APP-12947,23,53710.09,18,RENT,11000,MEDICAL,36,12.07,672,11.7,49.27,3,1,0,0
APP-12948,44,33499.16,16,MORTGAGE,13000,PERSONAL,36,11.78,653,19.37,5.53,12,0,0,0
APP-12949,57,86271.46,17,RENT,40000,DEBTCONSOLIDATION,36,12.8,718,27.81,44.18,9,0,0,0
APP-12950,36,42331.85,16,MORTGAGE,3000,VENTURE,36,11.23,629,41.42,12.0,10,0,0,0
APP-12951,24,38772.07,3,RENT,2000,DEBTCONSOLIDATION,36,7.13,735,31.41,73.03,9,0,0,0
APP-12952,44,64300.99,10,RENT,3000,MEDICAL,36,17.48,569,9.95,8.98,9,0,0,0
APP-12953,54,22826.3,7,RENT,24000,DEBTCONSOLIDATION,60,12.85,696,40.6,78.11,7,0,1,1
APP-12954,50,72797.58,8,RENT,29000,DEBTCONSOLIDATION,36,15.18,603,6.93,9.96,5,0,0,0
APP-12955,38,66031.09,1,MORTGAGE,18000,DEBTCONSOLIDATION,36,16.83,599,6.91,40.01,16,0,0,0
APP-12956,39,104915.42,5,MORTGAGE,22000,PERSONAL,36,13.44,699,10.48,10.29,15,0,0,0
APP-12957,51,46620.89,17,RENT,35000,DEBTCONSOLIDATION,60,14.59,678,27.47,11.52,12,0,0,0
APP-12958,39,116124.22,18,MORTGAGE,10000,PERSONAL,36,7.72,777,16.25,27.28,16,0,1,0
APP-12959,69,78027.88,12,RENT,18000,DEBTCONSOLIDATION,36,14.85,641,23.66,33.12,5,0,0,0
APP-12960,66,59077.5,9,MORTGAGE,33000,DEBTCONSOLIDATION,36,14.01,640,23.63,61.74,12,2,0,1
APP-12961,39,148501.15,14,MORTGAGE,6000,DEBTCONSOLIDATION,36,16.54,610,14.68,47.35,16,0,0,0
APP-12962,42,62793.47,12,RENT,15000,DEBTCONSOLIDATION,36,15.56,678,6.75,51.02,13,0,0,0
APP-12963,44,46203.75,20,RENT,26000,PERSONAL,36,10.79,747,36.32,51.11,10,0,0,0
APP-12964,65,63698.74,2,RENT,23000,VENTURE,36,16.18,608,28.2,18.98,14,5,0,0
APP-12965,32,45730.26,8,MORTGAGE,6000,PERSONAL,36,15.47,625,19.18,44.97,14,0,0,0
APP-12966,50,72173.15,19,RENT,39000,VENTURE,60,11.78,679,44.54,33.49,11,0,0,1
APP-12967,58,115883.85,19,RENT,10000,DEBTCONSOLIDATION,36,10.12,745,16.01,41.68,6,0,0,0
APP-12968,51,59635.0,9,RENT,32000,DEBTCONSOLIDATION,36,13.96,667,21.26,41.88,5,0,0,0
APP-12969,56,62634.39,1,RENT,22000,MEDICAL,36,12.58,732,9.17,38.2,10,2,0,0
APP-12970,39,89224.92,16,RENT,37000,DEBTCONSOLIDATION,36,14.88,690,41.77,59.51,8,0,0,0
APP-12971,68,108403.97,11,RENT,2000,PERSONAL,36,14.77,715,23.0,47.27,12,0,0,0
APP-12972,65,47747.52,15,MORTGAGE,23000,PERSONAL,36,13.19,673,26.28,56.01,14,0,0,0
APP-12973,56,65262.18,8,RENT,24000,PERSONAL,60,15.42,618,17.5,23.93,13,4,0,0
APP-12974,50,89422.82,2,MORTGAGE,24000,MEDICAL,36,10.43,732,9.07,42.56,10,0,0,0
APP-12975,69,70613.47,0,MORTGAGE,16000,MEDICAL,60,12.23,710,8.21,14.77,11,0,0,0
APP-12976,53,23598.9,10,MORTGAGE,2000,EDUCATION,36,12.05,699,11.13,44.5,14,0,0,0
APP-12977,38,97866.88,1,MORTGAGE,7000,PERSONAL,60,15.78,627,15.66,31.36,12,0,0,0
APP-12978,69,77764.53,2,MORTGAGE,36000,MEDICAL,36,16.11,569,24.34,52.62,9,1,0,0
APP-12979,48,,8,MORTGAGE,18000,PERSONAL,60,8.19,712,24.5,59.91,9,0,0,0
APP-12980,67,32988.84,8,RENT,24000,DEBTCONSOLIDATION,60,13.74,590,13.96,53.51,13,2,0,1
APP-12981,31,64614.55,4,RENT,21000,DEBTCONSOLIDATION,60,12.87,643,12.28,13.71,14,0,0,0
APP-12982,65,91278.69,1,RENT,29000,DEBTCONSOLIDATION,36,14.45,709,10.93,26.5,15,0,0,0
APP-12983,53,38549.94,19,RENT,38000,HOMEIMPROVEMENT,36,18.36,576,8.06,14.94,16,0,0,0
APP-12984,37,43902.55,1,OWN,19000,DEBTCONSOLIDATION,36,12.92,688,5.2,38.59,6,0,0,0
APP-12985,26,92064.03,6,OWN,8000,DEBTCONSOLIDATION,60,14.43,647,9.14,34.61,12,0,0,0
APP-12986,24,42892.35,5,RENT,21000,EDUCATION,36,12.33,665,5.54,59.0,10,0,0,0
APP-12987,40,53946.36,17,MORTGAGE,25000,VENTURE,36,16.11,570,40.2,40.07,8,0,0,0
APP-12988,68,35692.31,7,MORTGAGE,17000,PERSONAL,36,13.23,669,19.35,31.24,11,0,0,0
APP-12989,67,148742.11,1,MORTGAGE,14000,DEBTCONSOLIDATION,36,9.21,748,24.85,36.88,7,0,0,0
APP-12990,47,77676.76,0,MORTGAGE,29000,DEBTCONSOLIDATION,36,16.71,670,32.34,45.97,11,0,0,0
APP-12991,35,52696.4,14,RENT,8000,DEBTCONSOLIDATION,60,11.12,800,21.5,9.53,6,0,0,0
APP-12992,26,47993.09,14,MORTGAGE,16000,DEBTCONSOLIDATION,60,18.2,611,8.74,69.49,7,0,0,0
APP-12993,67,32396.89,7,MORTGAGE,24000,HOMEIMPROVEMENT,36,7.2,812,14.8,15.72,5,0,0,0
APP-12994,34,56667.15,1,MORTGAGE,24000,DEBTCONSOLIDATION,36,11.31,736,29.9,29.09,9,0,0,0
APP-12995,31,83493.92,6,RENT,32000,DEBTCONSOLIDATION,60,12.14,785,19.4,55.48,5,0,0,0
APP-12996,59,39938.38,11,OWN,6000,DEBTCONSOLIDATION,36,7.08,791,15.3,67.11,6,1,0,0
APP-12997,29,63118.59,14,MORTGAGE,28000,PERSONAL,36,12.14,717,14.67,39.16,7,0,0,0
APP-12998,46,49826.84,0,MORTGAGE,11000,VENTURE,60,14.83,600,13.3,19.12,5,0,0,0
APP-12999,36,119378.93,10,RENT,8000,VENTURE,60,12.55,700,29.72,31.94,10,0,0,0
APP-13000,25,43549.37,4,RENT,33000,DEBTCONSOLIDATION,36,19.99,569,16.04,47.07,17,0,0,0
APP-13001,30,88307.29,12,MORTGAGE,24000,HOMEIMPROVEMENT,36,12.06,749,27.06,40.03,9,0,0,0
APP-13002,23,120211.9,13,RENT,10000,DEBTCONSOLIDATION,36,8.29,812,9.09,23.7,10,0,0,0
APP-13003,33,49584.56,18,RENT,30000,EDUCATION,36,12.37,714,27.03,14.8,11,0,0,0
APP-13004,63,44609.91,7,RENT,28000,PERSONAL,36,9.48,654,18.37,39.63,9,0,0,1
APP-13005,69,94973.31,10,RENT,39000,DEBTCONSOLIDATION,36,10.37,745,22.79,69.38,2,1,1,1
APP-13006,50,24572.62,4,RENT,22000,PERSONAL,60,10.37,739,16.26,17.61,11,0,0,0
APP-13007,65,74257.74,4,RENT,7000,DEBTCONSOLIDATION,36,11.81,706,14.9,67.37,16,1,0,0
APP-13008,26,27237.2,0,MORTGAGE,27000,PERSONAL,60,10.87,717,26.83,36.69,19,0,0,0
APP-13009,37,110327.21,4,OWN,21000,VENTURE,36,14.9,639,22.73,24.49,10,0,0,0
APP-13010,65,52783.39,0,MORTGAGE,16000,HOMEIMPROVEMENT,60,11.89,705,21.46,28.17,11,0,0,0
APP-13011,39,57217.26,20,MORTGAGE,39000,EDUCATION,60,11.42,726,48.41,34.06,13,0,0,1
APP-13012,62,41684.11,12,MORTGAGE,21000,DEBTCONSOLIDATION,36,13.57,674,11.82,34.47,8,1,0,0
APP-13013,55,27136.81,2,RENT,16000,DEBTCONSOLIDATION,36,14.35,660,16.62,35.55,10,0,0,0
APP-13014,66,112750.22,0,RENT,30000,VENTURE,36,11.73,688,24.22,61.16,7,0,0,0
APP-13015,46,54966.06,6,RENT,7000,DEBTCONSOLIDATION,36,11.08,699,37.66,50.71,10,0,0,0
APP-13016,25,297861.62,5,MORTGAGE,17000,DEBTCONSOLIDATION,36,13.01,692,9.86,77.16,6,0,0,0
APP-13017,49,39931.03,4,MORTGAGE,2000,PERSONAL,36,9.19,705,33.06,32.68,14,0,0,0
APP-13018,57,43332.27,8,RENT,7000,VENTURE,36,11.88,687,2.9,37.23,8,0,0,0
APP-13019,40,38230.08,19,MORTGAGE,17000,HOMEIMPROVEMENT,60,12.28,712,16.61,65.08,6,0,0,0
APP-13020,69,54825.99,11,OWN,34000,EDUCATION,36,10.49,729,17.85,14.8,9,1,0,0
APP-13021,41,131611.4,10,RENT,8000,HOMEIMPROVEMENT,36,13.48,679,16.58,35.64,6,0,3,0
APP-13022,30,99217.4,16,MORTGAGE,11000,HOMEIMPROVEMENT,36,13.04,682,18.82,14.66,21,0,0,0
APP-13023,25,28218.22,0,RENT,9000,EDUCATION,36,14.82,669,23.82,45.19,9,1,0,0
APP-13024,56,109322.78,2,MORTGAGE,22000,PERSONAL,36,14.88,639,25.56,35.54,10,0,0,1
APP-13025,26,84237.51,9,MORTGAGE,27000,HOMEIMPROVEMENT,36,13.87,683,24.54,64.24,4,0,0,0
APP-13026,46,76167.79,14,MORTGAGE,38000,DEBTCONSOLIDATION,60,19.83,550,11.44,48.11,14,0,0,1
APP-13027,24,42526.37,9,MORTGAGE,19000,PERSONAL,36,11.37,709,21.14,69.48,21,0,0,0
APP-13028,59,44136.61,1,MORTGAGE,5000,MEDICAL,36,9.05,799,32.88,41.35,16,0,0,0
APP-13029,59,64121.41,19,RENT,21000,MEDICAL,36,13.08,652,22.51,14.19,15,3,0,0
APP-13030,55,45406.87,5,RENT,20000,DEBTCONSOLIDATION,60,11.12,764,14.91,30.88,10,0,0,0
APP-13031,21,115418.05,16,MORTGAGE,34000,DEBTCONSOLIDATION,36,11.89,694,9.86,46.15,8,0,0,0
APP-13032,44,44445.64,18,RENT,24000,VENTURE,60,15.58,620,5.38,15.59,14,0,0,0
APP-13033,56,22620.63,6,RENT,10000,DEBTCONSOLIDATION,36,16.59,622,10.58,55.15,9,1,0,1
APP-13034,26,31234.28,17,RENT,39000,MEDICAL,60,11.1,708,15.42,72.02,13,0,0,0
APP-13035,61,32241.78,14,RENT,19000,VENTURE,60,11.95,652,6.3,8.61,8,0,1,0
APP-13036,66,52487.27,18,RENT,3000,DEBTCONSOLIDATION,36,7.13,797,16.45,53.76,16,3,0,0
APP-13037,64,,3,MORTGAGE,18000,HOMEIMPROVEMENT,36,16.23,673,26.99,74.12,9,0,0,0
APP-13038,51,61506.63,19,RENT,17000,VENTURE,36,14.92,605,15.08,26.74,15,0,0,1
APP-13039,40,75391.85,0,MORTGAGE,25000,DEBTCONSOLIDATION,36,15.38,670,17.91,31.36,14,0,0,0
APP-13040,44,52778.54,16,MORTGAGE,32000,PERSONAL,60,14.55,583,24.55,52.61,12,0,0,0
APP-13041,45,53720.31,8,MORTGAGE,2000,MEDICAL,60,17.62,556,27.23,61.69,9,0,2,0
APP-13042,56,143764.24,2,RENT,29000,DEBTCONSOLIDATION,36,14.15,683,15.01,36.51,8,0,1,1
APP-13043,41,109390.44,0,MORTGAGE,34000,PERSONAL,60,13.77,679,12.0,12.11,12,0,0,0
APP-13044,50,73434.58,7,RENT,38000,HOMEIMPROVEMENT,36,12.38,719,62.12,52.64,13,0,0,0
APP-13045,44,94687.31,7,MORTGAGE,40000,DEBTCONSOLIDATION,36,13.21,672,10.27,66.73,6,0,0,0
APP-13046,64,22854.25,3,RENT,5000,DEBTCONSOLIDATION,60,5.96,813,24.98,18.34,15,0,0,0
APP-13047,62,39685.08,3,MORTGAGE,2000,PERSONAL,36,9.69,699,16.53,74.12,15,0,0,0
APP-13048,50,48237.8,7,RENT,34000,DEBTCONSOLIDATION,36,10.57,762,3.15,25.23,5,3,0,0
APP-13049,42,39919.37,7,RENT,11000,DEBTCONSOLIDATION,60,12.6,703,2.3,50.54,6,0,0,0
APP-13050,48,27643.1,8,RENT,4000,DEBTCONSOLIDATION,36,12.87,728,17.46,60.61,13,0,0,0
APP-13051,27,73885.5,18,MORTGAGE,38000,MEDICAL,36,9.08,734,17.46,57.24,15,0,0,0
APP-13052,55,119715.56,12,RENT,22000,MEDICAL,60,9.03,740,18.79,57.21,8,0,0,0
APP-13053,48,59491.88,0,MORTGAGE,10000,DEBTCONSOLIDATION,36,13.83,669,17.95,58.05,8,0,0,0
APP-13054,34,82792.36,10,OTHER,25000,DEBTCONSOLIDATION,60,9.25,761,8.03,10.53,10,0,2,0
APP-13055,30,58614.24,15,RENT,9000,DEBTCONSOLIDATION,36,15.27,607,13.1,20.52,13,0,0,1
APP-13056,36,48010.77,0,OWN,25000,DEBTCONSOLIDATION,36,6.72,802,27.75,35.44,11,0,0,0
APP-13057,36,94806.98,7,RENT,25000,HOMEIMPROVEMENT,60,15.38,632,31.18,18.64,9,0,0,0
APP-13058,51,29316.46,8,MORTGAGE,11000,HOMEIMPROVEMENT,60,13.93,648,21.18,27.76,8,0,0,0
APP-13059,62,23583.41,19,OWN,36000,DEBTCONSOLIDATION,36,16.3,604,9.88,26.47,13,0,0,1
APP-13060,45,29110.38,9,OTHER,5000,DEBTCONSOLIDATION,36,14.43,679,11.43,5.1,11,1,0,0
APP-13061,33,91747.36,15,MORTGAGE,10000,HOMEIMPROVEMENT,36,10.13,711,28.68,50.39,11,0,0,0
APP-13062,26,62542.75,5,MORTGAGE,12000,PERSONAL,60,11.68,732,37.64,66.53,12,0,0,0
APP-13063,64,72277.56,15,RENT,14000,DEBTCONSOLIDATION,36,10.87,702,28.45,76.05,8,0,0,0
APP-13064,29,138477.27,5,RENT,28000,HOMEIMPROVEMENT,36,10.03,805,21.26,46.23,9,0,0,0
APP-13065,65,33467.5,8,RENT,31000,PERSONAL,36,10.99,678,15.12,67.08,14,0,0,0
APP-13066,56,109325.53,9,RENT,40000,PERSONAL,36,11.47,707,18.06,36.33,10,0,0,0
APP-13067,63,49110.97,19,MORTGAGE,13000,DEBTCONSOLIDATION,36,11.18,787,38.07,47.58,8,0,0,0
APP-13068,40,45516.02,0,RENT,20000,DEBTCONSOLIDATION,60,8.38,761,18.49,65.49,10,0,0,0
APP-13069,38,62355.69,2,OTHER,5000,DEBTCONSOLIDATION,36,11.98,661,13.8,56.28,6,0,3,0
APP-13070,63,67431.54,14,MORTGAGE,35000,MEDICAL,36,16.73,630,17.49,51.23,8,0,0,0
APP-13071,41,53891.55,11,MORTGAGE,24000,DEBTCONSOLIDATION,36,11.56,698,16.31,65.87,11,0,0,0
APP-13072,24,81239.52,3,MORTGAGE,27000,DEBTCONSOLIDATION,60,16.14,667,14.12,28.17,13,1,1,0
APP-13073,53,62481.23,4,MORTGAGE,8000,DEBTCONSOLIDATION,60,10.42,732,12.46,38.64,8,0,0,0
APP-13074,47,54194.47,6,RENT,19000,DEBTCONSOLIDATION,36,16.35,600,14.82,49.71,17,0,1,0
APP-13075,27,48623.29,8,MORTGAGE,5000,MEDICAL,36,15.4,687,8.02,35.71,9,0,0,0
APP-13076,26,67452.12,16,RENT,9000,DEBTCONSOLIDATION,36,11.86,624,50.27,39.89,9,0,0,0
APP-13077,35,30383.99,0,RENT,23000,HOMEIMPROVEMENT,36,11.63,688,33.91,2.59,6,0,0,0
APP-13078,38,34988.27,18,RENT,27000,HOMEIMPROVEMENT,36,11.12,744,5.67,59.22,17,0,0,0
APP-13079,52,49825.14,7,MORTGAGE,14000,DEBTCONSOLIDATION,36,10.26,849,31.94,34.37,6,0,0,0
APP-13080,31,78624.41,3,RENT,18000,VENTURE,36,12.69,704,30.9,80.15,11,1,0,0
APP-13081,40,174804.78,9,RENT,37000,DEBTCONSOLIDATION,36,7.23,767,19.31,89.71,13,0,0,0
APP-13082,44,55289.44,13,RENT,16000,DEBTCONSOLIDATION,36,15.56,636,17.63,4.0,5,0,0,0
APP-13083,35,24658.68,0,RENT,19000,DEBTCONSOLIDATION,36,21.03,545,18.81,58.46,9,0,0,1
APP-13084,68,40331.02,14,MORTGAGE,28000,DEBTCONSOLIDATION,36,9.15,757,14.25,52.62,11,0,0,0
APP-13085,27,83236.89,15,MORTGAGE,7000,PERSONAL,36,13.24,710,4.22,34.04,12,0,0,0
APP-13086,41,36859.14,2,OWN,35000,HOMEIMPROVEMENT,36,14.46,675,10.04,38.6,11,0,0,0
APP-13087,62,31167.38,2,RENT,6000,HOMEIMPROVEMENT,36,15.29,651,31.57,53.7,7,1,1,0
APP-13088,46,83019.8,2,RENT,13000,DEBTCONSOLIDATION,60,14.42,713,24.8,32.23,8,0,0,0
APP-13089,64,75541.69,16,RENT,30000,HOMEIMPROVEMENT,60,19.24,566,21.49,29.56,11,0,0,0
APP-13090,34,28673.53,4,OWN,38000,DEBTCONSOLIDATION,60,14.79,617,14.25,42.59,10,0,0,0
APP-13091,57,38273.13,16,RENT,13000,EDUCATION,36,12.53,652,12.42,67.34,15,0,0,0
APP-13092,41,,10,RENT,26000,EDUCATION,36,10.77,714,12.09,25.71,4,0,0,0
APP-13093,38,91713.25,15,RENT,35000,DEBTCONSOLIDATION,36,12.02,717,47.69,80.44,11,1,0,0
APP-13094,25,32902.84,10,RENT,12000,HOMEIMPROVEMENT,36,12.5,730,12.92,33.13,9,0,0,0
APP-13095,23,22149.17,5,RENT,24000,MEDICAL,36,12.77,682,8.36,92.84,14,4,0,0
APP-13096,43,,18,MORTGAGE,25000,DEBTCONSOLIDATION,36,13.47,733,37.53,76.36,10,0,0,0
APP-13097,46,51635.57,14,MORTGAGE,19000,DEBTCONSOLIDATION,36,14.41,612,21.15,16.27,9,0,0,0
APP-13098,57,65569.83,9,RENT,11000,DEBTCONSOLIDATION,60,15.3,661,10.7,20.28,5,0,0,0
APP-13099,44,82234.56,12,MORTGAGE,6000,DEBTCONSOLIDATION,36,17.42,631,13.88,38.63,5,0,0,0
APP-13100,69,37118.3,12,RENT,32000,MEDICAL,36,12.29,719,33.4,53.72,13,0,0,0
APP-13101,39,48239.2,6,MORTGAGE,26000,MEDICAL,36,13.2,658,24.53,40.2,11,0,0,0
APP-13102,45,38195.41,7,MORTGAGE,18000,MEDICAL,36,12.5,724,9.83,2.71,12,0,0,0
APP-13103,41,38885.72,5,OWN,29000,DEBTCONSOLIDATION,36,12.24,713,13.08,72.72,11,0,0,0
APP-13104,32,79410.0,20,RENT,2000,DEBTCONSOLIDATION,36,15.62,682,16.73,20.71,7,0,0,0
APP-13105,61,64346.27,11,MORTGAGE,3000,PERSONAL,36,11.29,643,22.28,12.5,2,0,0,0
APP-13106,53,27406.33,0,OWN,3000,MEDICAL,60,10.49,706,4.95,62.36,7,0,0,0
APP-13107,24,86038.64,10,MORTGAGE,28000,HOMEIMPROVEMENT,36,13.7,682,9.1,57.4,17,1,0,0
APP-13108,62,50260.01,0,RENT,9000,EDUCATION,60,10.35,739,32.36,43.64,11,0,0,0
APP-13109,27,88043.18,4,MORTGAGE,28000,MEDICAL,60,15.68,583,11.06,78.02,15,0,0,0
APP-13110,42,36048.88,8,MORTGAGE,38000,DEBTCONSOLIDATION,60,12.26,693,5.6,28.36,12,0,0,0
APP-13111,53,37690.22,10,RENT,18000,DEBTCONSOLIDATION,36,10.11,663,10.21,42.87,9,0,0,1
APP-13112,37,67904.4,20,RENT,5000,DEBTCONSOLIDATION,36,16.33,651,36.25,82.58,8,0,2,0
APP-13113,44,34605.57,20,MORTGAGE,39000,HOMEIMPROVEMENT,36,9.33,778,5.66,52.01,6,2,0,0
APP-13114,54,52185.47,0,MORTGAGE,32000,MEDICAL,36,13.48,656,31.48,28.87,7,0,0,0
APP-13115,48,32694.54,10,OTHER,6000,PERSONAL,60,16.1,558,40.05,33.65,5,0,0,0
APP-13116,63,49232.79,16,RENT,26000,MEDICAL,60,14.38,722,11.71,19.16,8,0,0,0
APP-13117,61,58928.07,3,MORTGAGE,29000,PERSONAL,36,8.03,753,27.31,9.18,10,0,0,0
APP-13118,59,60332.67,15,RENT,20000,DEBTCONSOLIDATION,36,8.32,717,34.38,61.43,6,0,0,0
APP-13119,42,49892.52,18,OWN,38000,VENTURE,60,16.15,571,19.04,37.85,7,1,0,0
APP-13120,69,70733.54,13,RENT,24000,PERSONAL,36,12.68,687,49.67,39.45,10,0,0,0
APP-13121,37,64466.41,5,RENT,37000,DEBTCONSOLIDATION,36,14.53,635,7.57,29.4,12,0,0,0
APP-13122,54,57257.66,19,RENT,14000,VENTURE,36,8.18,780,33.7,39.83,16,0,0,0
APP-13123,26,43786.23,18,MORTGAGE,18000,VENTURE,60,11.6,664,9.83,32.65,12,0,0,0
APP-13124,66,102142.26,14,RENT,31000,PERSONAL,60,12.8,709,17.13,46.23,10,0,0,0
APP-13125,26,72630.75,6,MORTGAGE,24000,DEBTCONSOLIDATION,60,9.9,705,22.3,42.42,11,0,0,0
APP-13126,54,35665.73,16,MORTGAGE,4000,DEBTCONSOLIDATION,60,10.13,741,8.83,9.42,19,0,0,0
APP-13127,21,82821.41,5,RENT,14000,PERSONAL,60,9.76,778,11.4,52.25,11,0,0,0
APP-13128,30,92757.78,4,RENT,33000,DEBTCONSOLIDATION,36,12.32,683,9.24,35.47,9,0,0,0
APP-13129,41,57481.45,9,RENT,36000,DEBTCONSOLIDATION,36,18.51,619,13.21,36.61,9,0,0,0
APP-13130,25,,20,RENT,3000,DEBTCONSOLIDATION,36,10.71,787,28.39,69.72,7,0,0,0
APP-13131,22,21387.56,16,MORTGAGE,4000,DEBTCONSOLIDATION,60,13.98,661,20.26,46.72,9,0,0,0
APP-13132,42,39272.49,14,MORTGAGE,30000,VENTURE,36,10.83,728,8.16,24.37,11,0,0,0
APP-13133,68,91294.63,8,RENT,11000,VENTURE,36,11.78,666,18.84,7.53,14,0,0,0
APP-13134,22,40485.06,5,MORTGAGE,21000,DEBTCONSOLIDATION,60,16.83,684,35.47,13.14,10,0,0,0
APP-13135,30,,17,RENT,35000,DEBTCONSOLIDATION,36,15.44,598,16.14,66.48,8,0,0,1
APP-13136,54,38975.56,11,MORTGAGE,16000,DEBTCONSOLIDATION,36,11.92,680,15.3,19.55,12,0,0,0
APP-13137,36,67198.61,16,OWN,2000,PERSONAL,36,12.36,717,22.01,36.13,12,0,0,0
APP-13138,68,72901.99,9,RENT,27000,MEDICAL,60,13.5,636,26.28,38.95,9,0,0,0
APP-13139,59,73882.95,15,MORTGAGE,33000,DEBTCONSOLIDATION,36,11.21,763,2.78,64.5,3,1,0,0
APP-13140,42,33871.17,17,MORTGAGE,3000,PERSONAL,36,9.91,782,20.18,36.71,12,1,0,0
APP-13141,32,63155.24,7,RENT,33000,DEBTCONSOLIDATION,36,10.57,694,6.65,30.88,19,0,0,0
APP-13142,44,131700.39,0,MORTGAGE,30000,DEBTCONSOLIDATION,36,13.38,713,18.66,28.7,8,0,0,0
APP-13143,67,87050.56,4,MORTGAGE,21000,DEBTCONSOLIDATION,36,13.37,711,21.11,71.45,8,0,0,0
APP-13144,60,62734.42,19,RENT,24000,HOMEIMPROVEMENT,60,13.92,662,9.3,46.05,7,0,0,0
APP-13145,58,22799.93,13,MORTGAGE,13000,DEBTCONSOLIDATION,60,13.95,647,14.64,13.17,8,0,0,0
APP-13146,30,52855.75,15,MORTGAGE,11000,DEBTCONSOLIDATION,36,11.51,642,12.32,14.33,13,0,0,0
APP-13147,55,136377.6,5,OWN,20000,HOMEIMPROVEMENT,36,15.33,617,8.29,22.6,10,0,0,0
APP-13148,69,115763.36,14,MORTGAGE,11000,HOMEIMPROVEMENT,60,12.42,654,15.38,50.34,11,0,0,0
APP-13149,52,75411.06,12,RENT,20000,DEBTCONSOLIDATION,36,11.84,750,20.94,11.9,6,0,0,0
APP-13150,27,41786.76,2,MORTGAGE,27000,DEBTCONSOLIDATION,36,15.64,661,32.86,26.57,7,0,0,0
APP-13151,41,61459.86,20,MORTGAGE,25000,HOMEIMPROVEMENT,60,13.99,722,17.03,16.56,8,0,1,0
APP-13152,40,88145.17,6,MORTGAGE,10000,DEBTCONSOLIDATION,60,13.06,718,16.24,21.25,9,0,0,0
APP-13153,46,95824.11,5,MORTGAGE,30000,PERSONAL,36,16.16,696,11.8,3.94,8,2,0,0
APP-13154,24,70004.17,6,OWN,30000,DEBTCONSOLIDATION,36,10.87,707,14.58,12.94,8,0,0,0
APP-13155,66,91813.98,0,RENT,38000,DEBTCONSOLIDATION,60,14.38,618,13.16,66.4,13,0,0,0
APP-13156,42,58142.59,12,RENT,29000,DEBTCONSOLIDATION,36,13.09,695,13.34,49.43,10,0,0,0
APP-13157,35,56871.33,3,MORTGAGE,4000,HOMEIMPROVEMENT,36,13.93,654,13.68,12.76,12,0,0,0
APP-13158,60,47597.83,16,MORTGAGE,24000,VENTURE,60,9.39,762,8.53,62.29,11,0,0,0
APP-13159,41,74033.16,7,MORTGAGE,5000,PERSONAL,60,13.71,717,13.95,73.66,15,0,0,0
APP-13160,35,98732.57,8,RENT,15000,DEBTCONSOLIDATION,60,9.35,737,35.86,5.38,16,0,0,0
APP-13161,42,85324.93,12,RENT,39000,PERSONAL,36,14.56,680,26.44,4.81,11,0,0,0
APP-13162,48,,15,RENT,14000,HOMEIMPROVEMENT,60,14.99,645,17.51,55.3,14,0,0,0
APP-13163,34,33448.52,3,MORTGAGE,29000,VENTURE,36,11.22,675,2.0,32.67,17,0,0,0
APP-13164,47,103966.08,20,RENT,40000,DEBTCONSOLIDATION,36,16.58,597,10.82,52.87,8,1,0,0
APP-13165,61,65400.58,12,MORTGAGE,21000,VENTURE,36,12.27,635,29.72,23.11,11,0,3,0
APP-13166,60,66690.92,0,OWN,29000,DEBTCONSOLIDATION,60,15.63,606,39.83,15.48,9,0,0,0
APP-13167,48,65943.75,7,RENT,33000,MEDICAL,60,13.26,675,37.69,73.11,12,0,0,0
APP-13168,46,143748.39,8,RENT,15000,DEBTCONSOLIDATION,60,11.01,741,13.99,66.58,12,0,0,0
APP-13169,69,47899.37,16,RENT,14000,PERSONAL,36,14.26,672,4.57,60.11,11,1,0,0
APP-13170,22,104643.76,5,RENT,12000,DEBTCONSOLIDATION,36,13.84,623,12.4,10.67,13,0,0,0
APP-13171,45,67292.46,5,RENT,39000,PERSONAL,36,9.3,723,31.36,43.06,15,0,1,0
APP-13172,23,26896.29,0,MORTGAGE,40000,VENTURE,60,16.26,584,8.82,5.99,9,0,0,0
APP-13173,28,39639.2,4,MORTGAGE,16000,DEBTCONSOLIDATION,36,13.32,617,24.64,34.95,13,1,0,0
APP-13174,64,44200.21,14,RENT,10000,PERSONAL,60,11.21,706,16.43,17.43,17,0,0,0
APP-13175,53,103420.04,12,MORTGAGE,4000,HOMEIMPROVEMENT,36,9.78,757,20.5,37.27,10,0,0,0
APP-13176,62,110597.07,0,OWN,6000,DEBTCONSOLIDATION,60,12.92,678,34.84,50.82,13,0,2,0
APP-13177,55,71462.41,0,RENT,29000,VENTURE,36,16.28,579,32.37,53.95,10,0,0,0
APP-13178,26,46102.08,6,MORTGAGE,16000,EDUCATION,36,12.35,696,31.9,56.44,17,0,0,0
APP-13179,59,37968.4,15,RENT,4000,DEBTCONSOLIDATION,36,10.45,802,8.25,41.39,12,0,0,0
APP-13180,43,105745.5,17,RENT,36000,VENTURE,36,11.68,750,25.95,51.06,8,0,0,0
APP-13181,45,31499.4,0,MORTGAGE,8000,DEBTCONSOLIDATION,36,13.12,657,29.15,7.58,14,0,0,0
APP-13182,63,56843.37,5,RENT,31000,EDUCATION,36,14.43,670,5.97,22.04,8,1,0,0
APP-13183,39,195288.96,7,RENT,25000,PERSONAL,36,13.64,723,37.18,39.03,16,0,1,0
APP-13184,25,46170.96,18,RENT,32000,EDUCATION,36,13.1,721,12.42,9.19,7,0,0,0
APP-13185,31,31702.5,9,OWN,15000,DEBTCONSOLIDATION,36,15.25,588,26.07,27.95,8,4,0,0
APP-13186,32,24767.09,4,RENT,17000,VENTURE,36,12.0,695,19.99,30.61,9,0,0,0
APP-13187,30,199187.57,7,MORTGAGE,5000,PERSONAL,60,10.67,770,53.91,20.93,14,0,0,0
APP-13188,28,71275.9,8,MORTGAGE,4000,DEBTCONSOLIDATION,36,12.54,681,13.98,34.03,10,0,0,0
APP-13189,44,38772.33,13,RENT,36000,HOMEIMPROVEMENT,36,16.87,671,11.9,49.72,7,0,0,0
APP-13190,48,54471.43,0,RENT,10000,HOMEIMPROVEMENT,36,11.74,793,26.76,25.18,10,0,0,0
APP-13191,61,42981.37,7,RENT,5000,MEDICAL,36,11.7,691,9.7,35.53,8,0,0,0
APP-13192,56,23581.6,12,RENT,20000,DEBTCONSOLIDATION,36,11.21,733,23.23,45.01,17,2,0,1
APP-13193,57,88792.61,4,RENT,25000,MEDICAL,36,10.22,737,23.23,41.44,15,0,0,0
APP-13194,41,60895.0,11,RENT,12000,HOMEIMPROVEMENT,60,14.67,703,35.05,44.19,7,0,0,0
APP-13195,28,85177.44,6,RENT,16000,PERSONAL,36,13.92,642,3.53,66.32,10,0,1,0
APP-13196,29,60070.57,15,RENT,37000,DEBTCONSOLIDATION,36,17.92,583,15.03,42.97,14,0,0,0
APP-13197,67,63935.03,0,MORTGAGE,32000,VENTURE,36,14.07,647,15.38,43.63,7,2,0,0
APP-13198,35,19586.36,19,RENT,9000,MEDICAL,36,14.75,662,16.85,62.44,14,0,0,0
APP-13199,68,94270.53,2,OWN,3000,VENTURE,36,11.84,753,4.76,41.78,9,0,0,0
APP-13200,66,34746.88,1,RENT,4000,HOMEIMPROVEMENT,36,13.68,724,16.11,64.76,8,0,0,0
APP-13201,60,39496.14,17,MORTGAGE,4000,EDUCATION,36,15.23,634,12.73,54.35,7,0,0,0
APP-13202,38,45984.69,18,OWN,22000,VENTURE,60,14.35,665,29.3,73.79,9,0,0,0
APP-13203,62,21389.56,0,RENT,13000,MEDICAL,60,14.5,646,5.45,54.12,10,0,0,0
APP-13204,40,44744.41,18,MORTGAGE,15000,HOMEIMPROVEMENT,60,15.49,622,8.89,48.32,11,1,1,0
APP-13205,26,43213.49,4,MORTGAGE,24000,VENTURE,36,14.57,679,14.21,18.24,14,0,0,0
APP-13206,32,49567.13,12,OWN,14000,DEBTCONSOLIDATION,60,8.82,744,28.45,55.07,13,0,0,1
APP-13207,22,25576.01,0,MORTGAGE,17000,HOMEIMPROVEMENT,60,15.22,608,38.36,51.62,12,0,0,0
APP-13208,27,95211.35,6,RENT,18000,DEBTCONSOLIDATION,36,9.08,760,16.21,33.04,11,0,1,0
APP-13209,36,73059.41,8,MORTGAGE,19000,DEBTCONSOLIDATION,36,11.31,701,28.61,56.51,11,0,0,0
APP-13210,23,38870.07,11,MORTGAGE,14000,PERSONAL,60,14.23,698,3.34,28.17,6,0,0,0
APP-13211,65,44767.01,10,RENT,27000,VENTURE,60,11.77,674,16.64,13.13,5,0,0,0
APP-13212,23,91041.81,8,MORTGAGE,40000,DEBTCONSOLIDATION,36,12.83,695,21.62,34.25,5,0,0,0
APP-13213,47,52641.63,20,MORTGAGE,32000,DEBTCONSOLIDATION,36,11.39,685,15.24,69.33,9,0,0,0
APP-13214,63,32200.33,2,RENT,18000,DEBTCONSOLIDATION,36,12.9,695,24.35,63.66,13,0,0,0
APP-13215,60,57423.22,1,MORTGAGE,33000,HOMEIMPROVEMENT,60,13.77,658,31.27,7.2,10,0,0,0
APP-13216,58,34754.99,14,RENT,2000,DEBTCONSOLIDATION,36,10.29,728,3.86,13.84,9,0,0,0
APP-13217,53,42026.83,0,MORTGAGE,36000,DEBTCONSOLIDATION,36,18.96,562,7.66,40.84,6,0,0,0
APP-13218,48,58377.62,9,RENT,37000,DEBTCONSOLIDATION,60,9.9,736,12.16,44.43,12,0,0,0
APP-13219,21,101478.86,9,OWN,20000,DEBTCONSOLIDATION,36,10.56,723,19.59,49.17,9,1,0,0
APP-13220,28,164664.01,5,MORTGAGE,29000,PERSONAL,36,9.25,720,15.5,47.05,10,0,0,0
APP-13221,57,118338.9,19,MORTGAGE,3000,DEBTCONSOLIDATION,60,11.41,715,22.07,47.4,5,0,0,0
APP-13222,52,57761.16,4,OTHER,30000,HOMEIMPROVEMENT,36,10.27,707,28.74,51.87,6,0,0,0
APP-13223,68,185104.33,4,RENT,30000,PERSONAL,60,12.37,735,22.03,63.75,11,2,0,0
APP-13224,63,79152.74,3,RENT,20000,DEBTCONSOLIDATION,36,14.78,712,16.53,29.96,11,0,0,0
APP-13225,57,36686.19,1,MORTGAGE,29000,HOMEIMPROVEMENT,60,16.58,667,11.22,58.72,13,0,0,1
APP-13226,24,62772.66,6,RENT,35000,DEBTCONSOLIDATION,36,16.24,651,4.07,12.17,13,0,0,0
APP-13227,50,43111.35,13,MORTGAGE,32000,VENTURE,36,11.56,686,26.55,58.17,11,0,0,1
APP-13228,26,32081.89,15,MORTGAGE,38000,EDUCATION,60,9.61,774,19.62,42.68,15,0,0,0
APP-13229,66,33285.86,16,MORTGAGE,20000,VENTURE,60,10.39,737,9.17,43.48,8,0,0,0
APP-13230,39,55624.72,2,RENT,33000,HOMEIMPROVEMENT,36,10.18,719,34.74,20.03,14,0,0,0
APP-13231,52,87299.76,0,MORTGAGE,30000,DEBTCONSOLIDATION,60,19.19,504,11.82,24.07,10,2,0,0
APP-13232,29,102140.2,20,MORTGAGE,10000,PERSONAL,36,16.32,592,5.09,28.35,19,0,1,1
APP-13233,32,32133.07,0,OWN,8000,DEBTCONSOLIDATION,36,11.57,709,12.66,51.14,12,0,0,0
APP-13234,31,51450.25,20,OWN,13000,HOMEIMPROVEMENT,60,10.77,761,10.34,22.68,7,0,0,0
APP-13235,66,76366.19,17,RENT,32000,HOMEIMPROVEMENT,36,13.57,660,6.04,60.08,12,0,0,0
APP-13236,36,64597.39,19,MORTGAGE,19000,DEBTCONSOLIDATION,36,11.88,693,15.12,39.79,12,1,0,0
APP-13237,21,84734.08,7,RENT,29000,PERSONAL,36,14.15,662,27.8,28.87,11,0,0,0
APP-13238,65,48177.78,2,MORTGAGE,22000,HOMEIMPROVEMENT,36,16.54,620,28.04,44.4,6,5,0,1
APP-13239,41,113148.64,12,MORTGAGE,10000,DEBTCONSOLIDATION,60,14.33,661,37.06,24.34,9,0,0,0
APP-13240,50,59747.28,15,RENT,35000,HOMEIMPROVEMENT,36,12.38,697,40.54,26.89,12,0,0,0
APP-13241,33,87453.46,1,OWN,35000,VENTURE,36,9.36,793,10.9,41.07,11,0,0,0
APP-13242,54,49494.32,16,MORTGAGE,25000,DEBTCONSOLIDATION,36,16.05,681,20.52,37.45,12,0,0,0
APP-13243,24,61647.96,3,OWN,17000,DEBTCONSOLIDATION,60,11.53,689,21.23,55.26,10,0,1,0
APP-13244,48,26956.7,9,RENT,29000,PERSONAL,36,10.03,777,8.61,25.46,14,0,0,0
APP-13245,58,39403.99,17,MORTGAGE,36000,DEBTCONSOLIDATION,36,12.4,726,59.27,52.42,11,0,0,0
APP-13246,51,53974.56,2,MORTGAGE,7000,VENTURE,36,10.34,725,65.0,13.43,16,0,0,0
APP-13247,47,62945.89,3,MORTGAGE,39000,PERSONAL,36,11.07,728,12.7,41.49,13,4,0,0
APP-13248,25,228799.37,0,MORTGAGE,12000,DEBTCONSOLIDATION,36,14.0,662,25.27,79.14,9,0,1,0
APP-13249,45,49466.45,1,MORTGAGE,5000,DEBTCONSOLIDATION,36,10.9,694,14.6,42.38,11,0,0,0
APP-13250,23,30081.93,1,MORTGAGE,15000,DEBTCONSOLIDATION,36,11.37,716,37.22,61.71,12,2,0,0
APP-13251,53,140258.49,2,RENT,14000,VENTURE,36,11.36,664,19.88,47.98,11,0,0,0
APP-13252,24,102684.75,4,MORTGAGE,16000,HOMEIMPROVEMENT,36,15.31,680,19.93,54.27,11,0,0,0
APP-13253,45,33581.95,16,MORTGAGE,9000,DEBTCONSOLIDATION,36,10.35,677,14.28,29.94,8,0,0,0
APP-13254,40,75556.12,19,MORTGAGE,25000,VENTURE,36,14.71,616,9.45,19.22,14,3,2,0
APP-13255,54,90907.99,7,RENT,12000,DEBTCONSOLIDATION,36,6.75,773,15.81,21.94,7,0,0,0
APP-13256,46,64985.05,1,RENT,36000,EDUCATION,60,16.32,665,15.45,19.62,10,0,0,0
APP-13257,25,70467.79,3,RENT,26000,MEDICAL,60,16.45,652,6.54,37.39,11,0,0,0
APP-13258,55,43646.22,15,MORTGAGE,24000,MEDICAL,60,14.72,711,20.26,41.17,8,0,2,0
APP-13259,48,77025.72,13,RENT,8000,VENTURE,36,8.97,784,13.07,43.8,13,0,0,0
APP-13260,49,46832.04,20,RENT,6000,HOMEIMPROVEMENT,36,16.08,652,7.1,18.13,11,0,0,0
APP-13261,29,18000.0,0,MORTGAGE,33000,DEBTCONSOLIDATION,60,12.09,688,10.66,43.68,12,0,0,0
APP-13262,58,66047.73,15,RENT,29000,PERSONAL,36,19.88,510,26.4,21.57,8,0,0,0
APP-13263,26,25900.7,9,OWN,4000,HOMEIMPROVEMENT,36,9.17,803,18.4,51.86,4,0,0,0
APP-13264,39,99384.07,18,MORTGAGE,31000,DEBTCONSOLIDATION,36,14.34,652,24.25,12.46,20,0,0,0
APP-13265,64,34016.12,11,OWN,6000,DEBTCONSOLIDATION,60,17.56,518,8.96,59.26,7,0,0,0
APP-13266,31,18000.0,8,RENT,34000,MEDICAL,36,11.43,752,22.41,60.34,12,0,0,0
APP-13267,22,24719.67,13,RENT,21000,PERSONAL,60,16.01,610,16.98,63.71,13,0,0,1
APP-13268,67,58645.24,17,RENT,31000,DEBTCONSOLIDATION,36,15.22,606,14.48,34.76,11,0,0,0
APP-13269,64,65726.27,4,MORTGAGE,23000,DEBTCONSOLIDATION,36,16.93,621,14.1,42.04,9,4,0,0
APP-13270,64,29545.35,0,RENT,23000,DEBTCONSOLIDATION,60,12.33,655,36.51,56.34,12,0,0,0
APP-13271,29,35024.6,8,RENT,39000,HOMEIMPROVEMENT,36,7.74,786,15.23,66.88,14,0,0,0
APP-13272,41,59633.07,3,OWN,30000,DEBTCONSOLIDATION,36,14.69,602,7.13,71.13,6,0,0,0
APP-13273,44,97354.47,8,RENT,22000,HOMEIMPROVEMENT,36,9.52,735,37.06,36.63,11,0,0,0
APP-13274,54,,20,MORTGAGE,19000,HOMEIMPROVEMENT,36,13.73,640,10.66,24.45,7,0,0,0
APP-13275,42,72372.93,11,MORTGAGE,12000,VENTURE,60,14.67,651,3.43,15.28,7,0,0,0
APP-13276,23,25100.79,14,RENT,11000,EDUCATION,60,12.37,667,3.75,38.73,6,0,0,0
APP-13277,32,70118.67,13,MORTGAGE,36000,PERSONAL,36,14.09,679,26.59,30.72,14,0,0,0
APP-13278,48,87369.02,16,MORTGAGE,27000,DEBTCONSOLIDATION,36,14.09,708,13.5,49.4,9,1,3,0
APP-13279,50,77816.07,19,RENT,5000,MEDICAL,60,19.17,583,27.43,75.35,8,0,0,1
APP-13280,46,98439.64,13,RENT,11000,DEBTCONSOLIDATION,60,5.32,827,38.04,14.7,10,0,0,0
APP-13281,68,95212.95,9,MORTGAGE,40000,MEDICAL,36,14.13,686,10.06,32.26,9,0,0,0
APP-13282,41,150763.24,5,RENT,17000,EDUCATION,36,16.15,612,7.38,30.95,11,0,0,0
APP-13283,48,63215.78,6,MORTGAGE,31000,MEDICAL,36,9.0,775,4.33,10.48,11,0,0,0
APP-13284,46,150986.5,5,MORTGAGE,4000,EDUCATION,36,12.93,677,26.39,49.64,12,0,0,0
APP-13285,53,,5,RENT,35000,DEBTCONSOLIDATION,36,13.08,676,32.12,7.68,10,0,0,0
APP-13286,41,54031.86,14,OWN,26000,DEBTCONSOLIDATION,36,12.4,741,5.79,4.9,9,0,0,0
APP-13287,55,56528.4,11,RENT,39000,DEBTCONSOLIDATION,60,18.41,569,8.97,20.75,9,0,0,0
APP-13288,54,35546.88,2,RENT,37000,VENTURE,60,13.16,728,28.46,27.05,13,0,0,0
APP-13289,61,18391.99,20,MORTGAGE,5000,DEBTCONSOLIDATION,36,11.32,700,30.75,22.48,7,1,0,0
APP-13290,67,92470.89,7,RENT,11000,HOMEIMPROVEMENT,60,14.07,650,8.98,27.7,7,0,0,0
APP-13291,38,37610.29,11,MORTGAGE,14000,DEBTCONSOLIDATION,36,15.34,670,14.83,13.03,13,1,0,0
APP-13292,31,49000.49,14,OWN,7000,HOMEIMPROVEMENT,36,14.4,645,17.76,56.53,11,0,0,0
APP-13293,43,132229.28,12,RENT,8000,DEBTCONSOLIDATION,60,14.61,693,14.05,59.97,14,0,0,0
APP-13294,68,79701.41,5,RENT,29000,PERSONAL,60,11.98,701,13.26,15.64,18,0,0,0
APP-13295,42,142929.35,16,RENT,38000,EDUCATION,36,17.43,616,12.66,42.57,7,0,0,0
APP-13296,37,63593.43,0,MORTGAGE,16000,PERSONAL,36,13.78,639,21.41,8.75,12,0,0,0
APP-13297,25,79042.93,11,RENT,31000,DEBTCONSOLIDATION,36,14.44,568,18.55,61.6,11,0,0,0
APP-13298,64,53085.77,4,RENT,11000,MEDICAL,36,16.05,617,14.55,30.7,7,1,0,0
APP-13299,31,39169.43,12,MORTGAGE,13000,DEBTCONSOLIDATION,60,14.67,636,8.44,12.42,9,1,0,0
APP-13300,50,78896.84,3,RENT,18000,PERSONAL,36,14.46,548,12.23,42.02,8,0,1,0
APP-13301,35,48148.7,15,RENT,31000,HOMEIMPROVEMENT,60,11.31,712,24.07,52.32,12,0,0,0
APP-13302,47,82640.98,3,OWN,2000,VENTURE,36,12.58,730,30.93,15.46,8,0,0,0
APP-13303,55,45015.65,18,RENT,37000,PERSONAL,60,7.41,826,15.8,19.54,7,0,0,0
APP-13304,53,54847.31,17,RENT,25000,VENTURE,36,13.91,712,14.04,55.13,10,0,0,0
APP-13305,40,57088.54,6,RENT,39000,DEBTCONSOLIDATION,36,13.92,636,12.99,51.26,12,0,0,0
APP-13306,36,102588.64,7,MORTGAGE,22000,PERSONAL,36,12.21,687,13.41,86.28,10,0,0,0
APP-13307,54,48427.62,14,RENT,33000,DEBTCONSOLIDATION,60,9.57,714,20.15,38.65,10,0,0,0
APP-13308,22,108390.43,0,RENT,19000,PERSONAL,36,14.59,709,27.83,62.34,6,1,0,0
APP-13309,55,38084.94,0,RENT,14000,DEBTCONSOLIDATION,36,17.95,626,4.21,30.62,3,0,2,0
APP-13310,60,68523.28,1,OTHER,38000,EDUCATION,60,12.22,770,3.18,57.54,9,0,0,0
APP-13311,48,42454.99,11,RENT,22000,DEBTCONSOLIDATION,36,12.13,729,2.0,82.94,7,0,0,0
APP-13312,67,104597.29,1,RENT,19000,MEDICAL,36,8.58,750,8.8,56.21,7,1,0,0
APP-13313,59,39762.05,4,MORTGAGE,27000,PERSONAL,36,10.41,757,12.54,18.32,15,0,0,0
APP-13314,26,41841.07,12,RENT,6000,PERSONAL,36,8.49,738,21.55,41.25,9,0,0,0
APP-13315,29,31947.49,0,MORTGAGE,6000,DEBTCONSOLIDATION,60,12.56,724,15.87,68.61,9,0,0,0
APP-13316,40,63039.72,2,MORTGAGE,32000,HOMEIMPROVEMENT,36,10.7,717,17.14,50.87,10,0,0,0
APP-13317,21,80460.72,19,RENT,29000,HOMEIMPROVEMENT,36,11.81,700,12.41,62.39,7,0,0,0
APP-13318,28,76234.13,13,MORTGAGE,14000,VENTURE,36,11.81,676,16.69,20.34,10,0,0,0
APP-13319,43,55708.11,5,RENT,12000,HOMEIMPROVEMENT,36,14.47,698,2.91,15.7,7,0,0,0
APP-13320,23,43033.3,0,RENT,2000,DEBTCONSOLIDATION,36,14.57,636,5.28,56.01,9,0,0,0
APP-13321,24,52086.45,11,MORTGAGE,25000,DEBTCONSOLIDATION,36,13.48,741,20.61,56.74,12,0,0,0
APP-13322,45,53089.54,3,RENT,14000,DEBTCONSOLIDATION,60,14.43,658,16.37,7.79,11,2,0,1
APP-13323,67,67934.9,20,RENT,19000,DEBTCONSOLIDATION,60,16.56,656,40.44,51.36,10,0,1,0
APP-13324,58,65639.07,13,RENT,25000,MEDICAL,36,14.01,692,11.34,29.4,14,0,0,0
APP-13325,35,142894.17,20,MORTGAGE,30000,DEBTCONSOLIDATION,60,13.67,696,10.75,70.28,6,0,3,0
APP-13326,41,61072.57,17,OWN,29000,DEBTCONSOLIDATION,36,11.36,696,20.85,23.21,9,0,0,0
APP-13327,55,71711.08,9,RENT,39000,PERSONAL,36,8.87,736,12.58,40.51,8,0,0,0
APP-13328,66,62051.99,13,RENT,23000,DEBTCONSOLIDATION,36,7.95,766,30.59,16.34,10,0,0,0
APP-13329,34,50849.89,16,OWN,21000,VENTURE,60,14.55,641,11.56,36.15,13,0,0,0
APP-13330,56,71470.3,11,MORTGAGE,12000,MEDICAL,36,12.38,673,22.73,41.32,8,0,0,0
APP-13331,32,48517.01,0,MORTGAGE,21000,DEBTCONSOLIDATION,60,14.17,676,29.71,31.17,12,0,0,0
APP-13332,37,58156.41,8,MORTGAGE,14000,EDUCATION,60,13.96,689,31.15,32.11,14,0,0,0
APP-13333,59,106898.41,1,RENT,25000,DEBTCONSOLIDATION,36,12.27,700,6.68,38.77,12,0,0,0
APP-13334,29,46972.63,14,MORTGAGE,25000,DEBTCONSOLIDATION,36,12.6,631,28.44,63.4,11,0,1,0
APP-13335,55,72669.13,13,OWN,18000,EDUCATION,36,13.59,729,42.29,55.68,6,1,0,0
APP-13336,33,18000.0,20,RENT,6000,DEBTCONSOLIDATION,60,10.49,704,4.61,27.1,15,0,0,0
APP-13337,35,54574.83,12,MORTGAGE,31000,PERSONAL,60,15.87,650,14.09,21.66,9,0,0,0
APP-13338,38,46814.14,16,MORTGAGE,15000,HOMEIMPROVEMENT,60,14.27,717,19.12,39.64,18,0,0,0
APP-13339,53,63584.83,4,OWN,16000,DEBTCONSOLIDATION,36,13.7,663,26.27,15.12,14,0,0,0
APP-13340,26,53203.61,6,RENT,10000,DEBTCONSOLIDATION,60,11.07,692,20.89,19.36,6,0,1,0
APP-13341,47,64264.26,19,MORTGAGE,15000,HOMEIMPROVEMENT,36,13.82,644,18.46,55.57,10,0,0,0
APP-13342,43,49546.5,15,RENT,11000,HOMEIMPROVEMENT,60,15.54,735,21.88,56.25,8,0,0,0
APP-13343,47,72632.47,13,RENT,23000,VENTURE,36,13.95,681,14.98,79.63,7,1,0,0
APP-13344,54,25404.43,4,RENT,32000,PERSONAL,60,12.44,707,22.69,59.28,11,0,0,0
APP-13345,66,63304.15,14,MORTGAGE,14000,DEBTCONSOLIDATION,36,11.22,722,26.35,5.52,16,1,0,0
APP-13346,58,37476.16,18,RENT,18000,DEBTCONSOLIDATION,60,11.11,738,10.91,80.75,8,0,1,0
APP-13347,34,107358.96,3,MORTGAGE,2000,MEDICAL,36,10.44,750,32.91,18.75,7,0,0,0
APP-13348,56,37175.05,14,MORTGAGE,15000,HOMEIMPROVEMENT,36,10.56,737,11.32,77.93,12,0,0,0
APP-13349,28,98480.16,7,MORTGAGE,40000,DEBTCONSOLIDATION,36,13.55,703,6.45,30.56,14,1,0,0
APP-13350,55,59529.88,0,RENT,36000,VENTURE,36,14.15,702,20.73,42.22,12,0,0,0
APP-13351,39,23995.43,15,RENT,2000,DEBTCONSOLIDATION,36,12.88,642,26.13,59.36,11,0,0,1
APP-13352,50,38633.16,2,MORTGAGE,28000,DEBTCONSOLIDATION,60,13.76,735,35.65,61.4,10,0,0,0
APP-13353,34,91482.27,4,MORTGAGE,23000,PERSONAL,36,18.49,596,35.21,15.27,12,0,0,0
APP-13354,40,88921.07,16,RENT,35000,MEDICAL,60,11.46,733,9.8,59.88,10,0,1,0
APP-13355,69,31267.19,15,MORTGAGE,10000,PERSONAL,60,18.03,643,8.28,11.26,15,0,0,0
APP-13356,45,130800.41,4,RENT,37000,EDUCATION,60,8.3,776,9.51,44.04,12,0,0,0
APP-13357,60,59143.26,19,MORTGAGE,33000,DEBTCONSOLIDATION,36,11.89,717,9.73,16.25,11,0,0,0
APP-13358,44,93192.53,3,RENT,39000,DEBTCONSOLIDATION,60,14.49,704,19.77,32.03,12,0,0,0
APP-13359,34,32665.65,20,RENT,21000,DEBTCONSOLIDATION,36,12.53,692,13.19,10.22,9,0,0,0
APP-13360,46,47668.47,15,OWN,28000,DEBTCONSOLIDATION,60,8.81,764,5.98,29.08,14,0,0,0
APP-13361,58,73714.3,7,MORTGAGE,4000,DEBTCONSOLIDATION,36,14.83,640,10.98,25.42,10,2,0,0
APP-13362,43,51196.08,1,MORTGAGE,12000,PERSONAL,36,12.83,725,17.7,26.28,11,5,0,0
APP-13363,42,18000.0,5,RENT,25000,DEBTCONSOLIDATION,36,11.57,728,22.71,38.26,6,0,0,0
APP-13364,68,54426.63,2,RENT,30000,DEBTCONSOLIDATION,36,14.62,692,12.78,48.13,8,0,0,0
APP-13365,39,22418.7,12,MORTGAGE,6000,PERSONAL,36,13.78,685,6.58,54.03,10,0,1,0
APP-13366,66,35054.31,6,RENT,34000,DEBTCONSOLIDATION,36,6.75,777,41.89,30.41,10,0,0,0
APP-13367,23,29690.02,4,RENT,9000,HOMEIMPROVEMENT,36,14.31,631,14.92,8.11,14,0,0,0
APP-13368,62,105480.11,15,RENT,20000,EDUCATION,36,16.91,593,43.27,67.08,6,0,0,0
APP-13369,39,123398.91,3,RENT,5000,VENTURE,60,12.41,684,15.3,57.21,10,0,1,0
APP-13370,29,71024.63,11,RENT,36000,DEBTCONSOLIDATION,36,11.81,680,16.85,25.39,13,0,0,0
APP-13371,48,53367.95,2,MORTGAGE,31000,EDUCATION,36,13.53,692,32.63,24.54,12,0,0,1
APP-13372,40,60728.56,14,RENT,6000,VENTURE,36,16.69,655,7.04,6.93,19,0,0,0
APP-13373,65,105443.17,12,MORTGAGE,39000,DEBTCONSOLIDATION,36,13.42,690,9.62,37.56,10,0,0,1
APP-13374,27,22209.73,16,RENT,4000,PERSONAL,36,16.81,603,24.65,29.54,7,0,0,0
APP-13375,34,34977.11,0,MORTGAGE,17000,EDUCATION,36,7.97,827,7.86,47.64,6,0,0,0
APP-13376,29,98915.5,3,RENT,9000,DEBTCONSOLIDATION,36,15.98,625,38.13,77.19,14,0,0,0
APP-13377,39,109769.23,1,RENT,6000,DEBTCONSOLIDATION,36,10.35,721,37.63,47.77,8,0,0,0
APP-13378,67,80407.33,2,RENT,39000,DEBTCONSOLIDATION,36,14.06,684,7.1,52.42,9,4,0,0
APP-13379,34,35508.03,0,RENT,36000,DEBTCONSOLIDATION,36,13.06,690,15.99,34.83,15,5,2,1
APP-13380,58,98201.28,11,MORTGAGE,9000,DEBTCONSOLIDATION,36,14.65,653,32.56,26.34,12,0,0,0
APP-13381,56,118268.93,11,RENT,37000,HOMEIMPROVEMENT,36,12.4,738,43.3,45.65,11,0,0,0
APP-13382,60,85744.32,17,OWN,26000,PERSONAL,36,11.7,669,35.24,48.47,13,0,0,1
APP-13383,37,,7,MORTGAGE,9000,PERSONAL,36,12.88,677,6.99,74.89,12,0,0,0
APP-13384,50,63722.78,10,RENT,22000,PERSONAL,36,15.78,627,19.38,66.11,5,3,0,1
APP-13385,29,80227.37,20,RENT,10000,VENTURE,36,10.41,775,8.08,24.74,13,0,0,0
APP-13386,53,46267.33,10,OWN,33000,EDUCATION,36,11.46,674,19.74,20.97,14,0,1,1
APP-13387,45,65731.82,11,RENT,14000,PERSONAL,36,13.15,653,23.2,64.48,16,0,0,0
APP-13388,34,46317.28,20,MORTGAGE,24000,VENTURE,60,12.68,690,18.83,37.44,7,0,3,0
APP-13389,31,38917.66,20,OWN,9000,DEBTCONSOLIDATION,36,9.43,814,7.06,22.14,12,0,0,0
APP-13390,55,127426.55,7,MORTGAGE,36000,MEDICAL,36,17.42,591,12.63,24.33,9,0,0,0
APP-13391,61,66671.6,12,MORTGAGE,29000,PERSONAL,36,11.68,779,7.73,49.34,6,0,0,0
APP-13392,34,34441.25,9,MORTGAGE,16000,MEDICAL,36,10.56,786,14.15,92.43,10,0,1,0
APP-13393,50,30082.53,14,MORTGAGE,30000,HOMEIMPROVEMENT,36,16.2,683,5.35,1.44,6,0,0,0
APP-13394,61,38929.55,19,RENT,5000,HOMEIMPROVEMENT,60,17.51,549,19.86,28.02,5,0,0,0
APP-13395,24,39034.97,5,RENT,35000,DEBTCONSOLIDATION,60,15.35,670,7.47,39.37,6,0,0,0
APP-13396,24,64425.52,16,MORTGAGE,38000,VENTURE,36,11.43,667,20.27,5.9,12,0,0,0
APP-13397,48,76326.72,13,OWN,25000,DEBTCONSOLIDATION,36,17.29,586,15.96,70.25,7,0,0,0
APP-13398,28,76285.9,4,MORTGAGE,22000,PERSONAL,36,17.01,576,12.7,30.07,5,0,0,0
APP-13399,22,41148.55,16,MORTGAGE,3000,HOMEIMPROVEMENT,36,10.06,758,13.52,33.4,8,0,0,0
APP-13400,61,94874.99,7,RENT,8000,MEDICAL,36,11.41,724,41.76,18.56,8,0,3,0
APP-13401,66,110627.3,1,MORTGAGE,12000,PERSONAL,60,15.18,620,31.56,31.75,12,0,1,0
APP-13402,42,52576.17,20,RENT,13000,DEBTCONSOLIDATION,36,12.85,701,11.01,36.86,6,0,0,0
APP-13403,61,35737.81,7,MORTGAGE,5000,VENTURE,36,15.62,604,6.97,9.68,11,0,0,0
APP-13404,36,62952.85,10,OWN,36000,VENTURE,36,17.18,604,23.31,43.74,6,0,0,1
APP-13405,49,176316.88,16,RENT,27000,DEBTCONSOLIDATION,36,12.15,654,15.51,49.77,9,0,0,0
APP-13406,69,35272.23,20,OWN,19000,MEDICAL,36,15.1,640,10.24,29.74,10,0,0,0
APP-13407,68,46024.0,18,OWN,38000,EDUCATION,60,14.06,669,23.06,59.38,9,0,0,0
APP-13408,50,61618.48,10,OWN,17000,PERSONAL,60,12.74,684,7.06,53.3,12,0,0,0
APP-13409,32,78498.28,10,MORTGAGE,13000,DEBTCONSOLIDATION,60,15.3,641,14.15,13.56,14,0,0,0
APP-13410,55,22185.85,4,RENT,38000,MEDICAL,60,9.17,723,11.55,27.43,5,5,0,0
APP-13411,31,115029.49,8,MORTGAGE,20000,DEBTCONSOLIDATION,60,10.56,748,15.66,12.61,5,0,0,0
APP-13412,66,114250.19,19,RENT,16000,HOMEIMPROVEMENT,36,15.44,599,28.47,40.37,4,0,1,0
APP-13413,41,48416.85,14,RENT,23000,PERSONAL,60,10.06,798,25.36,47.93,7,0,0,0
APP-13414,41,231725.59,0,OWN,21000,EDUCATION,36,14.47,665,33.27,57.24,9,0,0,0
APP-13415,25,110619.61,0,MORTGAGE,14000,MEDICAL,36,13.55,688,27.69,58.25,10,0,0,0
APP-13416,68,107712.94,19,RENT,24000,VENTURE,36,14.16,680,14.19,22.31,8,1,0,0
APP-13417,40,108420.95,17,RENT,32000,DEBTCONSOLIDATION,36,9.22,712,16.46,12.27,12,0,0,0
APP-13418,57,106868.89,9,MORTGAGE,27000,HOMEIMPROVEMENT,36,12.85,704,19.98,35.78,5,0,0,0
APP-13419,23,59221.82,12,MORTGAGE,33000,PERSONAL,36,13.77,717,5.29,12.83,16,0,0,0
APP-13420,64,56360.28,4,RENT,22000,DEBTCONSOLIDATION,60,16.87,583,6.05,19.66,15,0,0,0
APP-13421,53,37354.74,16,RENT,18000,VENTURE,36,8.3,810,13.14,62.79,10,0,0,0
APP-13422,29,44860.55,11,MORTGAGE,30000,DEBTCONSOLIDATION,36,10.4,756,8.62,50.53,8,0,0,0
APP-13423,29,51254.11,14,RENT,30000,PERSONAL,36,15.59,605,7.46,24.8,13,0,0,1
APP-13424,24,61866.25,6,RENT,23000,PERSONAL,36,13.81,666,17.59,46.33,3,0,0,0
APP-13425,55,133138.87,8,MORTGAGE,20000,VENTURE,36,17.45,544,12.88,55.38,6,0,0,0
APP-13426,37,20926.1,2,MORTGAGE,15000,PERSONAL,36,19.4,588,18.88,45.05,8,0,0,0
APP-13427,54,117297.31,19,MORTGAGE,40000,HOMEIMPROVEMENT,36,13.16,676,31.23,46.26,15,3,0,1
APP-13428,44,36100.5,19,MORTGAGE,24000,PERSONAL,60,13.01,717,9.36,50.75,14,0,1,0
APP-13429,52,56825.48,16,MORTGAGE,3000,PERSONAL,60,10.73,740,7.76,11.29,5,0,0,0
APP-13430,21,41681.02,19,OWN,33000,DEBTCONSOLIDATION,36,15.57,608,11.59,12.59,5,1,0,0
APP-13431,28,151317.94,13,MORTGAGE,39000,DEBTCONSOLIDATION,60,9.67,808,23.9,25.44,6,0,0,0
APP-13432,65,46631.01,3,MORTGAGE,34000,HOMEIMPROVEMENT,36,11.7,731,6.78,33.51,10,0,0,0
APP-13433,43,77708.81,15,RENT,8000,DEBTCONSOLIDATION,36,15.62,613,7.36,56.86,7,0,0,0
APP-13434,67,79748.51,5,MORTGAGE,35000,DEBTCONSOLIDATION,36,12.0,701,16.66,56.87,20,0,0,0
APP-13435,60,33523.32,8,OWN,5000,MEDICAL,36,13.98,665,43.72,14.54,10,1,0,0
APP-13436,32,57046.09,4,RENT,24000,DEBTCONSOLIDATION,36,15.64,615,8.86,3.95,16,0,2,0
APP-13437,32,109334.05,7,MORTGAGE,21000,DEBTCONSOLIDATION,36,12.8,658,12.6,53.83,7,0,0,0
APP-13438,66,38691.79,13,RENT,23000,HOMEIMPROVEMENT,36,13.58,687,13.69,64.19,14,0,0,0
APP-13439,67,90624.77,0,RENT,30000,PERSONAL,36,17.2,593,33.7,12.83,9,0,0,0
APP-13440,35,50739.5,0,MORTGAGE,38000,PERSONAL,36,14.96,674,13.17,37.26,11,0,0,0
APP-13441,61,107133.07,13,RENT,4000,DEBTCONSOLIDATION,60,12.4,717,5.64,31.21,11,0,0,0
APP-13442,39,143450.95,15,RENT,23000,HOMEIMPROVEMENT,36,10.44,751,25.9,75.08,7,1,0,0
APP-13443,46,21940.29,10,MORTGAGE,21000,DEBTCONSOLIDATION,36,10.08,719,18.21,31.88,6,0,0,1
APP-13444,49,30666.69,2,MORTGAGE,26000,HOMEIMPROVEMENT,36,13.04,661,21.2,69.43,6,0,0,0
APP-13445,42,48085.94,8,MORTGAGE,35000,PERSONAL,36,13.45,689,12.59,16.18,10,0,0,0
APP-13446,60,124581.1,15,OWN,30000,VENTURE,36,11.05,708,6.35,15.26,9,0,0,0
APP-13447,41,78138.1,13,MORTGAGE,11000,DEBTCONSOLIDATION,60,8.97,704,11.95,83.38,8,0,0,0
APP-13448,58,32132.53,0,MORTGAGE,40000,DEBTCONSOLIDATION,36,14.26,686,20.0,36.11,7,0,1,0
APP-13449,40,84074.63,20,MORTGAGE,38000,VENTURE,36,13.0,684,17.93,11.96,11,0,0,0
APP-13450,49,37916.16,3,MORTGAGE,21000,VENTURE,36,13.67,658,17.68,64.46,11,0,0,0
APP-13451,24,92527.94,3,RENT,39000,EDUCATION,60,12.01,689,14.25,24.86,9,0,0,0
APP-13452,27,78392.42,8,RENT,24000,DEBTCONSOLIDATION,36,13.78,670,25.83,43.18,5,3,0,0
APP-13453,48,37833.27,5,OWN,12000,PERSONAL,36,15.25,619,25.39,15.22,13,1,1,1
APP-13454,48,57931.86,20,RENT,9000,DEBTCONSOLIDATION,36,10.49,734,33.95,74.94,8,0,0,1
APP-13455,24,,0,RENT,30000,EDUCATION,60,13.91,704,17.6,24.88,7,0,0,0
APP-13456,42,23248.16,5,RENT,37000,DEBTCONSOLIDATION,36,12.25,651,16.73,40.91,11,1,0,1
APP-13457,32,69602.41,6,OWN,26000,MEDICAL,36,10.5,677,43.7,28.05,9,1,0,0
APP-13458,65,34425.41,9,RENT,40000,HOMEIMPROVEMENT,60,14.09,694,14.3,24.89,11,0,1,0
APP-13459,23,59391.49,0,MORTGAGE,35000,MEDICAL,60,11.57,733,7.18,5.42,9,0,0,0
APP-13460,42,75273.33,0,RENT,33000,DEBTCONSOLIDATION,60,12.39,669,5.7,22.49,8,4,0,0
APP-13461,64,163829.98,4,MORTGAGE,24000,DEBTCONSOLIDATION,60,11.57,690,12.0,18.94,8,0,0,0
APP-13462,22,59092.02,10,MORTGAGE,22000,DEBTCONSOLIDATION,36,9.69,775,11.75,51.31,11,0,0,0
APP-13463,44,124587.41,15,RENT,20000,PERSONAL,60,20.37,490,12.98,15.05,5,0,0,0
APP-13464,54,39330.32,13,OWN,26000,MEDICAL,60,16.29,633,18.83,29.97,10,0,0,0
APP-13465,47,46746.28,11,MORTGAGE,24000,PERSONAL,36,12.78,714,12.82,2.38,14,0,0,0
APP-13466,61,80300.35,7,RENT,20000,PERSONAL,36,10.27,744,37.05,32.43,8,0,0,0
APP-13467,21,66229.45,18,RENT,6000,DEBTCONSOLIDATION,36,15.12,624,18.15,57.23,10,0,0,0
APP-13468,28,50807.06,8,RENT,20000,PERSONAL,36,15.54,634,17.15,58.94,13,0,0,0
APP-13469,43,50123.38,5,OWN,36000,HOMEIMPROVEMENT,60,14.97,692,63.07,17.39,7,1,0,0
APP-13470,58,116616.64,12,RENT,13000,PERSONAL,36,16.71,590,24.93,32.2,7,0,0,0
APP-13471,26,51832.82,14,RENT,40000,DEBTCONSOLIDATION,60,13.6,679,18.97,14.19,12,0,0,0
APP-13472,42,35938.89,7,MORTGAGE,26000,PERSONAL,60,12.38,680,13.0,27.13,8,1,0,0
APP-13473,45,39048.6,0,RENT,6000,DEBTCONSOLIDATION,60,13.06,677,21.52,70.02,10,0,0,0
APP-13474,38,83696.34,0,RENT,13000,EDUCATION,36,15.39,632,12.21,29.35,8,1,0,0
APP-13475,37,185027.77,17,MORTGAGE,28000,PERSONAL,36,14.08,655,23.21,25.0,7,1,0,0
APP-13476,32,46074.21,0,RENT,5000,PERSONAL,60,16.62,584,16.72,29.47,4,1,0,0
APP-13477,26,175310.29,11,MORTGAGE,20000,VENTURE,36,13.55,614,9.71,10.66,16,5,0,0
APP-13478,46,59550.48,2,OWN,25000,DEBTCONSOLIDATION,36,13.77,668,10.75,10.67,10,0,0,0
APP-13479,47,52056.97,3,RENT,29000,DEBTCONSOLIDATION,60,13.39,726,11.81,14.21,7,0,0,0
APP-13480,28,37981.77,4,MORTGAGE,34000,MEDICAL,36,14.37,703,16.64,28.41,8,5,0,0
APP-13481,39,54230.19,0,MORTGAGE,36000,PERSONAL,36,13.26,731,20.54,22.25,8,0,0,0
APP-13482,62,41024.7,2,MORTGAGE,17000,DEBTCONSOLIDATION,60,10.21,709,7.27,54.9,13,0,0,0
APP-13483,21,39411.37,13,RENT,13000,DEBTCONSOLIDATION,36,11.27,773,24.88,57.92,14,0,0,0
APP-13484,49,26212.06,9,RENT,17000,PERSONAL,36,15.68,643,29.12,29.73,6,0,0,0
APP-13485,65,144792.7,16,MORTGAGE,12000,HOMEIMPROVEMENT,36,14.84,717,10.23,18.65,5,0,0,0
APP-13486,69,101945.43,0,RENT,29000,PERSONAL,36,12.86,705,20.55,10.01,11,0,0,0
APP-13487,55,68583.01,18,MORTGAGE,24000,DEBTCONSOLIDATION,36,13.2,692,7.46,69.25,4,0,0,0
APP-13488,60,55714.29,20,MORTGAGE,18000,VENTURE,36,14.43,655,18.6,33.5,7,0,0,0
APP-13489,34,59707.32,0,RENT,20000,DEBTCONSOLIDATION,36,17.75,645,14.69,23.88,11,0,0,0
APP-13490,55,40600.9,20,MORTGAGE,12000,HOMEIMPROVEMENT,36,13.41,665,13.74,34.58,11,0,0,0
APP-13491,68,33964.61,3,MORTGAGE,5000,PERSONAL,36,17.41,608,7.55,51.01,15,1,0,0
APP-13492,65,85708.48,14,RENT,11000,DEBTCONSOLIDATION,36,14.91,615,3.34,23.23,15,0,0,0
APP-13493,40,52516.81,4,MORTGAGE,20000,MEDICAL,36,12.84,687,16.81,10.01,10,0,0,0
APP-13494,69,70464.75,10,RENT,37000,VENTURE,60,12.68,687,18.23,76.69,10,0,0,0
APP-13495,33,26076.26,9,MORTGAGE,40000,DEBTCONSOLIDATION,60,11.93,682,17.4,19.22,7,0,0,1
APP-13496,58,51138.13,6,MORTGAGE,23000,HOMEIMPROVEMENT,36,17.54,601,14.17,50.06,16,0,0,1
APP-13497,69,33634.92,14,MORTGAGE,3000,VENTURE,36,18.2,600,19.66,44.11,10,0,0,0
APP-13498,66,76269.46,11,RENT,34000,EDUCATION,36,15.97,653,23.4,92.13,8,0,0,0
APP-13499,69,98482.97,9,RENT,28000,HOMEIMPROVEMENT,36,8.9,808,16.53,61.41,11,0,0,0
APP-13500,28,124225.0,20,OWN,20000,HOMEIMPROVEMENT,36,16.99,631,7.03,50.53,12,0,0,0
APP-13501,63,43717.78,19,MORTGAGE,5000,HOMEIMPROVEMENT,36,9.46,731,8.89,58.06,8,0,0,0
APP-13502,40,34065.84,19,MORTGAGE,20000,DEBTCONSOLIDATION,36,15.84,661,13.66,18.6,11,0,0,0
APP-13503,53,48567.18,18,OWN,26000,PERSONAL,36,17.28,616,11.03,46.76,7,0,0,0
APP-13504,46,42207.09,4,MORTGAGE,7000,VENTURE,60,14.39,688,2.98,70.41,8,0,0,0
APP-13505,59,74281.46,6,RENT,14000,DEBTCONSOLIDATION,60,15.35,643,7.07,39.02,12,1,0,1
APP-13506,41,29691.29,3,OWN,23000,PERSONAL,36,13.9,698,25.26,11.11,6,0,0,0
APP-13507,69,24904.47,20,OWN,5000,MEDICAL,60,12.95,696,10.72,50.77,8,0,0,0
APP-13508,62,50351.11,1,RENT,3000,DEBTCONSOLIDATION,36,17.62,572,40.9,20.11,10,0,0,0
APP-13509,63,86099.0,6,MORTGAGE,4000,DEBTCONSOLIDATION,60,11.59,720,8.02,60.96,13,0,0,0
APP-13510,61,35820.36,2,OWN,31000,DEBTCONSOLIDATION,36,14.7,631,12.85,43.46,10,0,0,1
APP-13511,29,91542.32,3,RENT,5000,PERSONAL,36,11.13,701,36.12,25.38,12,0,0,0
APP-13512,44,71873.93,3,RENT,30000,VENTURE,36,10.57,694,12.29,34.54,8,0,0,0
APP-13513,57,129754.28,12,MORTGAGE,34000,PERSONAL,36,13.2,765,30.3,22.72,12,0,0,0
APP-13514,69,40089.62,0,RENT,14000,DEBTCONSOLIDATION,36,11.88,687,8.22,36.35,13,0,0,0
APP-13515,61,26816.27,11,MORTGAGE,40000,DEBTCONSOLIDATION,60,11.18,704,6.43,63.33,9,0,0,0
APP-13516,37,80762.73,16,MORTGAGE,33000,MEDICAL,36,17.48,611,15.89,79.36,16,1,0,0
APP-13517,44,68867.34,15,RENT,29000,PERSONAL,36,13.93,764,11.64,66.9,7,0,0,0
APP-13518,41,66253.86,1,OWN,38000,MEDICAL,36,13.77,716,9.77,32.93,10,0,0,0
APP-13519,59,35457.36,19,RENT,29000,VENTURE,60,14.94,653,14.41,50.97,5,0,2,0
APP-13520,61,88218.79,15,RENT,28000,PERSONAL,60,9.23,756,10.21,21.84,9,0,0,0
APP-13521,59,43620.7,0,RENT,26000,HOMEIMPROVEMENT,36,13.62,730,2.18,48.8,6,0,0,0
APP-13522,33,66239.37,15,MORTGAGE,31000,HOMEIMPROVEMENT,36,13.61,672,19.5,39.47,13,2,0,0
APP-13523,31,47582.29,15,RENT,7000,HOMEIMPROVEMENT,60,14.36,576,32.9,84.57,15,2,1,1
APP-13524,66,71481.27,9,RENT,31000,DEBTCONSOLIDATION,36,12.1,696,19.58,34.31,12,0,0,0
APP-13525,39,32939.73,0,OWN,10000,DEBTCONSOLIDATION,36,14.93,673,19.09,40.79,9,3,1,0
APP-13526,31,76867.55,11,OTHER,7000,HOMEIMPROVEMENT,36,7.77,798,5.84,23.76,10,0,0,0
APP-13527,33,83182.7,15,RENT,30000,VENTURE,60,13.19,714,28.39,47.83,15,0,0,0
APP-13528,66,63448.83,4,RENT,24000,PERSONAL,36,13.9,620,14.03,44.2,16,1,0,0
APP-13529,65,136209.36,13,MORTGAGE,7000,DEBTCONSOLIDATION,36,9.65,744,13.65,82.12,7,0,0,0
APP-13530,21,66408.49,6,MORTGAGE,23000,VENTURE,36,16.08,632,15.36,71.41,11,0,1,0
APP-13531,60,94785.99,11,OWN,3000,HOMEIMPROVEMENT,36,12.03,684,18.98,9.35,10,0,1,0
APP-13532,64,62705.75,7,RENT,32000,DEBTCONSOLIDATION,36,14.18,685,10.19,73.03,12,1,0,0
APP-13533,39,90644.4,5,RENT,7000,PERSONAL,60,12.09,639,16.04,23.72,8,0,3,1
APP-13534,32,27815.48,17,MORTGAGE,6000,EDUCATION,36,16.19,577,10.85,21.33,11,0,0,0
APP-13535,28,60868.58,15,MORTGAGE,21000,HOMEIMPROVEMENT,36,12.79,724,54.97,42.29,9,0,0,0
APP-13536,28,34082.26,6,MORTGAGE,13000,DEBTCONSOLIDATION,36,15.45,700,19.0,42.94,10,0,0,0
APP-13537,65,64229.22,8,OWN,39000,DEBTCONSOLIDATION,36,15.66,660,12.88,65.92,11,0,1,0
APP-13538,32,72554.72,13,MORTGAGE,39000,DEBTCONSOLIDATION,36,15.2,619,22.93,21.57,11,0,0,0
APP-13539,68,89657.2,16,RENT,9000,VENTURE,36,11.9,759,7.45,43.72,7,0,1,0
APP-13540,53,76493.03,13,MORTGAGE,34000,HOMEIMPROVEMENT,36,14.63,640,13.98,28.74,11,2,0,1
APP-13541,65,50593.25,10,RENT,40000,MEDICAL,36,16.37,636,31.48,89.28,11,0,0,1
APP-13542,46,41076.94,19,MORTGAGE,32000,DEBTCONSOLIDATION,36,15.78,647,24.4,20.77,11,1,0,0
APP-13543,59,18559.52,15,OWN,4000,DEBTCONSOLIDATION,36,15.9,701,17.96,46.1,9,0,0,0
APP-13544,48,61971.28,0,MORTGAGE,20000,HOMEIMPROVEMENT,60,14.51,676,16.05,9.96,8,0,0,0
APP-13545,25,105760.34,10,RENT,9000,DEBTCONSOLIDATION,60,7.29,822,7.9,22.97,15,0,0,0
APP-13546,28,63208.67,7,RENT,31000,HOMEIMPROVEMENT,60,10.78,758,33.2,77.02,9,4,0,0
APP-13547,45,57389.93,16,RENT,32000,HOMEIMPROVEMENT,60,15.22,591,7.0,28.06,4,1,1,1
APP-13548,47,64313.74,0,RENT,30000,DEBTCONSOLIDATION,36,11.15,697,11.26,48.51,11,0,0,0
APP-13549,66,49322.98,7,MORTGAGE,7000,EDUCATION,36,10.3,753,4.06,42.23,8,0,0,0
APP-13550,43,66004.88,5,MORTGAGE,3000,VENTURE,60,12.61,701,12.89,76.27,12,0,0,0
APP-13551,50,48899.29,1,MORTGAGE,24000,DEBTCONSOLIDATION,36,14.81,618,32.99,78.65,11,0,0,1
APP-13552,65,38198.8,6,RENT,31000,PERSONAL,60,8.84,731,16.17,55.41,14,0,0,0
APP-13553,67,57661.83,13,RENT,39000,HOMEIMPROVEMENT,36,10.82,685,10.12,48.27,7,0,0,0
APP-13554,43,57036.6,6,RENT,40000,DEBTCONSOLIDATION,36,14.48,662,15.16,22.81,14,0,0,0
APP-13555,69,152906.98,11,RENT,10000,DEBTCONSOLIDATION,36,10.59,695,6.57,48.43,15,0,0,0
APP-13556,67,40020.82,11,MORTGAGE,8000,HOMEIMPROVEMENT,36,13.67,695,22.09,34.9,12,0,0,0
APP-13557,40,55286.23,11,MORTGAGE,16000,DEBTCONSOLIDATION,36,17.34,627,15.97,47.07,12,0,1,0
APP-13558,38,52662.94,10,OWN,16000,EDUCATION,36,15.58,594,13.25,32.93,9,0,0,0
APP-13559,38,47865.9,0,MORTGAGE,22000,DEBTCONSOLIDATION,60,7.65,821,18.99,50.71,8,0,0,0
APP-13560,22,77385.34,3,MORTGAGE,15000,DEBTCONSOLIDATION,36,15.42,649,11.05,42.62,9,0,0,0
APP-13561,24,183318.71,16,RENT,12000,DEBTCONSOLIDATION,36,12.85,676,14.59,64.81,10,0,0,0
APP-13562,50,51000.28,9,RENT,12000,HOMEIMPROVEMENT,36,10.83,709,12.55,18.66,11,0,0,0
APP-13563,53,77493.34,14,MORTGAGE,21000,DEBTCONSOLIDATION,36,11.29,717,51.67,85.75,13,0,0,0
APP-13564,56,23012.99,11,MORTGAGE,14000,MEDICAL,60,13.0,670,9.38,25.44,11,0,0,0
APP-13565,38,49179.65,0,MORTGAGE,31000,DEBTCONSOLIDATION,36,13.76,692,18.6,39.85,12,0,0,0
APP-13566,57,130303.36,16,RENT,40000,MEDICAL,60,10.55,720,18.12,43.51,9,2,0,0
APP-13567,39,58250.61,0,OTHER,21000,DEBTCONSOLIDATION,60,15.34,656,30.86,54.17,14,0,0,0
APP-13568,67,76969.92,19,RENT,39000,PERSONAL,60,15.99,636,28.86,33.93,2,0,0,0
APP-13569,48,43854.14,3,RENT,9000,HOMEIMPROVEMENT,36,12.74,652,41.21,53.29,9,2,0,0
APP-13570,60,68103.14,9,MORTGAGE,38000,HOMEIMPROVEMENT,36,9.9,813,10.22,60.66,9,0,0,0
APP-13571,40,135454.1,0,RENT,34000,PERSONAL,36,8.31,723,10.32,11.29,8,0,0,0
APP-13572,69,33522.04,18,MORTGAGE,27000,VENTURE,60,13.29,640,33.95,40.78,8,0,0,0
APP-13573,53,178665.61,20,RENT,40000,PERSONAL,60,10.25,703,15.39,16.87,13,1,0,0
APP-13574,32,27640.24,1,MORTGAGE,9000,DEBTCONSOLIDATION,36,14.77,688,32.2,29.25,9,0,0,0
APP-13575,35,46969.28,4,RENT,19000,HOMEIMPROVEMENT,36,11.74,738,15.17,20.3,7,0,0,0
APP-13576,61,39420.51,0,RENT,40000,MEDICAL,36,8.19,805,4.4,21.55,6,0,0,0
APP-13577,59,52248.66,16,MORTGAGE,15000,HOMEIMPROVEMENT,36,15.05,660,38.87,81.08,9,0,0,0
APP-13578,22,39165.38,5,RENT,19000,DEBTCONSOLIDATION,36,13.79,660,16.97,68.88,8,0,0,0
APP-13579,49,37708.48,11,RENT,22000,VENTURE,60,16.2,691,46.04,38.61,12,0,0,1
APP-13580,61,33078.1,0,MORTGAGE,24000,VENTURE,36,15.51,663,11.9,43.21,10,0,0,0
APP-13581,30,82621.63,14,OWN,5000,DEBTCONSOLIDATION,60,16.62,646,27.71,23.03,7,0,0,0
APP-13582,22,53157.85,10,RENT,11000,DEBTCONSOLIDATION,36,8.75,757,17.14,13.24,9,0,0,0
APP-13583,31,46641.44,14,RENT,12000,DEBTCONSOLIDATION,36,18.16,624,15.58,34.65,12,0,0,0
APP-13584,33,68949.42,16,MORTGAGE,21000,DEBTCONSOLIDATION,36,12.66,666,15.09,62.47,13,0,0,0
APP-13585,30,28358.5,0,MORTGAGE,20000,VENTURE,60,6.48,794,63.78,30.86,9,0,0,0
APP-13586,34,69785.83,11,OTHER,2000,DEBTCONSOLIDATION,36,14.55,621,9.47,46.71,7,0,0,0
APP-13587,38,57131.75,13,RENT,32000,DEBTCONSOLIDATION,36,15.18,664,25.18,21.41,13,0,0,0
APP-13588,29,58016.4,10,MORTGAGE,3000,DEBTCONSOLIDATION,36,12.32,695,8.6,46.93,12,0,0,0
APP-13589,59,77620.23,2,RENT,6000,DEBTCONSOLIDATION,36,14.16,659,10.23,66.47,9,0,2,1
APP-13590,48,136183.97,16,RENT,35000,EDUCATION,36,12.03,670,4.19,44.18,14,0,0,0
APP-13591,23,70367.54,20,RENT,5000,DEBTCONSOLIDATION,36,17.6,561,14.36,19.28,5,0,0,1
APP-13592,40,54179.76,20,RENT,28000,DEBTCONSOLIDATION,36,12.84,707,33.09,33.1,10,0,0,0
APP-13593,26,33146.02,15,MORTGAGE,40000,MEDICAL,36,11.2,731,7.54,36.75,12,0,0,0
APP-13594,47,18116.73,7,RENT,4000,HOMEIMPROVEMENT,36,13.93,653,14.02,48.35,13,0,0,1
APP-13595,22,63827.67,5,OWN,27000,HOMEIMPROVEMENT,36,11.69,721,20.15,45.16,8,0,0,0
APP-13596,49,31894.32,0,MORTGAGE,2000,DEBTCONSOLIDATION,36,13.48,670,9.7,52.8,9,0,0,0
APP-13597,58,18000.0,7,RENT,17000,PERSONAL,36,11.47,781,16.62,16.34,9,0,0,0
APP-13598,23,50239.9,1,MORTGAGE,36000,VENTURE,36,19.45,552,26.69,48.32,11,0,0,0
APP-13599,36,67490.42,4,OWN,20000,HOMEIMPROVEMENT,36,15.34,676,14.62,68.31,9,0,1,0
APP-13600,50,86868.6,18,MORTGAGE,17000,DEBTCONSOLIDATION,36,9.06,777,2.42,3.12,13,0,0,0
APP-13601,60,101785.75,20,RENT,34000,DEBTCONSOLIDATION,60,9.62,725,8.2,45.57,14,0,0,0
APP-13602,22,92767.91,19,RENT,32000,MEDICAL,36,14.08,629,4.77,52.06,2,0,0,0
APP-13603,37,94022.32,2,RENT,23000,EDUCATION,36,13.93,636,9.81,43.94,15,4,0,0
APP-13604,61,28737.7,18,MORTGAGE,21000,HOMEIMPROVEMENT,60,12.68,634,14.8,55.5,6,0,1,0
APP-13605,32,55559.08,1,RENT,7000,HOMEIMPROVEMENT,60,11.0,750,12.07,49.35,10,0,0,0
APP-13606,55,80010.87,9,MORTGAGE,36000,PERSONAL,60,9.57,800,37.22,61.67,11,1,0,0
APP-13607,63,61278.68,12,RENT,40000,EDUCATION,36,12.17,656,11.48,26.93,9,0,0,0
APP-13608,21,55405.01,8,MORTGAGE,4000,HOMEIMPROVEMENT,36,8.47,755,12.16,53.36,11,0,0,0
APP-13609,65,60721.01,19,RENT,33000,DEBTCONSOLIDATION,36,10.79,727,23.66,27.65,8,0,0,0
APP-13610,35,67694.96,5,RENT,14000,DEBTCONSOLIDATION,60,14.45,696,44.03,18.76,5,0,0,0
APP-13611,46,57615.86,10,RENT,15000,EDUCATION,36,11.41,650,7.18,36.51,11,0,0,0
APP-13612,57,39216.79,0,MORTGAGE,9000,MEDICAL,60,14.67,673,16.31,74.86,7,0,0,0
APP-13613,41,25554.99,17,MORTGAGE,20000,PERSONAL,36,11.28,740,20.97,44.37,11,0,0,0
APP-13614,69,54067.39,7,MORTGAGE,15000,DEBTCONSOLIDATION,36,9.85,649,36.72,20.18,8,0,0,0
APP-13615,51,61619.98,14,RENT,12000,PERSONAL,36,10.18,740,33.43,10.97,8,0,0,0
APP-13616,45,61284.96,13,OWN,36000,VENTURE,36,13.1,652,36.66,51.5,15,0,0,0
APP-13617,43,96419.19,13,MORTGAGE,37000,DEBTCONSOLIDATION,60,14.7,661,2.0,33.19,10,0,0,0
APP-13618,44,105377.37,9,RENT,4000,VENTURE,36,11.8,693,23.9,15.12,11,1,0,0
APP-13619,58,56839.6,4,RENT,26000,PERSONAL,60,15.1,606,18.57,24.66,11,0,0,0
APP-13620,48,57043.4,12,RENT,14000,PERSONAL,60,12.16,670,24.32,28.11,13,0,0,0
APP-13621,41,79743.0,20,RENT,17000,PERSONAL,36,11.98,743,12.09,64.33,10,3,0,0
APP-13622,63,74107.66,17,RENT,29000,HOMEIMPROVEMENT,36,12.25,639,6.38,39.3,8,0,0,0
APP-13623,38,47988.7,0,MORTGAGE,28000,DEBTCONSOLIDATION,60,10.21,739,3.32,35.03,10,0,0,0
APP-13624,56,83241.97,0,MORTGAGE,11000,HOMEIMPROVEMENT,36,13.62,640,4.36,16.58,13,0,0,0
APP-13625,55,55648.63,9,RENT,19000,DEBTCONSOLIDATION,36,8.85,784,13.33,10.13,13,0,0,0
APP-13626,65,56243.44,15,RENT,9000,VENTURE,60,5.06,850,16.49,35.81,8,0,0,0
APP-13627,29,74369.92,5,RENT,8000,VENTURE,36,15.66,599,12.99,73.29,8,0,0,0
APP-13628,58,51504.1,14,OWN,23000,DEBTCONSOLIDATION,36,14.21,628,13.11,71.8,8,0,0,0
APP-13629,50,62776.51,19,RENT,39000,DEBTCONSOLIDATION,36,9.76,738,27.36,70.68,10,0,0,0
APP-13630,64,69478.47,8,RENT,10000,HOMEIMPROVEMENT,60,12.52,693,19.38,45.29,5,1,0,0
APP-13631,54,90092.24,3,RENT,40000,PERSONAL,36,15.16,641,6.97,24.07,12,1,0,0
APP-13632,52,87035.41,19,MORTGAGE,30000,MEDICAL,36,13.45,644,19.08,48.89,13,0,0,0
APP-13633,23,68426.96,9,RENT,38000,DEBTCONSOLIDATION,36,11.93,668,9.11,51.12,11,2,1,1
APP-13634,23,18000.0,7,MORTGAGE,30000,VENTURE,60,12.38,668,26.09,57.57,21,0,0,0
APP-13635,48,67621.1,6,RENT,29000,DEBTCONSOLIDATION,60,13.67,663,17.73,14.66,14,0,0,0
APP-13636,64,73053.18,7,RENT,22000,VENTURE,36,13.18,645,22.8,78.0,11,0,0,1
APP-13637,35,80859.18,13,RENT,34000,HOMEIMPROVEMENT,60,16.25,575,12.51,40.46,13,0,0,0
APP-13638,61,37122.83,8,OWN,27000,PERSONAL,36,11.46,688,16.2,43.88,13,0,0,0
APP-13639,43,20722.22,5,RENT,39000,MEDICAL,60,10.45,726,13.22,21.11,6,1,0,0
APP-13640,60,89597.71,15,MORTGAGE,16000,MEDICAL,60,12.12,695,27.56,9.4,14,0,0,0
APP-13641,31,32459.12,2,RENT,3000,MEDICAL,36,11.13,741,6.88,11.76,10,0,0,0
APP-13642,68,110313.85,2,RENT,13000,PERSONAL,36,10.93,705,2.59,30.47,10,0,0,0
APP-13643,52,44831.85,14,MORTGAGE,34000,PERSONAL,60,12.05,674,26.58,15.01,6,1,0,0
APP-13644,56,35825.44,17,RENT,16000,DEBTCONSOLIDATION,36,13.12,692,9.19,35.57,10,0,0,0
APP-13645,53,71311.36,3,RENT,2000,DEBTCONSOLIDATION,36,14.92,671,24.36,26.16,12,0,1,0
APP-13646,44,81477.98,2,RENT,34000,PERSONAL,36,11.77,644,13.22,53.27,10,0,0,0
APP-13647,59,79085.83,13,RENT,5000,DEBTCONSOLIDATION,36,16.54,573,12.72,55.25,6,0,0,0
APP-13648,54,76941.85,12,RENT,29000,DEBTCONSOLIDATION,60,11.85,718,27.54,25.47,11,1,0,0
APP-13649,48,42028.57,8,RENT,15000,DEBTCONSOLIDATION,36,11.99,661,23.93,28.28,13,1,0,0
APP-13650,57,27904.55,0,RENT,13000,DEBTCONSOLIDATION,36,16.87,590,22.47,60.08,7,0,0,0
APP-13651,27,49274.79,0,MORTGAGE,7000,PERSONAL,36,9.5,708,19.99,51.53,4,0,0,0
APP-13652,24,33763.85,15,MORTGAGE,21000,HOMEIMPROVEMENT,60,18.52,536,47.28,26.35,8,0,0,0
APP-13653,57,74330.33,8,RENT,22000,HOMEIMPROVEMENT,60,13.65,686,18.43,17.24,15,0,0,0
APP-13654,21,92700.01,17,MORTGAGE,17000,PERSONAL,36,11.78,735,23.94,49.97,9,0,0,0
APP-13655,21,65273.95,11,RENT,13000,PERSONAL,60,10.15,737,9.28,29.37,8,1,0,0
APP-13656,67,59845.86,12,MORTGAGE,21000,PERSONAL,36,16.11,584,6.8,40.93,9,0,1,0
APP-13657,40,51266.03,19,MORTGAGE,34000,DEBTCONSOLIDATION,60,14.74,672,9.46,50.64,13,0,0,0
APP-13658,39,97750.6,2,MORTGAGE,3000,HOMEIMPROVEMENT,36,11.73,688,11.73,30.81,9,0,0,0
APP-13659,49,23974.97,10,MORTGAGE,35000,HOMEIMPROVEMENT,36,13.48,671,8.44,23.85,10,0,0,0
APP-13660,30,32758.72,0,RENT,27000,DEBTCONSOLIDATION,36,8.21,791,19.29,22.69,11,0,0,0
APP-13661,38,149248.3,6,RENT,34000,HOMEIMPROVEMENT,36,9.65,779,10.94,30.5,5,0,0,0
APP-13662,48,31968.95,1,MORTGAGE,31000,MEDICAL,36,11.0,684,17.4,92.18,9,0,0,0
APP-13663,55,78082.28,2,RENT,2000,PERSONAL,36,9.1,755,16.84,20.64,8,0,0,0
APP-13664,63,86542.86,19,RENT,9000,DEBTCONSOLIDATION,36,14.71,650,7.2,22.71,11,1,1,0
APP-13665,67,22853.84,12,RENT,2000,DEBTCONSOLIDATION,60,11.47,713,16.9,58.72,12,0,0,1
APP-13666,51,25155.98,18,RENT,11000,DEBTCONSOLIDATION,60,15.92,670,13.22,32.57,8,0,0,0
APP-13667,47,112685.63,8,MORTGAGE,33000,DEBTCONSOLIDATION,36,10.87,782,32.18,21.39,7,0,0,0
APP-13668,31,36810.12,11,RENT,3000,DEBTCONSOLIDATION,36,13.4,742,21.44,58.97,9,0,0,0
APP-13669,69,37316.25,0,RENT,32000,PERSONAL,36,11.6,720,11.99,46.53,7,0,0,0
APP-13670,69,46145.83,8,OWN,5000,PERSONAL,60,9.65,738,24.25,52.25,8,0,0,0
APP-13671,58,36855.46,11,RENT,13000,HOMEIMPROVEMENT,36,12.29,618,6.83,49.61,11,0,0,0
APP-13672,25,77896.31,0,RENT,32000,DEBTCONSOLIDATION,60,13.87,649,24.62,15.15,9,0,0,0
APP-13673,28,33156.07,16,MORTGAGE,24000,DEBTCONSOLIDATION,36,12.77,666,34.18,57.87,10,1,0,1
APP-13674,54,22406.8,4,RENT,34000,DEBTCONSOLIDATION,36,10.35,755,15.09,39.06,10,0,3,0
APP-13675,68,106742.88,8,OWN,9000,PERSONAL,36,11.63,681,29.32,63.64,10,0,0,0
APP-13676,32,33980.59,10,RENT,17000,PERSONAL,36,10.56,677,9.24,15.79,8,0,0,0
APP-13677,58,41109.34,20,RENT,16000,DEBTCONSOLIDATION,36,13.32,651,32.56,29.3,7,0,0,0
APP-13678,21,90665.21,0,RENT,27000,DEBTCONSOLIDATION,36,12.74,677,22.1,5.37,11,0,0,0
APP-13679,51,62014.4,10,MORTGAGE,15000,DEBTCONSOLIDATION,36,12.84,603,12.19,54.16,6,3,0,0
APP-13680,24,104419.39,10,OWN,13000,HOMEIMPROVEMENT,36,9.51,749,13.91,92.18,13,0,0,0
APP-13681,69,91360.73,0,MORTGAGE,28000,HOMEIMPROVEMENT,36,10.18,712,8.99,22.0,5,3,1,0
APP-13682,65,47728.53,12,MORTGAGE,32000,HOMEIMPROVEMENT,60,14.51,693,13.26,22.99,11,0,0,0
APP-13683,25,99803.64,4,RENT,5000,VENTURE,36,13.58,666,26.36,45.58,10,0,0,0
APP-13684,50,65113.46,0,MORTGAGE,31000,MEDICAL,60,14.16,643,11.31,44.77,18,0,0,0
APP-13685,44,44391.62,2,MORTGAGE,5000,DEBTCONSOLIDATION,36,10.64,714,4.35,38.28,8,0,0,0
APP-13686,23,69230.78,16,RENT,32000,PERSONAL,60,15.93,623,10.48,19.38,11,0,0,0
APP-13687,31,31109.51,0,MORTGAGE,35000,DEBTCONSOLIDATION,36,12.7,644,36.98,59.0,18,0,0,0
APP-13688,65,90846.26,8,MORTGAGE,5000,DEBTCONSOLIDATION,36,15.13,701,20.55,17.46,11,0,0,0
APP-13689,24,85140.61,2,MORTGAGE,21000,HOMEIMPROVEMENT,36,16.19,665,42.06,53.99,11,0,0,0
APP-13690,46,63587.95,1,RENT,19000,HOMEIMPROVEMENT,36,21.28,525,21.81,33.23,10,0,0,0
APP-13691,47,22945.19,2,OTHER,9000,DEBTCONSOLIDATION,36,12.22,715,22.45,48.23,7,0,0,0
APP-13692,66,106638.77,9,RENT,3000,VENTURE,60,12.81,674,37.39,61.21,10,2,0,1
APP-13693,63,74499.4,3,MORTGAGE,10000,VENTURE,60,15.17,607,27.66,46.34,12,0,0,0
APP-13694,47,59190.77,0,RENT,17000,DEBTCONSOLIDATION,60,12.31,673,11.48,23.51,12,0,0,0
APP-13695,62,54702.61,16,OWN,23000,HOMEIMPROVEMENT,36,11.78,734,22.17,41.5,11,0,0,0
APP-13696,26,45781.73,10,RENT,13000,MEDICAL,36,9.93,737,10.64,30.8,8,0,2,0
APP-13697,35,50400.92,1,MORTGAGE,6000,DEBTCONSOLIDATION,60,13.53,690,13.06,51.95,8,0,0,0
APP-13698,50,87957.44,8,RENT,40000,DEBTCONSOLIDATION,60,12.05,680,17.86,9.16,7,0,0,0
APP-13699,62,46241.69,0,MORTGAGE,16000,VENTURE,36,13.75,693,37.56,71.04,12,0,0,0
APP-13700,57,52200.58,11,OWN,9000,DEBTCONSOLIDATION,36,13.31,700,15.98,50.67,12,0,0,0
APP-13701,57,56173.67,6,OWN,25000,EDUCATION,60,11.11,725,10.34,60.92,15,0,0,0
APP-13702,62,56948.43,0,RENT,20000,HOMEIMPROVEMENT,36,9.97,728,45.94,50.44,7,0,0,0
APP-13703,57,43962.58,2,RENT,38000,PERSONAL,60,8.0,760,25.77,32.4,14,0,0,0
APP-13704,55,54989.65,6,RENT,19000,DEBTCONSOLIDATION,36,9.05,802,55.58,29.91,5,0,0,0
APP-13705,43,71086.8,16,MORTGAGE,22000,DEBTCONSOLIDATION,60,5.65,850,9.61,60.49,14,0,0,0
APP-13706,26,38085.83,2,MORTGAGE,40000,HOMEIMPROVEMENT,36,11.54,687,15.31,59.54,10,0,0,0
APP-13707,24,55117.07,0,MORTGAGE,15000,PERSONAL,36,13.41,662,32.23,18.89,6,0,0,0
APP-13708,38,157234.26,9,RENT,16000,DEBTCONSOLIDATION,36,10.51,704,6.41,70.81,9,0,0,0
APP-13709,29,58013.31,10,RENT,4000,MEDICAL,36,12.73,697,19.77,43.03,10,0,0,0
APP-13710,69,37601.1,0,MORTGAGE,12000,VENTURE,60,12.11,689,27.19,9.75,11,1,0,0
APP-13711,49,35464.73,4,RENT,4000,DEBTCONSOLIDATION,36,13.74,670,8.59,49.51,11,0,0,0
APP-13712,33,31805.75,4,RENT,31000,MEDICAL,60,12.73,752,27.05,37.36,13,0,0,0
APP-13713,67,135071.33,2,RENT,7000,VENTURE,36,9.91,764,29.53,76.36,8,0,0,0
APP-13714,37,99112.53,5,RENT,7000,MEDICAL,36,10.72,728,5.0,24.64,4,0,1,0
APP-13715,65,,0,RENT,32000,DEBTCONSOLIDATION,60,12.95,717,11.44,45.41,12,5,0,0
APP-13716,52,66626.2,13,OWN,23000,DEBTCONSOLIDATION,60,14.47,672,20.89,70.68,10,0,0,0
APP-13717,68,110461.03,20,RENT,22000,PERSONAL,36,9.65,733,14.94,50.01,10,0,0,0
APP-13718,42,58674.82,12,MORTGAGE,39000,PERSONAL,60,13.71,713,22.79,76.08,7,0,0,0
APP-13719,24,46825.96,6,MORTGAGE,39000,MEDICAL,36,9.87,737,9.22,5.94,15,0,0,0
APP-13720,25,183588.08,13,MORTGAGE,7000,DEBTCONSOLIDATION,36,10.96,701,22.92,3.82,19,1,0,0
APP-13721,57,,11,RENT,30000,DEBTCONSOLIDATION,60,14.9,677,10.4,45.55,6,0,0,0
APP-13722,61,223304.23,17,RENT,12000,PERSONAL,60,13.99,701,17.29,24.72,8,0,0,0
APP-13723,69,61697.56,12,RENT,23000,DEBTCONSOLIDATION,36,9.12,776,9.18,34.49,10,0,0,0
APP-13724,33,114143.88,12,MORTGAGE,40000,DEBTCONSOLIDATION,36,15.4,635,16.46,14.0,11,0,0,0
APP-13725,54,32849.55,3,MORTGAGE,7000,DEBTCONSOLIDATION,36,10.8,709,6.71,66.04,10,0,0,1
APP-13726,65,41656.3,7,OWN,31000,DEBTCONSOLIDATION,60,14.57,656,2.64,69.77,10,0,1,0
APP-13727,42,34892.31,6,RENT,26000,DEBTCONSOLIDATION,60,10.63,686,40.96,65.18,4,1,0,0
APP-13728,43,56924.69,0,MORTGAGE,37000,MEDICAL,36,17.23,607,12.46,30.63,9,0,0,0
APP-13729,23,69833.08,5,MORTGAGE,2000,VENTURE,60,7.58,822,14.04,57.87,12,0,0,1
APP-13730,62,102068.66,9,RENT,23000,PERSONAL,36,11.44,679,7.26,77.14,6,0,0,0
APP-13731,54,25444.94,11,RENT,10000,PERSONAL,36,14.43,642,14.41,71.18,9,0,0,0
APP-13732,52,64759.91,19,MORTGAGE,9000,PERSONAL,36,7.11,787,41.09,4.06,10,0,0,0
APP-13733,65,93662.62,3,RENT,35000,MEDICAL,36,14.15,664,14.14,52.12,12,0,0,1
APP-13734,69,102856.8,1,MORTGAGE,17000,HOMEIMPROVEMENT,60,12.62,698,10.96,29.08,7,0,0,0
APP-13735,41,48037.65,18,RENT,20000,DEBTCONSOLIDATION,36,14.47,656,16.59,68.5,9,1,0,0
APP-13736,66,48337.45,19,RENT,9000,MEDICAL,36,15.9,583,10.04,35.08,8,1,0,0
APP-13737,64,57181.62,9,MORTGAGE,13000,VENTURE,36,10.33,696,13.08,64.09,12,0,0,0
APP-13738,41,65711.31,0,RENT,32000,DEBTCONSOLIDATION,60,11.02,714,11.91,20.93,8,0,0,0
APP-13739,64,114840.43,9,OWN,34000,PERSONAL,36,6.91,786,18.0,58.09,10,0,0,0
APP-13740,31,32694.17,0,MORTGAGE,20000,HOMEIMPROVEMENT,36,12.91,727,23.94,56.82,11,0,0,0
APP-13741,59,40411.64,18,MORTGAGE,28000,DEBTCONSOLIDATION,36,11.21,691,6.5,50.67,8,0,0,0
APP-13742,24,30769.97,14,OTHER,25000,DEBTCONSOLIDATION,36,11.34,658,12.15,61.85,9,0,0,1
APP-13743,21,74152.35,3,RENT,29000,HOMEIMPROVEMENT,36,11.71,723,37.9,25.16,16,2,0,0
APP-13744,48,103848.05,18,RENT,5000,VENTURE,36,12.1,785,26.02,51.67,8,0,0,0
APP-13745,44,29422.55,12,MORTGAGE,13000,EDUCATION,36,14.63,624,27.18,46.48,12,0,0,1
APP-13746,55,62589.43,19,RENT,24000,DEBTCONSOLIDATION,36,17.78,560,8.49,31.22,7,0,0,0
APP-13747,33,100157.74,20,RENT,21000,HOMEIMPROVEMENT,36,7.6,783,19.81,8.51,14,0,0,0
APP-13748,67,88634.23,0,RENT,29000,MEDICAL,36,15.04,626,12.34,69.28,17,0,0,0
APP-13749,54,88113.14,1,RENT,2000,HOMEIMPROVEMENT,36,13.58,591,9.16,42.65,6,0,0,0
APP-13750,31,33026.39,10,MORTGAGE,12000,HOMEIMPROVEMENT,36,10.31,686,29.53,27.98,10,0,0,0
APP-13751,56,87967.02,19,RENT,32000,DEBTCONSOLIDATION,60,16.16,644,16.2,43.69,11,2,0,0
APP-13752,37,54558.96,20,RENT,39000,VENTURE,36,16.0,586,16.83,27.16,7,1,0,0
APP-13753,55,102240.27,11,RENT,10000,PERSONAL,36,13.06,700,10.43,76.06,4,1,0,0
APP-13754,38,74950.51,2,MORTGAGE,7000,DEBTCONSOLIDATION,36,15.6,692,35.38,40.42,11,0,0,0
APP-13755,60,39824.98,1,OWN,7000,MEDICAL,60,10.04,723,33.34,66.86,10,2,0,0
APP-13756,42,68830.76,15,MORTGAGE,4000,EDUCATION,60,11.6,744,9.17,43.76,8,0,0,0
APP-13757,44,90152.51,11,RENT,33000,PERSONAL,60,10.62,701,24.97,43.18,10,0,0,0
APP-13758,39,46481.89,10,RENT,36000,VENTURE,60,9.84,739,8.7,63.21,3,0,0,0
APP-13759,57,63856.97,8,RENT,17000,PERSONAL,36,16.66,607,27.94,4.24,9,0,0,0
APP-13760,59,30690.09,14,RENT,3000,PERSONAL,36,16.63,563,23.31,22.49,10,0,0,0
APP-13761,41,78788.0,17,MORTGAGE,37000,PERSONAL,36,14.03,640,11.15,47.92,12,2,0,0
APP-13762,28,58213.24,5,RENT,8000,EDUCATION,36,11.77,674,12.14,33.45,10,0,0,0
APP-13763,48,94565.05,3,RENT,36000,DEBTCONSOLIDATION,36,12.06,686,19.27,58.3,7,2,0,0
APP-13764,25,77686.24,13,MORTGAGE,31000,PERSONAL,60,11.37,709,26.5,47.62,17,0,0,0
APP-13765,37,48845.3,19,MORTGAGE,30000,DEBTCONSOLIDATION,60,10.62,764,38.27,42.68,9,0,0,0
APP-13766,57,39215.04,6,MORTGAGE,2000,DEBTCONSOLIDATION,60,11.89,714,21.52,23.51,10,1,0,0
APP-13767,56,34954.41,4,MORTGAGE,2000,DEBTCONSOLIDATION,36,12.48,697,14.55,50.12,10,0,0,0
APP-13768,39,46457.31,3,RENT,8000,MEDICAL,60,15.31,645,21.78,45.87,6,0,1,0
APP-13769,47,93297.48,4,RENT,4000,DEBTCONSOLIDATION,60,12.17,755,2.35,35.83,6,0,0,0
APP-13770,54,24881.16,1,MORTGAGE,37000,PERSONAL,60,8.42,709,6.56,87.69,11,0,0,0
APP-13771,31,35672.58,11,RENT,40000,PERSONAL,36,17.07,644,27.28,49.41,6,1,0,1
APP-13772,65,91995.94,4,RENT,32000,PERSONAL,36,15.36,613,29.63,29.67,12,0,2,1
APP-13773,67,116363.73,12,MORTGAGE,26000,VENTURE,36,13.96,748,17.92,41.12,12,0,0,0
APP-13774,32,36622.59,0,MORTGAGE,25000,MEDICAL,36,12.39,720,10.22,37.38,7,0,0,0
APP-13775,41,35475.42,0,RENT,2000,DEBTCONSOLIDATION,36,10.77,760,35.66,50.92,12,5,0,0
APP-13776,31,121004.15,10,RENT,39000,MEDICAL,60,14.1,631,15.88,20.16,11,0,0,0
APP-13777,59,56286.09,9,MORTGAGE,32000,PERSONAL,36,17.03,545,19.34,50.67,8,0,0,1
APP-13778,48,38281.76,4,RENT,38000,MEDICAL,36,13.93,704,10.34,32.71,9,0,0,0
APP-13779,25,100942.76,17,RENT,12000,MEDICAL,60,16.35,592,25.97,49.71,8,0,0,0
APP-13780,37,77013.84,2,MORTGAGE,4000,DEBTCONSOLIDATION,60,12.82,731,19.02,72.68,13,0,0,0
APP-13781,40,86536.97,6,RENT,13000,HOMEIMPROVEMENT,36,11.64,690,13.97,85.7,8,0,0,1
APP-13782,61,39292.16,10,RENT,21000,MEDICAL,36,8.78,781,33.26,24.91,7,1,0,0
APP-13783,66,72215.69,17,MORTGAGE,31000,DEBTCONSOLIDATION,60,7.69,693,28.29,43.64,10,2,0,1
APP-13784,32,111652.1,7,MORTGAGE,11000,DEBTCONSOLIDATION,60,12.81,610,44.02,32.17,11,3,0,1
APP-13785,26,82487.1,7,MORTGAGE,40000,DEBTCONSOLIDATION,60,11.92,723,33.33,41.95,12,0,0,0
APP-13786,37,94838.9,11,MORTGAGE,16000,DEBTCONSOLIDATION,60,10.28,695,10.18,50.51,6,0,0,0
APP-13787,39,120761.32,5,RENT,22000,VENTURE,60,14.36,677,23.84,38.81,11,0,1,0
APP-13788,46,74149.22,14,MORTGAGE,19000,DEBTCONSOLIDATION,36,11.67,708,17.16,25.03,7,0,0,0
APP-13789,68,45136.19,3,MORTGAGE,33000,MEDICAL,60,11.56,704,16.17,42.15,11,0,0,0
APP-13790,64,92832.83,16,MORTGAGE,20000,PERSONAL,60,13.48,650,8.89,19.04,9,0,0,0
APP-13791,64,34445.97,4,RENT,31000,PERSONAL,36,9.81,799,32.36,40.55,7,0,0,0
APP-13792,52,53575.13,20,MORTGAGE,34000,VENTURE,60,11.14,786,33.24,70.85,14,0,1,0
APP-13793,26,80341.34,5,OWN,23000,DEBTCONSOLIDATION,36,9.56,687,16.57,21.56,10,0,0,0
APP-13794,56,18000.0,18,OWN,30000,DEBTCONSOLIDATION,36,13.7,678,6.15,78.12,13,0,0,1
APP-13795,58,67929.91,7,RENT,25000,DEBTCONSOLIDATION,36,16.38,612,7.11,30.04,5,0,0,0
APP-13796,31,69550.82,3,OWN,5000,DEBTCONSOLIDATION,36,11.6,727,26.75,17.37,8,0,0,0
APP-13797,53,33929.24,3,MORTGAGE,13000,HOMEIMPROVEMENT,36,15.65,612,6.63,17.78,8,0,0,0
APP-13798,44,70469.15,17,RENT,37000,DEBTCONSOLIDATION,60,13.66,677,13.11,43.52,12,0,0,1
APP-13799,43,65839.43,5,OTHER,5000,MEDICAL,36,13.18,730,32.75,24.5,15,0,0,0
APP-13800,35,60899.84,5,MORTGAGE,6000,MEDICAL,36,7.09,850,20.98,21.51,10,0,0,0
APP-13801,47,108522.94,2,MORTGAGE,20000,DEBTCONSOLIDATION,36,10.39,690,6.93,54.83,7,0,0,0
APP-13802,31,92916.33,20,OWN,40000,DEBTCONSOLIDATION,60,10.59,749,13.99,60.4,8,1,0,0
APP-13803,37,82453.64,3,MORTGAGE,32000,PERSONAL,36,13.77,622,34.44,54.48,11,0,0,0
APP-13804,34,35878.35,3,RENT,8000,VENTURE,36,12.41,654,6.59,85.65,8,0,0,0
APP-13805,47,59357.24,19,OWN,13000,HOMEIMPROVEMENT,36,13.55,656,15.16,78.8,11,0,1,1
APP-13806,38,108252.03,18,OWN,11000,DEBTCONSOLIDATION,36,12.92,683,24.64,76.79,12,0,0,0
APP-13807,48,53780.65,3,RENT,30000,DEBTCONSOLIDATION,60,14.86,603,9.74,34.47,13,1,0,0
APP-13808,67,130239.59,17,RENT,22000,DEBTCONSOLIDATION,60,15.86,664,21.11,21.31,7,0,0,0
APP-13809,67,83666.73,3,RENT,14000,DEBTCONSOLIDATION,60,15.93,595,2.67,43.01,15,0,0,0
APP-13810,24,140755.59,0,MORTGAGE,24000,PERSONAL,60,12.29,756,7.48,41.38,9,0,0,0
APP-13811,27,35113.25,16,MORTGAGE,7000,VENTURE,36,12.69,665,27.91,56.24,8,0,0,0
APP-13812,65,55418.64,15,OTHER,32000,DEBTCONSOLIDATION,36,16.85,647,24.56,36.41,11,0,0,0
APP-13813,55,58100.79,4,MORTGAGE,10000,DEBTCONSOLIDATION,36,13.59,628,17.16,58.64,13,0,0,0
APP-13814,68,81071.49,0,MORTGAGE,25000,MEDICAL,36,14.78,665,13.12,52.69,7,0,0,0
APP-13815,29,41386.14,2,MORTGAGE,17000,MEDICAL,36,14.38,710,19.61,20.14,7,0,0,0
APP-13816,28,26801.05,15,RENT,12000,PERSONAL,60,14.33,640,6.2,61.64,13,0,0,0
APP-13817,65,72337.57,20,MORTGAGE,37000,VENTURE,36,11.62,700,49.71,53.09,13,0,0,0
APP-13818,37,49849.48,4,MORTGAGE,2000,DEBTCONSOLIDATION,60,11.95,721,30.0,27.55,15,2,0,0
APP-13819,37,47318.26,16,MORTGAGE,22000,MEDICAL,60,13.12,683,30.42,41.29,12,0,0,0
APP-13820,69,42344.57,3,MORTGAGE,37000,MEDICAL,60,14.31,619,15.62,71.45,8,2,3,1
APP-13821,53,63700.29,13,MORTGAGE,38000,VENTURE,36,10.91,724,9.19,49.76,9,1,0,0
APP-13822,52,34946.42,0,RENT,7000,DEBTCONSOLIDATION,60,13.42,722,34.94,29.11,9,1,0,0
APP-13823,28,54333.82,11,RENT,15000,PERSONAL,36,8.67,755,11.4,21.44,13,0,0,0
APP-13824,39,39562.76,4,MORTGAGE,30000,DEBTCONSOLIDATION,36,14.52,708,19.72,34.91,11,0,0,0
APP-13825,58,44152.79,19,RENT,2000,HOMEIMPROVEMENT,36,13.01,637,30.14,46.83,8,0,1,0
APP-13826,23,71460.85,4,RENT,9000,DEBTCONSOLIDATION,36,13.91,694,24.56,60.36,11,0,0,0
APP-13827,25,82926.08,7,RENT,20000,HOMEIMPROVEMENT,36,14.87,695,22.58,45.69,12,0,0,0
APP-13828,33,51377.09,17,RENT,24000,DEBTCONSOLIDATION,36,14.94,600,15.51,50.48,13,1,0,0
APP-13829,67,97140.65,8,MORTGAGE,40000,VENTURE,60,18.07,573,9.04,21.04,8,3,0,0
APP-13830,66,36814.36,3,MORTGAGE,12000,HOMEIMPROVEMENT,36,11.25,726,6.97,48.52,9,2,0,0
APP-13831,51,28002.55,10,MORTGAGE,28000,DEBTCONSOLIDATION,36,10.9,675,2.56,39.36,12,0,0,1
APP-13832,36,30694.46,17,MORTGAGE,37000,VENTURE,36,14.33,654,30.45,48.83,18,0,0,0
APP-13833,52,34971.78,8,RENT,21000,DEBTCONSOLIDATION,36,10.31,738,4.92,9.98,7,0,0,0
APP-13834,42,31056.19,1,RENT,9000,DEBTCONSOLIDATION,60,11.35,758,12.4,30.25,6,0,1,0
APP-13835,49,164485.38,6,MORTGAGE,37000,PERSONAL,36,14.93,638,6.36,23.28,10,0,0,0
APP-13836,42,27581.2,19,RENT,27000,PERSONAL,60,11.22,803,5.48,8.78,16,0,0,0
APP-13837,63,95675.2,0,RENT,36000,DEBTCONSOLIDATION,60,15.73,611,22.11,36.62,11,0,0,0
APP-13838,23,59126.56,7,MORTGAGE,4000,DEBTCONSOLIDATION,36,12.4,708,23.36,11.28,15,1,0,0
APP-13839,30,66990.11,13,RENT,5000,PERSONAL,36,14.33,670,6.4,39.09,8,1,0,0
APP-13840,62,38068.22,0,RENT,30000,MEDICAL,36,13.83,766,10.48,39.85,9,0,0,0
APP-13841,41,70454.78,6,RENT,29000,DEBTCONSOLIDATION,36,13.52,703,9.37,53.2,10,0,0,0
APP-13842,36,37912.67,19,OWN,20000,DEBTCONSOLIDATION,36,13.42,656,11.31,57.55,9,0,0,0
APP-13843,32,94976.34,0,MORTGAGE,29000,HOMEIMPROVEMENT,60,8.91,791,14.31,53.55,10,0,1,0
APP-13844,22,98988.28,15,RENT,19000,HOMEIMPROVEMENT,36,11.46,665,7.39,15.97,9,0,0,0
APP-13845,61,55969.88,17,MORTGAGE,15000,DEBTCONSOLIDATION,36,11.51,700,15.69,11.92,7,0,1,0
APP-13846,44,57833.18,4,OWN,15000,DEBTCONSOLIDATION,36,13.81,578,10.82,26.07,11,0,0,0
APP-13847,55,74336.84,3,MORTGAGE,30000,DEBTCONSOLIDATION,36,17.57,579,21.1,64.75,8,0,0,0
APP-13848,50,72461.07,19,RENT,4000,HOMEIMPROVEMENT,60,12.8,631,15.2,38.13,16,1,0,0
APP-13849,50,99914.81,15,RENT,35000,DEBTCONSOLIDATION,60,12.89,677,14.31,68.44,13,0,0,0
APP-13850,67,98510.95,0,RENT,10000,DEBTCONSOLIDATION,36,8.31,786,12.11,22.51,8,0,0,0
APP-13851,55,,3,MORTGAGE,6000,DEBTCONSOLIDATION,60,12.67,685,6.46,25.32,15,0,0,0
APP-13852,39,47164.07,12,MORTGAGE,30000,PERSONAL,36,12.12,748,6.31,42.33,12,0,0,0
APP-13853,28,89842.18,7,RENT,6000,PERSONAL,36,14.44,657,8.44,55.78,3,0,0,0
APP-13854,46,55373.54,9,MORTGAGE,14000,VENTURE,36,8.07,786,15.06,48.6,10,5,0,0
APP-13855,69,63377.99,19,MORTGAGE,27000,PERSONAL,36,7.4,726,16.5,52.35,8,5,0,0
APP-13856,60,78054.15,7,OWN,10000,HOMEIMPROVEMENT,36,12.61,687,22.31,55.71,11,0,0,0
APP-13857,27,97516.66,18,MORTGAGE,5000,HOMEIMPROVEMENT,36,11.3,747,12.41,40.78,12,0,0,0
APP-13858,50,68215.29,13,MORTGAGE,40000,PERSONAL,36,11.89,684,18.04,79.99,11,0,0,0
APP-13859,27,44640.69,1,MORTGAGE,32000,DEBTCONSOLIDATION,36,13.65,694,8.22,28.51,7,0,0,0
APP-13860,23,147046.65,15,RENT,6000,VENTURE,36,11.56,724,19.01,17.67,10,2,0,0
APP-13861,21,128691.19,10,RENT,8000,MEDICAL,36,13.52,718,12.84,7.4,13,0,0,0
APP-13862,56,35990.07,3,MORTGAGE,29000,PERSONAL,36,16.93,606,31.86,10.76,8,0,0,0
APP-13863,45,37953.39,4,RENT,15000,DEBTCONSOLIDATION,36,12.74,691,4.6,39.8,11,0,0,0
APP-13864,57,40416.49,10,RENT,25000,HOMEIMPROVEMENT,36,10.56,746,16.53,66.96,7,0,1,0
APP-13865,21,91516.58,11,OWN,39000,DEBTCONSOLIDATION,60,9.59,699,19.08,22.84,12,0,0,0
APP-13866,35,149877.2,20,MORTGAGE,6000,DEBTCONSOLIDATION,36,9.63,706,18.48,38.8,8,1,0,0
APP-13867,57,46484.0,17,MORTGAGE,35000,MEDICAL,60,9.16,741,47.83,46.25,10,0,0,1
APP-13868,33,65162.16,2,MORTGAGE,29000,HOMEIMPROVEMENT,36,11.87,728,15.5,41.38,8,0,0,0
APP-13869,60,41097.27,15,RENT,9000,VENTURE,36,15.75,630,23.19,45.61,7,1,1,0
APP-13870,28,140097.85,0,MORTGAGE,22000,VENTURE,36,14.95,608,8.43,19.17,14,0,0,0
APP-13871,25,90437.49,1,OWN,25000,DEBTCONSOLIDATION,36,10.98,780,7.12,32.83,10,0,0,0
APP-13872,29,39643.5,2,MORTGAGE,25000,PERSONAL,60,16.01,668,43.68,52.62,13,0,0,0
APP-13873,21,20927.71,11,MORTGAGE,14000,DEBTCONSOLIDATION,60,15.01,658,16.54,89.04,13,0,0,0
APP-13874,56,100588.53,2,MORTGAGE,16000,VENTURE,60,13.64,683,22.93,2.42,13,0,0,0
APP-13875,55,44970.3,6,RENT,26000,PERSONAL,36,8.93,771,7.23,58.25,7,0,0,1
APP-13876,22,91250.71,3,RENT,29000,HOMEIMPROVEMENT,36,10.97,687,29.19,33.8,12,0,0,0
APP-13877,60,69344.71,5,RENT,40000,DEBTCONSOLIDATION,36,11.61,684,28.81,52.41,8,2,1,0
APP-13878,43,23929.13,19,MORTGAGE,9000,HOMEIMPROVEMENT,36,16.26,655,38.47,32.7,11,0,0,0
APP-13879,29,39999.08,20,MORTGAGE,32000,HOMEIMPROVEMENT,36,14.8,627,24.47,44.96,12,0,0,0
APP-13880,54,50157.72,13,OWN,8000,VENTURE,36,18.44,579,16.68,11.09,11,0,0,0
APP-13881,66,42706.44,11,RENT,40000,DEBTCONSOLIDATION,60,9.3,692,13.24,51.77,10,0,0,0
APP-13882,34,63454.86,14,RENT,18000,HOMEIMPROVEMENT,36,13.91,626,20.37,5.23,9,0,0,1
APP-13883,24,73180.97,15,MORTGAGE,36000,MEDICAL,60,12.08,663,12.19,19.2,3,0,0,0
APP-13884,50,146485.24,15,OWN,23000,DEBTCONSOLIDATION,36,13.46,660,13.49,54.53,10,0,0,0
APP-13885,51,75819.19,0,MORTGAGE,8000,EDUCATION,36,13.12,717,18.58,57.0,17,0,0,0
APP-13886,58,126190.83,5,MORTGAGE,11000,DEBTCONSOLIDATION,36,20.83,519,24.81,74.27,10,0,0,1
APP-13887,31,47173.69,6,MORTGAGE,29000,MEDICAL,36,8.68,786,49.32,29.05,5,0,0,0
APP-13888,55,107216.64,6,MORTGAGE,40000,MEDICAL,60,13.69,705,30.57,7.85,9,5,0,1
APP-13889,28,49483.82,6,RENT,30000,VENTURE,36,11.88,716,14.4,42.33,10,1,0,0
APP-13890,23,37853.99,16,RENT,36000,DEBTCONSOLIDATION,60,14.42,627,16.99,24.68,9,0,0,0
APP-13891,34,37062.52,15,RENT,23000,DEBTCONSOLIDATION,36,14.26,678,23.63,42.06,11,0,0,0
APP-13892,33,18000.0,0,RENT,10000,DEBTCONSOLIDATION,60,11.12,713,16.77,8.32,11,1,0,0
APP-13893,65,91770.05,5,RENT,37000,VENTURE,60,11.55,730,17.55,48.53,10,0,0,0
APP-13894,52,31410.66,12,MORTGAGE,9000,DEBTCONSOLIDATION,36,9.88,728,15.4,34.43,8,0,0,0
APP-13895,54,121063.76,1,RENT,31000,PERSONAL,36,9.98,706,24.3,72.46,10,0,0,0
APP-13896,65,54879.2,0,RENT,31000,VENTURE,60,13.48,664,12.91,24.08,8,0,0,0
APP-13897,39,27517.23,17,MORTGAGE,32000,PERSONAL,60,14.43,607,14.88,26.33,6,0,0,0
APP-13898,58,34239.49,8,RENT,23000,VENTURE,60,15.28,675,24.47,69.97,8,0,1,0
APP-13899,36,65862.04,17,RENT,32000,PERSONAL,60,10.66,803,40.64,61.78,13,0,0,1
APP-13900,22,23389.0,16,OWN,29000,PERSONAL,60,14.13,608,8.97,24.82,12,0,0,0
APP-13901,60,80416.33,18,RENT,6000,HOMEIMPROVEMENT,60,16.09,594,21.04,17.61,20,0,0,0
APP-13902,37,28052.52,0,RENT,18000,VENTURE,60,10.89,808,18.72,28.81,9,0,0,0
APP-13903,54,41378.3,2,RENT,12000,DEBTCONSOLIDATION,36,13.22,693,8.61,25.89,8,1,0,0
APP-13904,62,66128.84,5,MORTGAGE,23000,DEBTCONSOLIDATION,60,16.05,596,10.14,48.44,7,1,0,0
APP-13905,36,75644.9,1,MORTGAGE,26000,EDUCATION,36,11.92,693,13.8,46.27,15,0,0,0
APP-13906,58,89219.95,9,RENT,14000,DEBTCONSOLIDATION,36,13.83,672,21.31,74.78,13,3,0,0
APP-13907,22,31154.91,16,MORTGAGE,37000,DEBTCONSOLIDATION,60,10.13,786,14.09,34.75,7,0,1,0
APP-13908,22,51316.81,19,RENT,12000,PERSONAL,60,9.41,776,23.71,30.0,9,0,0,0
APP-13909,46,103414.43,18,MORTGAGE,6000,MEDICAL,36,14.32,712,13.57,57.27,8,0,0,0
APP-13910,33,51322.99,8,MORTGAGE,15000,DEBTCONSOLIDATION,36,12.59,729,9.83,32.39,9,0,0,0
APP-13911,67,69364.97,12,RENT,23000,DEBTCONSOLIDATION,60,14.91,679,9.08,25.97,15,1,0,0
APP-13912,51,64940.04,3,MORTGAGE,4000,HOMEIMPROVEMENT,36,9.41,803,10.07,60.57,8,0,0,0
APP-13913,54,114762.33,7,MORTGAGE,36000,PERSONAL,36,12.7,695,19.64,70.21,12,0,0,0
APP-13914,59,47431.67,18,OWN,33000,DEBTCONSOLIDATION,36,15.38,648,14.67,76.06,12,4,0,1
APP-13915,23,29882.42,0,OTHER,39000,EDUCATION,60,11.19,768,25.14,27.81,10,0,0,0
APP-13916,28,36903.59,10,MORTGAGE,25000,PERSONAL,36,11.35,706,8.38,32.88,8,0,0,0
APP-13917,43,65803.08,18,MORTGAGE,29000,HOMEIMPROVEMENT,36,12.72,680,17.8,27.54,6,0,0,0
APP-13918,34,,1,MORTGAGE,22000,DEBTCONSOLIDATION,36,13.6,648,60.04,84.61,3,2,0,1
APP-13919,47,45605.93,20,MORTGAGE,34000,MEDICAL,36,15.8,670,5.72,89.48,4,0,0,0
APP-13920,49,62175.0,0,RENT,29000,DEBTCONSOLIDATION,36,11.99,768,8.33,78.77,7,0,1,0
APP-13921,59,40810.88,18,MORTGAGE,40000,HOMEIMPROVEMENT,36,13.69,688,23.08,17.1,13,0,0,0
APP-13922,59,70504.13,6,MORTGAGE,37000,DEBTCONSOLIDATION,60,16.12,686,10.99,34.04,4,0,0,0
APP-13923,21,86008.88,1,OWN,11000,PERSONAL,36,15.82,580,34.33,60.66,11,0,0,0
APP-13924,37,75166.0,1,RENT,38000,PERSONAL,36,14.14,678,14.86,56.16,11,0,0,0
APP-13925,61,27618.68,14,RENT,26000,DEBTCONSOLIDATION,36,11.41,686,11.45,61.34,9,2,0,0
APP-13926,50,62292.17,18,OWN,18000,DEBTCONSOLIDATION,60,10.45,709,21.87,17.74,12,3,0,0
APP-13927,33,64777.99,12,MORTGAGE,5000,DEBTCONSOLIDATION,36,11.8,666,17.33,58.2,7,0,0,0
APP-13928,41,49490.45,19,OTHER,11000,VENTURE,36,9.19,715,28.8,7.3,15,2,1,0
APP-13929,39,70028.35,17,MORTGAGE,26000,HOMEIMPROVEMENT,36,11.04,731,4.03,18.35,6,0,0,0
APP-13930,39,68783.03,0,MORTGAGE,33000,PERSONAL,60,14.07,649,18.69,18.58,9,1,0,0
APP-13931,45,57214.49,13,RENT,9000,PERSONAL,36,10.79,798,22.15,41.19,11,0,1,0
APP-13932,42,36238.02,5,RENT,13000,DEBTCONSOLIDATION,36,14.76,634,10.16,47.07,7,0,0,0
APP-13933,51,59082.47,8,MORTGAGE,22000,PERSONAL,60,16.48,585,27.88,51.68,8,3,0,0
APP-13934,37,152278.36,0,MORTGAGE,28000,HOMEIMPROVEMENT,60,14.12,724,15.39,27.26,5,2,0,0
APP-13935,43,49209.72,4,MORTGAGE,31000,DEBTCONSOLIDATION,36,14.02,697,10.54,90.1,11,0,1,0
APP-13936,52,101078.5,12,MORTGAGE,11000,DEBTCONSOLIDATION,60,11.53,724,11.78,68.92,6,0,0,0
APP-13937,30,61048.78,3,MORTGAGE,22000,MEDICAL,36,12.34,663,27.13,30.6,11,0,0,0
APP-13938,30,40120.21,12,MORTGAGE,2000,DEBTCONSOLIDATION,36,8.25,763,38.14,11.69,13,2,0,0
APP-13939,56,51621.92,19,OWN,10000,PERSONAL,36,10.63,738,20.48,57.52,10,0,0,0
APP-13940,28,59371.22,0,RENT,4000,VENTURE,60,9.69,850,9.39,21.49,8,0,0,0
APP-13941,40,83083.86,16,RENT,20000,PERSONAL,36,12.0,665,9.17,44.17,8,0,0,0
APP-13942,52,196815.64,12,MORTGAGE,7000,HOMEIMPROVEMENT,36,10.46,671,18.78,38.11,12,0,2,0
APP-13943,34,61533.21,0,RENT,8000,DEBTCONSOLIDATION,36,12.13,645,33.27,26.2,11,0,0,0
APP-13944,48,32356.51,16,OWN,17000,DEBTCONSOLIDATION,60,14.5,634,7.42,20.49,11,0,2,0
APP-13945,66,26178.96,3,RENT,37000,HOMEIMPROVEMENT,60,12.7,706,20.03,33.06,15,0,0,0
APP-13946,44,48489.75,4,OWN,5000,DEBTCONSOLIDATION,36,17.28,617,15.79,30.39,13,0,0,0
APP-13947,35,34062.63,0,OWN,19000,PERSONAL,60,17.42,610,42.5,48.06,8,0,0,1
APP-13948,42,79138.37,10,RENT,33000,PERSONAL,36,11.33,699,4.98,42.4,12,0,0,0
APP-13949,50,79429.72,9,OWN,33000,VENTURE,36,9.5,770,28.16,47.21,12,0,0,0
APP-13950,24,55659.74,6,MORTGAGE,19000,DEBTCONSOLIDATION,60,17.69,585,15.91,45.18,8,0,0,0
APP-13951,33,83174.26,2,MORTGAGE,40000,EDUCATION,36,11.36,716,25.65,19.03,7,0,0,0
APP-13952,43,61844.58,17,RENT,38000,EDUCATION,36,12.48,660,26.25,25.3,12,0,0,0
APP-13953,28,152327.32,18,OWN,29000,DEBTCONSOLIDATION,36,15.89,576,26.64,56.75,14,0,0,0
APP-13954,38,81884.29,10,MORTGAGE,40000,DEBTCONSOLIDATION,36,16.25,656,6.21,22.77,6,0,0,0
APP-13955,32,93695.79,3,OWN,3000,DEBTCONSOLIDATION,36,9.59,748,7.49,8.02,8,3,0,0
APP-13956,51,29025.68,0,MORTGAGE,38000,DEBTCONSOLIDATION,36,9.69,732,21.16,38.73,14,0,0,0
APP-13957,34,33335.64,18,MORTGAGE,38000,HOMEIMPROVEMENT,60,17.26,580,5.45,33.98,11,0,0,0
APP-13958,54,76070.76,0,RENT,3000,HOMEIMPROVEMENT,60,13.11,690,11.92,76.72,15,0,0,0
APP-13959,38,27594.96,0,RENT,20000,DEBTCONSOLIDATION,36,7.48,764,12.49,58.86,12,0,0,0
APP-13960,54,43816.34,8,MORTGAGE,6000,HOMEIMPROVEMENT,36,10.54,782,9.69,35.9,13,0,0,0
APP-13961,31,107980.54,14,MORTGAGE,14000,VENTURE,60,12.71,680,3.94,53.44,16,0,0,0
APP-13962,61,43350.44,8,RENT,23000,HOMEIMPROVEMENT,36,15.97,671,22.61,80.45,10,0,0,0
APP-13963,32,32700.11,0,OTHER,8000,DEBTCONSOLIDATION,36,10.81,721,20.18,66.82,14,2,0,0
APP-13964,69,83597.73,13,MORTGAGE,3000,DEBTCONSOLIDATION,36,11.64,731,20.14,37.99,9,0,1,0
APP-13965,35,168850.02,12,RENT,15000,HOMEIMPROVEMENT,36,15.41,649,13.25,60.46,2,0,0,0
APP-13966,51,39961.73,13,RENT,26000,HOMEIMPROVEMENT,36,13.66,694,5.46,39.32,12,0,0,0
APP-13967,69,110416.28,3,OWN,27000,HOMEIMPROVEMENT,36,12.36,675,16.01,20.88,7,1,0,0
APP-13968,49,37549.39,16,RENT,6000,DEBTCONSOLIDATION,60,9.72,731,24.11,63.41,7,0,1,0
APP-13969,46,56600.1,9,RENT,21000,PERSONAL,60,14.57,660,4.67,67.52,13,0,0,0
APP-13970,38,57839.87,10,RENT,13000,PERSONAL,60,14.95,625,19.82,43.59,11,0,0,0
APP-13971,52,40498.05,10,OWN,37000,VENTURE,60,18.87,571,9.36,21.48,11,0,0,0
APP-13972,42,92753.22,4,MORTGAGE,32000,HOMEIMPROVEMENT,36,12.59,711,17.49,65.77,13,1,0,0
APP-13973,58,27726.38,3,RENT,18000,EDUCATION,36,15.76,629,20.97,50.47,8,0,0,0
APP-13974,37,66007.51,0,RENT,17000,MEDICAL,60,11.89,674,26.27,17.47,9,0,0,0
APP-13975,43,102445.1,7,RENT,11000,PERSONAL,60,14.19,689,18.56,28.49,8,0,0,0
APP-13976,44,88972.42,9,RENT,36000,EDUCATION,36,15.82,652,20.16,22.27,16,0,0,0
APP-13977,28,76542.97,15,OWN,34000,DEBTCONSOLIDATION,36,12.21,713,5.28,58.39,7,0,1,0
APP-13978,61,132276.5,0,MORTGAGE,39000,DEBTCONSOLIDATION,36,6.88,843,25.0,51.02,15,0,0,0
APP-13979,26,53647.56,19,MORTGAGE,36000,DEBTCONSOLIDATION,36,9.49,792,21.02,38.71,13,0,0,0
APP-13980,25,27935.04,4,RENT,28000,DEBTCONSOLIDATION,60,13.55,629,26.15,32.17,5,0,0,0
APP-13981,64,64061.79,6,MORTGAGE,8000,VENTURE,36,10.93,645,2.32,55.27,6,0,0,0
APP-13982,49,56225.12,0,RENT,28000,DEBTCONSOLIDATION,60,10.45,637,17.92,18.22,9,1,0,0
APP-13983,48,20787.14,13,MORTGAGE,13000,VENTURE,36,14.38,592,30.67,27.06,11,3,0,0
APP-13984,31,34113.53,14,MORTGAGE,34000,HOMEIMPROVEMENT,36,11.84,701,5.89,0.82,10,0,0,0
APP-13985,21,32006.27,19,RENT,14000,VENTURE,60,13.87,719,22.81,17.77,8,0,0,0
APP-13986,63,39844.26,5,RENT,3000,DEBTCONSOLIDATION,60,12.45,701,22.73,5.86,6,1,0,0
APP-13987,39,50232.27,4,MORTGAGE,4000,PERSONAL,36,13.26,702,43.12,30.8,11,1,1,0
APP-13988,29,51203.49,14,RENT,12000,HOMEIMPROVEMENT,36,16.73,576,31.32,22.65,8,0,0,0
APP-13989,47,40562.43,14,MORTGAGE,6000,DEBTCONSOLIDATION,60,15.71,580,17.11,54.64,11,0,0,0
APP-13990,54,31985.27,19,MORTGAGE,3000,VENTURE,36,10.83,728,16.03,82.62,8,2,0,0
APP-13991,64,72310.59,2,RENT,29000,VENTURE,60,11.92,683,18.07,70.19,17,0,0,0
APP-13992,24,63467.67,14,MORTGAGE,14000,DEBTCONSOLIDATION,36,9.22,743,11.4,14.14,12,3,0,0
APP-13993,56,64430.07,0,MORTGAGE,36000,DEBTCONSOLIDATION,36,15.93,631,9.03,50.56,10,0,0,0
APP-13994,38,145729.23,9,MORTGAGE,14000,DEBTCONSOLIDATION,36,13.05,671,26.41,32.35,13,0,0,0
APP-13995,35,64954.16,0,RENT,13000,MEDICAL,36,12.55,659,19.31,19.5,9,0,0,0
APP-13996,33,49844.88,13,MORTGAGE,19000,DEBTCONSOLIDATION,36,9.61,785,2.58,32.32,15,0,0,0
APP-13997,39,56788.95,11,RENT,19000,HOMEIMPROVEMENT,36,10.67,786,18.34,41.29,11,0,0,0
APP-13998,69,62906.8,0,RENT,18000,DEBTCONSOLIDATION,36,13.74,627,7.89,18.66,4,0,0,0
APP-13999,26,81462.39,5,RENT,40000,PERSONAL,60,13.95,698,8.91,7.79,6,0,0,0
APP-14000,68,58550.2,7,MORTGAGE,23000,DEBTCONSOLIDATION,60,11.22,739,9.92,68.64,14,0,0,0
APP-14001,32,22664.15,3,RENT,14000,PERSONAL,60,12.06,749,11.62,27.12,8,0,0,0
APP-14002,57,48128.31,0,MORTGAGE,39000,DEBTCONSOLIDATION,36,16.5,642,20.8,14.51,5,0,0,0
APP-14003,37,59918.86,5,MORTGAGE,20000,HOMEIMPROVEMENT,36,10.03,713,21.28,85.91,20,0,0,1
APP-14004,43,114932.56,16,MORTGAGE,25000,DEBTCONSOLIDATION,60,10.11,698,10.53,44.55,6,1,0,0
APP-14005,46,40418.88,6,MORTGAGE,20000,MEDICAL,60,11.99,684,7.78,30.57,6,0,0,0
APP-14006,49,26433.03,5,MORTGAGE,22000,VENTURE,36,17.84,533,17.31,12.71,10,0,0,0
APP-14007,53,61832.76,19,MORTGAGE,25000,VENTURE,36,14.37,656,26.95,16.69,7,1,0,0
APP-14008,47,92329.45,0,MORTGAGE,31000,DEBTCONSOLIDATION,36,14.11,666,17.33,25.12,13,0,0,0
APP-14009,45,49182.27,15,MORTGAGE,29000,DEBTCONSOLIDATION,36,14.36,732,11.54,3.1,7,0,1,0
APP-14010,30,197111.48,9,RENT,36000,PERSONAL,36,10.06,676,22.34,52.12,9,0,1,0
APP-14011,67,175211.49,19,MORTGAGE,39000,MEDICAL,60,10.34,765,25.46,59.28,12,0,0,0
APP-14012,43,57743.36,7,MORTGAGE,18000,DEBTCONSOLIDATION,36,17.41,600,8.26,45.66,9,1,0,0
APP-14013,41,65733.01,14,MORTGAGE,35000,DEBTCONSOLIDATION,36,8.21,770,33.31,27.91,11,0,0,0
APP-14014,41,118701.32,0,MORTGAGE,10000,HOMEIMPROVEMENT,36,13.5,651,12.2,60.12,3,0,0,0
APP-14015,63,57244.26,19,MORTGAGE,14000,PERSONAL,60,15.9,653,4.4,73.47,11,0,0,0
APP-14016,33,40052.88,6,OTHER,15000,HOMEIMPROVEMENT,36,11.15,671,16.1,66.33,7,5,0,1
APP-14017,57,93383.13,10,RENT,27000,PERSONAL,36,17.09,590,35.71,17.7,6,0,0,0
APP-14018,53,75524.05,1,RENT,22000,PERSONAL,36,14.64,695,23.22,17.58,8,0,0,0
APP-14019,44,39987.72,19,RENT,21000,HOMEIMPROVEMENT,60,5.0,850,24.23,26.98,12,0,0,0
APP-14020,64,68842.88,13,OTHER,12000,MEDICAL,36,14.12,629,14.83,13.52,6,0,0,0
APP-14021,31,55269.13,0,RENT,36000,MEDICAL,36,16.3,660,22.09,14.94,9,0,0,0
APP-14022,37,49387.48,1,MORTGAGE,32000,DEBTCONSOLIDATION,36,12.27,725,19.53,45.67,10,0,0,0
APP-14023,24,40420.01,7,RENT,19000,PERSONAL,36,13.35,684,12.4,55.43,12,0,0,0
APP-14024,67,63621.17,3,RENT,15000,DEBTCONSOLIDATION,36,12.03,750,25.84,20.82,15,0,0,0
APP-14025,45,52421.46,5,MORTGAGE,6000,MEDICAL,60,14.56,595,21.04,41.04,10,0,0,0
APP-14026,50,69033.92,20,MORTGAGE,18000,PERSONAL,36,14.73,618,30.62,59.22,5,0,0,0
APP-14027,29,90212.1,13,RENT,22000,MEDICAL,60,11.97,704,27.18,18.8,13,0,0,0
APP-14028,41,67223.84,19,MORTGAGE,15000,DEBTCONSOLIDATION,36,20.54,484,4.82,60.57,16,2,0,0
APP-14029,40,67801.68,8,RENT,4000,DEBTCONSOLIDATION,36,15.04,606,17.71,79.28,16,0,0,1
APP-14030,39,45679.8,14,MORTGAGE,32000,MEDICAL,36,14.08,574,28.34,13.27,14,0,0,0
APP-14031,39,107707.88,8,RENT,26000,MEDICAL,36,13.32,693,14.4,38.86,9,0,2,0
APP-14032,32,39172.7,5,MORTGAGE,18000,VENTURE,36,12.69,659,12.14,66.02,11,0,0,0
APP-14033,57,26742.36,10,RENT,27000,DEBTCONSOLIDATION,60,16.27,601,44.93,77.61,10,0,0,0
APP-14034,62,35049.21,7,MORTGAGE,18000,DEBTCONSOLIDATION,60,12.59,697,28.14,35.75,5,1,0,0
APP-14035,37,100421.54,20,RENT,20000,HOMEIMPROVEMENT,36,10.12,736,18.2,39.09,15,0,0,0
APP-14036,57,75316.08,9,RENT,28000,HOMEIMPROVEMENT,36,14.52,606,5.19,62.95,8,0,0,0
APP-14037,68,115378.27,16,RENT,8000,MEDICAL,36,16.25,681,7.55,43.15,5,1,0,0
APP-14038,59,30898.85,13,MORTGAGE,27000,DEBTCONSOLIDATION,36,14.72,702,20.95,64.8,12,0,0,0
APP-14039,48,191015.36,9,MORTGAGE,6000,DEBTCONSOLIDATION,60,11.51,724,14.99,29.16,6,0,0,0
APP-14040,61,51956.28,9,OWN,3000,HOMEIMPROVEMENT,60,17.72,593,19.46,36.84,18,0,2,0
APP-14041,55,24830.51,6,OWN,17000,DEBTCONSOLIDATION,36,15.93,627,9.28,56.66,9,0,0,0
APP-14042,67,179493.02,0,MORTGAGE,12000,PERSONAL,60,14.27,680,24.9,22.56,7,0,0,0
APP-14043,68,31099.56,15,MORTGAGE,40000,PERSONAL,36,13.11,686,36.56,57.99,9,0,0,0
APP-14044,38,49072.41,19,MORTGAGE,24000,HOMEIMPROVEMENT,60,9.11,827,5.45,61.78,12,0,0,0
APP-14045,34,54020.77,3,MORTGAGE,36000,DEBTCONSOLIDATION,60,12.63,737,11.93,20.87,12,0,0,0
APP-14046,55,74760.25,19,MORTGAGE,7000,MEDICAL,36,15.06,664,7.46,26.01,13,0,0,0
APP-14047,64,,3,RENT,38000,PERSONAL,36,10.67,668,19.14,5.53,10,0,0,0
APP-14048,61,100675.39,10,RENT,2000,DEBTCONSOLIDATION,60,13.52,671,22.3,53.71,12,3,0,0
APP-14049,27,87274.89,6,MORTGAGE,34000,DEBTCONSOLIDATION,36,18.4,614,16.59,58.95,12,0,0,0
APP-14050,61,60447.68,0,MORTGAGE,19000,EDUCATION,36,14.54,671,11.94,75.36,4,0,0,0
APP-14051,33,116095.07,0,RENT,4000,HOMEIMPROVEMENT,36,6.83,809,38.63,17.9,15,0,0,0
APP-14052,38,57876.79,6,RENT,20000,PERSONAL,60,15.89,534,31.57,3.79,20,3,0,1
APP-14053,57,52165.52,0,MORTGAGE,11000,MEDICAL,36,12.88,691,13.93,51.76,12,0,0,0
APP-14054,33,162600.47,0,OWN,21000,HOMEIMPROVEMENT,36,5.21,812,13.02,12.64,8,0,0,0
APP-14055,56,69415.68,1,RENT,12000,DEBTCONSOLIDATION,60,9.61,793,23.36,22.34,9,4,0,0
APP-14056,51,36576.98,0,MORTGAGE,33000,DEBTCONSOLIDATION,60,10.78,743,12.92,33.22,10,1,0,0
APP-14057,22,39138.63,1,OTHER,21000,EDUCATION,36,11.56,692,7.75,75.46,9,2,0,0
APP-14058,36,60444.39,11,RENT,33000,HOMEIMPROVEMENT,36,12.78,743,14.26,33.33,12,0,0,0
APP-14059,29,18051.8,16,OWN,38000,PERSONAL,60,11.72,709,8.25,15.17,13,0,0,0
APP-14060,29,43630.22,2,MORTGAGE,23000,MEDICAL,36,7.91,791,15.86,39.6,12,0,2,0
APP-14061,58,56942.83,0,RENT,5000,DEBTCONSOLIDATION,60,12.92,733,5.38,47.0,13,0,0,0
APP-14062,31,55072.25,14,RENT,14000,HOMEIMPROVEMENT,36,14.8,645,9.38,9.28,12,0,0,0
APP-14063,42,31929.27,0,RENT,7000,HOMEIMPROVEMENT,36,7.91,807,20.95,55.5,11,1,0,0
APP-14064,53,47845.97,14,RENT,30000,HOMEIMPROVEMENT,60,11.09,676,14.64,39.57,13,3,0,0
APP-14065,56,108001.67,1,OWN,3000,HOMEIMPROVEMENT,36,14.88,625,22.93,36.04,11,2,0,0
APP-14066,65,97399.31,3,RENT,26000,DEBTCONSOLIDATION,36,10.61,711,22.0,63.01,8,0,0,0
APP-14067,43,62806.14,1,OWN,33000,VENTURE,60,12.01,741,13.11,44.4,11,0,0,0
APP-14068,65,57846.31,3,RENT,27000,MEDICAL,36,10.74,685,16.94,19.72,12,0,0,0
APP-14069,65,55225.86,16,OWN,27000,PERSONAL,36,14.12,700,11.3,30.38,11,3,0,0
APP-14070,54,67383.47,1,RENT,39000,PERSONAL,36,10.94,790,26.86,49.35,9,2,0,0
APP-14071,29,63024.85,20,MORTGAGE,23000,DEBTCONSOLIDATION,60,12.94,678,9.69,21.34,7,0,1,0
APP-14072,44,70408.59,5,RENT,11000,VENTURE,60,12.28,736,19.92,22.23,10,0,0,0
APP-14073,28,76948.92,19,RENT,24000,HOMEIMPROVEMENT,36,11.8,761,24.29,82.46,7,1,0,0
APP-14074,27,32677.64,2,RENT,5000,HOMEIMPROVEMENT,36,13.32,644,16.3,50.81,7,0,0,0
APP-14075,56,51270.24,2,RENT,17000,HOMEIMPROVEMENT,36,13.62,688,30.66,81.9,6,0,0,1
APP-14076,38,66102.13,11,RENT,34000,DEBTCONSOLIDATION,60,10.77,778,19.59,57.3,10,0,0,0
APP-14077,23,36941.19,0,MORTGAGE,14000,DEBTCONSOLIDATION,36,9.27,757,28.55,58.35,5,2,0,0
APP-14078,48,42748.5,16,RENT,14000,DEBTCONSOLIDATION,60,15.5,657,22.47,44.7,11,0,0,0
APP-14079,26,53693.74,8,MORTGAGE,34000,PERSONAL,36,14.17,674,11.86,75.61,13,0,0,0
APP-14080,64,55027.19,14,MORTGAGE,15000,DEBTCONSOLIDATION,36,22.13,473,36.71,6.2,6,0,0,0
APP-14081,64,66722.76,2,MORTGAGE,9000,DEBTCONSOLIDATION,36,11.43,755,41.42,37.97,14,0,0,0
APP-14082,41,,12,MORTGAGE,27000,DEBTCONSOLIDATION,36,13.5,722,13.04,52.87,12,0,0,0
APP-14083,48,97149.88,11,MORTGAGE,23000,DEBTCONSOLIDATION,36,17.07,584,9.39,62.0,10,0,2,0
APP-14084,60,54800.91,15,RENT,2000,DEBTCONSOLIDATION,36,10.52,732,22.25,38.93,8,0,1,0
APP-14085,21,64382.61,5,RENT,17000,EDUCATION,36,12.07,701,18.73,30.12,9,0,0,0
APP-14086,56,49765.82,19,MORTGAGE,30000,VENTURE,36,10.69,729,18.39,38.31,8,0,0,0
APP-14087,41,67361.26,20,MORTGAGE,24000,DEBTCONSOLIDATION,36,10.96,724,30.79,27.4,16,0,0,0
APP-14088,63,138083.05,18,RENT,6000,PERSONAL,36,14.53,679,15.35,39.95,8,1,0,0
APP-14089,55,49535.29,11,MORTGAGE,22000,HOMEIMPROVEMENT,60,15.58,609,61.75,50.49,14,1,0,0
APP-14090,33,45604.05,7,RENT,37000,EDUCATION,36,14.29,655,17.83,56.57,7,0,0,1
APP-14091,69,39534.23,0,RENT,21000,DEBTCONSOLIDATION,36,11.01,657,9.35,57.81,11,0,0,0
APP-14092,30,58115.58,19,MORTGAGE,9000,DEBTCONSOLIDATION,60,17.06,581,16.14,79.63,11,0,1,1
APP-14093,64,57780.01,19,RENT,27000,PERSONAL,36,13.01,692,8.79,16.68,14,0,0,0
APP-14094,67,61434.17,0,RENT,26000,MEDICAL,36,11.57,731,15.63,45.43,12,1,0,0
APP-14095,30,75669.31,6,RENT,8000,DEBTCONSOLIDATION,60,12.02,636,34.92,56.68,9,1,0,0
APP-14096,66,71046.09,18,RENT,23000,DEBTCONSOLIDATION,60,11.34,708,16.23,61.66,10,0,0,0
APP-14097,33,59203.7,0,RENT,34000,DEBTCONSOLIDATION,36,9.17,725,11.32,28.91,8,0,0,0
APP-14098,57,159038.37,2,RENT,6000,PERSONAL,36,10.47,727,13.08,33.57,13,0,0,0
APP-14099,58,84570.45,20,RENT,39000,DEBTCONSOLIDATION,36,14.29,641,8.59,19.88,4,2,0,0
APP-14100,44,34730.38,17,RENT,13000,MEDICAL,36,7.98,826,12.34,28.76,8,0,0,0
APP-14101,22,27650.5,19,RENT,15000,MEDICAL,36,12.25,691,41.28,45.76,6,0,0,1
APP-14102,42,42284.48,1,RENT,8000,DEBTCONSOLIDATION,36,14.99,616,13.65,54.53,11,0,0,0
APP-14103,37,64623.23,3,RENT,29000,VENTURE,60,13.29,664,18.2,32.19,8,0,0,0
APP-14104,56,40548.34,12,MORTGAGE,17000,DEBTCONSOLIDATION,36,14.2,598,9.83,34.29,7,0,0,0
APP-14105,34,43747.35,9,MORTGAGE,3000,PERSONAL,60,12.71,664,13.05,20.7,12,0,0,0
APP-14106,30,60659.62,5,MORTGAGE,32000,VENTURE,36,11.26,764,21.17,30.34,11,0,0,0
APP-14107,55,50463.91,18,MORTGAGE,37000,PERSONAL,36,13.55,721,15.64,31.23,10,0,0,0
APP-14108,45,21507.34,18,RENT,15000,DEBTCONSOLIDATION,36,9.19,785,21.24,9.87,11,0,0,0
APP-14109,23,102599.49,4,OTHER,29000,DEBTCONSOLIDATION,60,13.1,700,15.64,71.35,10,0,0,0
APP-14110,67,91352.27,1,RENT,33000,PERSONAL,36,9.55,764,20.16,35.72,12,1,0,0
APP-14111,58,31490.45,1,RENT,29000,VENTURE,36,14.71,611,36.86,9.44,12,0,0,0
APP-14112,37,61601.75,9,RENT,13000,HOMEIMPROVEMENT,36,14.28,621,26.37,32.05,7,0,0,0
APP-14113,32,34259.67,1,OWN,14000,DEBTCONSOLIDATION,60,15.18,714,14.26,38.37,13,0,1,0
APP-14114,44,44161.19,9,OWN,23000,PERSONAL,36,9.44,742,10.51,18.74,3,0,0,0
APP-14115,49,76349.48,8,MORTGAGE,30000,MEDICAL,36,11.98,737,25.72,47.22,11,0,0,0
APP-14116,63,89771.57,18,RENT,31000,PERSONAL,36,13.5,619,14.93,34.57,5,2,2,0
APP-14117,45,88727.17,5,OWN,16000,DEBTCONSOLIDATION,36,12.87,781,31.65,10.73,13,0,0,0
APP-14118,56,67671.45,11,RENT,5000,VENTURE,36,18.96,558,9.43,56.14,7,1,0,0
APP-14119,46,113278.3,15,MORTGAGE,34000,MEDICAL,36,9.56,788,13.8,62.33,9,0,0,0
APP-14120,58,44122.24,11,OWN,10000,DEBTCONSOLIDATION,60,18.16,610,23.03,19.98,9,0,0,0
APP-14121,21,49300.3,19,MORTGAGE,39000,DEBTCONSOLIDATION,36,9.69,785,11.33,40.58,12,0,0,0
APP-14122,40,18000.0,11,RENT,17000,PERSONAL,36,15.38,651,17.8,84.2,10,1,0,0
APP-14123,48,57152.12,18,MORTGAGE,27000,EDUCATION,36,14.26,699,24.5,7.55,6,0,0,0
APP-14124,36,80005.19,3,RENT,28000,VENTURE,36,12.74,684,16.67,34.42,12,0,0,0
APP-14125,67,69053.01,11,RENT,12000,VENTURE,36,16.1,597,14.74,66.64,13,0,0,0
APP-14126,37,43826.32,10,MORTGAGE,27000,DEBTCONSOLIDATION,36,12.76,695,9.02,53.97,6,0,0,0
APP-14127,60,91332.58,20,RENT,15000,MEDICAL,36,13.84,617,2.0,61.84,13,0,0,0
APP-14128,48,57704.16,2,RENT,2000,PERSONAL,36,13.62,652,35.35,33.56,6,5,0,0
APP-14129,32,87834.83,1,MORTGAGE,12000,MEDICAL,36,6.43,846,39.09,42.44,6,1,0,0
APP-14130,47,76349.35,12,MORTGAGE,31000,HOMEIMPROVEMENT,36,13.77,700,9.59,61.07,10,0,1,0
APP-14131,62,122058.35,3,RENT,25000,VENTURE,36,11.95,665,10.53,56.07,13,0,0,0
APP-14132,67,70946.52,12,RENT,5000,DEBTCONSOLIDATION,36,12.24,737,4.78,81.84,8,0,0,0
APP-14133,50,81224.43,20,OWN,23000,HOMEIMPROVEMENT,36,12.13,723,31.31,11.84,8,0,0,0
APP-14134,61,57620.95,19,RENT,9000,DEBTCONSOLIDATION,36,12.86,626,13.89,18.18,9,0,0,1
APP-14135,54,46562.69,3,MORTGAGE,17000,DEBTCONSOLIDATION,36,16.25,622,4.14,29.3,12,0,0,0
APP-14136,57,76524.49,2,OWN,34000,PERSONAL,36,11.0,766,17.91,28.29,16,0,0,0
APP-14137,26,126926.74,11,MORTGAGE,34000,HOMEIMPROVEMENT,36,11.41,706,28.62,39.39,10,0,0,0
APP-14138,27,44005.05,11,RENT,11000,PERSONAL,60,8.09,818,11.68,22.48,8,0,0,0
APP-14139,52,52888.0,13,RENT,3000,DEBTCONSOLIDATION,36,15.58,573,22.75,18.04,8,0,0,0
APP-14140,52,60677.32,15,MORTGAGE,5000,DEBTCONSOLIDATION,60,12.63,765,13.91,56.13,12,0,0,0
APP-14141,45,84326.22,11,MORTGAGE,24000,DEBTCONSOLIDATION,36,11.5,720,23.11,8.46,13,0,0,0
APP-14142,53,71163.05,0,MORTGAGE,28000,DEBTCONSOLIDATION,36,15.03,627,13.5,11.6,6,0,0,0
APP-14143,27,94516.68,16,RENT,34000,HOMEIMPROVEMENT,60,12.07,717,14.88,29.04,10,1,0,0
APP-14144,32,160645.4,0,RENT,34000,PERSONAL,60,16.43,610,11.03,19.5,12,4,0,0
APP-14145,36,43501.44,0,RENT,21000,EDUCATION,36,12.41,717,10.48,29.76,14,0,0,0
APP-14146,36,81215.75,15,MORTGAGE,14000,DEBTCONSOLIDATION,36,10.6,754,25.55,27.93,9,1,0,0
APP-14147,63,70285.44,10,MORTGAGE,12000,DEBTCONSOLIDATION,60,12.69,678,7.45,39.07,7,0,0,0
APP-14148,56,60446.87,14,RENT,20000,PERSONAL,36,14.0,670,27.26,47.68,12,0,0,0
APP-14149,33,81067.92,6,MORTGAGE,33000,MEDICAL,36,15.57,637,7.98,68.89,9,0,0,0
APP-14150,27,52396.68,0,MORTGAGE,4000,DEBTCONSOLIDATION,36,11.47,753,20.75,56.96,15,0,0,0
APP-14151,56,70370.04,5,OWN,14000,MEDICAL,36,13.26,700,24.09,56.93,5,1,0,0
APP-14152,67,31174.44,12,RENT,29000,PERSONAL,36,13.93,666,17.05,47.7,10,0,0,0
APP-14153,29,45733.77,3,MORTGAGE,23000,VENTURE,36,10.93,775,15.15,54.05,9,3,0,0
APP-14154,52,,13,RENT,20000,MEDICAL,36,8.29,762,23.99,32.65,8,0,0,0
APP-14155,31,99165.11,16,MORTGAGE,32000,DEBTCONSOLIDATION,36,10.63,689,30.42,9.73,13,0,0,0
APP-14156,28,68167.05,8,MORTGAGE,21000,PERSONAL,36,9.87,694,10.77,39.72,17,0,0,0
APP-14157,53,47737.62,18,MORTGAGE,25000,MEDICAL,36,10.96,753,26.5,23.77,6,0,0,0
APP-14158,43,90457.27,17,RENT,33000,VENTURE,36,15.79,689,18.51,53.19,8,0,0,0
APP-14159,45,111106.41,18,MORTGAGE,10000,PERSONAL,60,17.53,604,16.3,44.56,20,0,0,0
APP-14160,28,48718.62,13,RENT,20000,MEDICAL,60,12.04,700,14.6,28.25,11,1,0,0
APP-14161,65,28925.83,5,MORTGAGE,24000,HOMEIMPROVEMENT,36,11.48,731,10.06,55.38,13,2,0,0
APP-14162,42,74949.32,9,RENT,26000,PERSONAL,36,8.9,764,25.11,49.74,8,1,0,0
APP-14163,24,94550.01,14,RENT,34000,DEBTCONSOLIDATION,60,10.98,791,22.28,43.82,10,0,0,0
APP-14164,60,80317.42,3,RENT,3000,PERSONAL,60,8.58,809,21.48,72.62,8,0,0,0
APP-14165,23,130945.91,15,RENT,4000,PERSONAL,36,12.98,671,14.77,47.99,11,1,1,0
APP-14166,49,131222.59,10,RENT,29000,DEBTCONSOLIDATION,60,11.96,692,13.63,14.13,4,0,0,0
APP-14167,61,51395.27,0,RENT,38000,MEDICAL,60,16.9,588,29.36,33.9,17,0,0,1
APP-14168,49,66137.9,10,RENT,36000,MEDICAL,36,12.28,648,12.61,50.38,10,1,0,0
APP-14169,54,46710.89,0,RENT,15000,DEBTCONSOLIDATION,36,15.42,587,24.98,38.98,11,3,0,0
APP-14170,54,35917.08,0,MORTGAGE,25000,PERSONAL,60,10.97,779,9.61,48.03,8,0,0,0
APP-14171,48,36985.47,18,RENT,38000,VENTURE,36,9.7,689,18.55,59.47,11,0,0,0
APP-14172,33,85691.65,9,OWN,4000,VENTURE,36,10.3,699,22.58,38.01,7,0,0,0
APP-14173,35,69664.33,10,MORTGAGE,24000,DEBTCONSOLIDATION,36,12.57,737,6.19,22.58,8,0,0,0
APP-14174,43,93431.18,4,RENT,35000,PERSONAL,36,14.52,691,5.19,52.18,14,0,0,0
APP-14175,64,212311.69,10,RENT,10000,MEDICAL,36,14.13,699,12.97,23.2,7,2,0,0
APP-14176,46,76874.83,2,RENT,19000,HOMEIMPROVEMENT,36,13.54,668,28.23,48.25,14,0,0,0
APP-14177,24,40377.97,15,MORTGAGE,3000,PERSONAL,36,12.46,708,13.67,23.99,16,1,1,0
APP-14178,46,100464.87,16,MORTGAGE,23000,HOMEIMPROVEMENT,36,11.33,766,19.66,65.0,13,0,3,0
APP-14179,60,40004.37,17,RENT,36000,HOMEIMPROVEMENT,36,8.07,803,22.78,25.75,8,5,0,0
APP-14180,29,143511.21,0,RENT,32000,MEDICAL,60,13.97,648,16.2,53.61,11,0,0,0
APP-14181,25,22343.16,10,MORTGAGE,27000,MEDICAL,36,8.66,752,22.31,26.92,8,0,0,0
APP-14182,52,45557.27,16,RENT,15000,DEBTCONSOLIDATION,60,14.15,610,2.0,46.22,7,0,0,0
APP-14183,40,81721.23,1,OWN,29000,DEBTCONSOLIDATION,36,16.17,610,24.09,44.29,14,0,3,0
APP-14184,31,107878.46,0,RENT,12000,DEBTCONSOLIDATION,36,13.57,662,11.63,37.47,6,0,0,0
APP-14185,35,42680.97,16,RENT,33000,DEBTCONSOLIDATION,36,13.04,658,12.21,32.92,8,0,0,0
APP-14186,52,38982.61,16,RENT,22000,DEBTCONSOLIDATION,36,15.56,665,17.8,48.48,12,0,0,1
APP-14187,48,64484.72,8,MORTGAGE,24000,MEDICAL,60,12.35,669,11.29,31.0,10,0,0,0
APP-14188,42,155514.92,0,RENT,25000,HOMEIMPROVEMENT,36,10.94,723,11.84,45.86,6,0,0,0
APP-14189,61,27745.01,10,RENT,13000,DEBTCONSOLIDATION,36,9.89,771,9.76,62.81,10,0,0,0
APP-14190,37,51171.6,7,RENT,4000,MEDICAL,36,8.63,799,18.95,20.77,10,0,1,0
APP-14191,46,68192.68,10,RENT,7000,MEDICAL,36,10.86,733,16.75,38.2,10,0,0,0
APP-14192,64,40216.21,8,MORTGAGE,13000,MEDICAL,36,8.3,766,10.17,36.72,11,0,0,0
APP-14193,27,40147.16,11,RENT,21000,VENTURE,36,15.3,638,29.77,36.64,11,0,0,0
APP-14194,62,53279.35,14,MORTGAGE,7000,DEBTCONSOLIDATION,36,10.93,738,11.29,20.27,6,5,0,0
APP-14195,46,69310.72,15,RENT,21000,HOMEIMPROVEMENT,36,14.61,655,14.67,41.55,10,1,0,0
APP-14196,45,,13,MORTGAGE,15000,DEBTCONSOLIDATION,60,10.43,759,20.07,67.55,11,0,0,0
APP-14197,30,124589.9,2,MORTGAGE,2000,HOMEIMPROVEMENT,36,14.69,715,9.67,49.45,11,0,0,0
APP-14198,65,80523.3,7,MORTGAGE,21000,DEBTCONSOLIDATION,36,13.81,707,18.79,85.04,10,0,1,0
APP-14199,39,72517.41,0,MORTGAGE,23000,MEDICAL,36,12.65,648,3.28,52.88,14,0,0,0
APP-14200,31,100090.18,8,RENT,32000,MEDICAL,36,17.44,653,22.95,61.99,16,0,1,0
APP-14201,33,73159.81,20,OWN,32000,PERSONAL,60,15.43,599,30.22,29.81,9,0,0,0
APP-14202,28,47973.63,12,MORTGAGE,29000,VENTURE,60,13.25,653,12.8,27.19,10,0,0,0
APP-14203,60,52492.41,1,RENT,13000,MEDICAL,36,13.64,644,18.76,45.8,14,0,0,0
APP-14204,24,34039.67,4,RENT,17000,DEBTCONSOLIDATION,36,13.78,642,34.15,41.94,14,0,0,1
APP-14205,67,163152.25,0,RENT,34000,PERSONAL,60,12.66,666,7.77,23.47,17,0,0,0
APP-14206,51,95354.99,2,MORTGAGE,36000,DEBTCONSOLIDATION,36,8.78,819,9.09,17.07,9,0,0,0
APP-14207,48,18000.0,9,RENT,5000,EDUCATION,36,10.31,784,16.49,42.7,11,0,0,0
APP-14208,31,116606.96,6,OWN,11000,MEDICAL,36,9.37,777,12.54,42.48,8,0,0,0
APP-14209,63,28768.42,2,RENT,35000,PERSONAL,60,12.98,658,11.17,68.27,15,0,0,0
APP-14210,21,77678.55,1,MORTGAGE,4000,PERSONAL,36,12.96,691,16.7,66.63,7,0,1,0
APP-14211,69,19890.29,13,MORTGAGE,32000,PERSONAL,60,13.54,665,13.28,62.99,6,0,0,1
APP-14212,67,48336.17,10,MORTGAGE,32000,DEBTCONSOLIDATION,36,12.84,618,29.41,24.0,12,0,0,0
APP-14213,58,,17,RENT,2000,DEBTCONSOLIDATION,36,13.88,689,13.98,30.52,9,0,0,0
APP-14214,44,120368.96,2,OTHER,6000,DEBTCONSOLIDATION,60,11.87,705,20.78,14.45,20,3,0,0
APP-14215,67,69799.89,17,OWN,6000,DEBTCONSOLIDATION,60,11.94,756,10.79,28.64,10,1,0,0
APP-14216,51,88763.64,11,OWN,3000,DEBTCONSOLIDATION,36,10.79,697,11.68,51.0,13,3,0,0
APP-14217,61,29531.56,4,MORTGAGE,16000,VENTURE,36,18.1,546,41.45,61.2,8,0,0,1
APP-14218,66,78367.66,4,MORTGAGE,2000,PERSONAL,36,15.89,638,13.85,37.34,13,0,0,0
APP-14219,46,91627.38,7,MORTGAGE,22000,VENTURE,36,15.34,657,33.92,21.42,8,0,0,0
APP-14220,69,216397.64,8,MORTGAGE,38000,HOMEIMPROVEMENT,36,15.96,590,21.06,45.63,12,0,3,0
APP-14221,25,43843.88,0,MORTGAGE,8000,HOMEIMPROVEMENT,36,11.91,656,53.4,61.07,11,3,0,1
APP-14222,40,60364.19,17,MORTGAGE,12000,MEDICAL,36,11.09,744,23.93,43.99,8,0,0,0
APP-14223,61,62258.95,1,MORTGAGE,27000,VENTURE,60,12.71,657,11.7,69.82,11,0,0,0
APP-14224,31,84905.31,9,OTHER,3000,DEBTCONSOLIDATION,36,10.16,734,4.28,48.32,12,0,0,0
APP-14225,53,92990.75,6,RENT,31000,PERSONAL,36,11.16,694,20.07,51.93,10,0,0,0
APP-14226,58,101768.67,9,MORTGAGE,15000,PERSONAL,36,12.68,744,7.92,20.3,8,0,0,0
APP-14227,47,98123.39,18,RENT,6000,PERSONAL,36,15.13,603,15.64,38.96,12,0,0,0
APP-14228,54,28550.82,20,RENT,32000,MEDICAL,36,11.88,718,25.86,18.87,7,1,1,0
APP-14229,35,18000.0,0,RENT,33000,DEBTCONSOLIDATION,60,12.62,648,22.16,43.07,13,0,0,1
APP-14230,52,46296.04,7,RENT,35000,DEBTCONSOLIDATION,60,11.46,767,16.87,48.06,5,0,0,0
APP-14231,41,58823.2,16,OTHER,11000,DEBTCONSOLIDATION,60,15.73,613,43.74,5.03,9,0,0,0
APP-14232,66,44062.58,5,RENT,32000,MEDICAL,36,12.32,755,17.44,21.22,8,0,0,0
APP-14233,25,47579.2,13,MORTGAGE,28000,DEBTCONSOLIDATION,60,11.6,690,22.25,38.32,7,0,0,0
APP-14234,26,50608.52,20,RENT,19000,DEBTCONSOLIDATION,36,12.07,709,8.75,20.02,8,0,0,0
APP-14235,58,79915.13,12,OWN,6000,DEBTCONSOLIDATION,36,11.58,697,26.71,48.42,11,1,0,0
APP-14236,42,35708.85,0,MORTGAGE,18000,DEBTCONSOLIDATION,36,15.79,583,18.32,15.87,14,0,0,0
APP-14237,38,57588.96,17,RENT,12000,DEBTCONSOLIDATION,36,12.54,728,18.53,74.3,11,0,0,0
APP-14238,34,57809.78,20,RENT,6000,MEDICAL,36,13.35,678,17.67,42.32,12,0,0,0
APP-14239,30,79011.58,14,RENT,39000,DEBTCONSOLIDATION,36,8.67,769,6.74,52.63,7,0,0,0
APP-14240,66,107039.42,7,RENT,38000,MEDICAL,36,9.07,724,24.33,61.69,14,0,0,0
APP-14241,33,138975.61,19,RENT,22000,EDUCATION,36,10.85,743,21.7,76.36,13,0,0,0
APP-14242,51,41233.43,20,OTHER,25000,PERSONAL,36,12.71,679,22.05,30.32,15,0,0,0
APP-14243,50,22026.75,19,MORTGAGE,31000,DEBTCONSOLIDATION,36,13.28,723,5.27,49.78,10,1,0,0
APP-14244,23,,7,RENT,17000,VENTURE,60,12.99,735,6.56,16.47,14,0,0,0
APP-14245,50,27056.74,16,OTHER,23000,DEBTCONSOLIDATION,36,11.26,753,21.78,13.45,10,0,0,0
APP-14246,26,234987.7,13,RENT,3000,MEDICAL,36,11.7,742,23.97,30.07,16,0,0,0
APP-14247,49,38698.64,2,RENT,20000,PERSONAL,36,9.3,762,17.84,26.78,16,0,1,0
APP-14248,28,79373.27,10,MORTGAGE,38000,DEBTCONSOLIDATION,36,14.88,645,50.48,47.31,10,0,0,0
APP-14249,64,95514.47,15,RENT,3000,DEBTCONSOLIDATION,60,14.09,685,23.01,31.38,7,0,0,0
APP-14250,65,70991.2,18,RENT,12000,EDUCATION,36,13.24,667,9.94,43.77,5,0,1,0
APP-14251,63,169119.39,17,RENT,34000,VENTURE,36,13.18,714,21.19,68.11,17,0,0,1
APP-14252,64,54109.2,1,MORTGAGE,10000,HOMEIMPROVEMENT,60,12.84,677,18.14,61.64,10,0,0,0
APP-14253,53,39440.92,9,OWN,26000,MEDICAL,36,14.27,646,3.97,74.18,7,0,0,0
APP-14254,37,38433.61,9,MORTGAGE,7000,EDUCATION,36,15.0,658,26.83,62.08,15,0,0,0
APP-14255,68,87116.61,18,MORTGAGE,12000,DEBTCONSOLIDATION,36,10.92,682,25.3,54.28,18,2,0,0
APP-14256,31,54453.42,0,MORTGAGE,28000,VENTURE,60,12.68,674,19.19,24.86,6,0,0,0
APP-14257,33,38436.22,15,RENT,9000,VENTURE,36,18.45,633,8.89,43.06,10,0,0,0
APP-14258,31,74656.48,12,MORTGAGE,32000,PERSONAL,36,10.49,689,14.59,76.92,7,4,0,0
APP-14259,51,85359.29,19,MORTGAGE,28000,DEBTCONSOLIDATION,36,14.04,697,13.44,62.0,7,0,0,0
APP-14260,48,68572.89,8,RENT,6000,MEDICAL,36,13.22,650,20.1,52.44,12,0,0,0
APP-14261,64,93882.4,13,RENT,16000,DEBTCONSOLIDATION,36,12.51,658,36.54,31.09,15,0,0,0
APP-14262,26,62570.51,20,OTHER,3000,PERSONAL,60,9.12,773,33.04,22.32,12,3,0,0
APP-14263,61,44497.46,15,RENT,16000,DEBTCONSOLIDATION,36,14.04,590,22.07,13.16,9,0,0,0
APP-14264,36,89832.31,0,OWN,32000,PERSONAL,36,11.39,696,12.73,11.91,10,0,3,0
APP-14265,24,38367.11,2,RENT,21000,HOMEIMPROVEMENT,36,10.83,791,44.0,32.09,10,0,0,0
APP-14266,55,34049.05,16,MORTGAGE,4000,DEBTCONSOLIDATION,60,15.46,672,7.39,41.33,11,0,0,0
APP-14267,68,106721.17,5,RENT,40000,PERSONAL,36,9.43,741,19.4,22.95,9,0,0,0
APP-14268,46,50315.88,14,MORTGAGE,11000,DEBTCONSOLIDATION,36,15.89,594,10.42,32.83,8,0,0,0
APP-14269,32,137701.28,14,MORTGAGE,27000,DEBTCONSOLIDATION,36,17.2,582,26.05,26.3,7,0,0,1
APP-14270,31,91885.4,20,RENT,11000,HOMEIMPROVEMENT,36,13.94,688,29.35,19.04,9,0,0,0
APP-14271,57,48439.97,8,RENT,14000,EDUCATION,60,16.78,637,2.67,14.24,10,0,0,0
APP-14272,45,76352.09,15,RENT,22000,PERSONAL,60,10.84,727,23.4,29.9,11,0,0,0
APP-14273,38,211967.9,0,OWN,35000,HOMEIMPROVEMENT,60,12.03,711,14.08,6.71,10,4,0,0
APP-14274,39,87302.69,8,MORTGAGE,33000,EDUCATION,60,7.0,798,20.96,27.99,9,0,0,0
APP-14275,43,80085.45,2,MORTGAGE,10000,VENTURE,36,10.49,732,2.37,77.87,9,1,0,0
APP-14276,58,44473.09,17,RENT,31000,DEBTCONSOLIDATION,60,12.48,680,21.12,48.69,10,0,0,0
APP-14277,38,150584.15,17,MORTGAGE,2000,MEDICAL,60,10.61,721,20.89,28.08,12,0,0,0
APP-14278,46,115724.64,3,OTHER,13000,MEDICAL,36,13.8,683,20.63,27.09,9,0,0,0
APP-14279,26,44677.22,5,MORTGAGE,36000,DEBTCONSOLIDATION,36,18.73,611,22.7,47.67,15,1,0,1
APP-14280,24,153308.33,14,RENT,25000,DEBTCONSOLIDATION,36,9.45,735,34.02,37.73,12,0,0,0
APP-14281,64,65015.15,15,MORTGAGE,11000,MEDICAL,60,11.31,722,23.84,43.57,8,0,0,0
APP-14282,49,39332.61,13,MORTGAGE,25000,HOMEIMPROVEMENT,36,14.15,647,40.9,16.44,8,0,0,0
APP-14283,54,44388.72,20,MORTGAGE,19000,DEBTCONSOLIDATION,60,11.7,783,6.67,8.53,11,0,0,0
APP-14284,37,92860.22,18,RENT,9000,HOMEIMPROVEMENT,36,13.78,648,10.12,25.2,12,0,1,0
APP-14285,63,39468.17,7,RENT,14000,HOMEIMPROVEMENT,36,8.99,799,5.5,70.37,16,0,1,0
APP-14286,63,34490.59,5,OWN,17000,DEBTCONSOLIDATION,36,13.08,683,5.47,25.22,9,0,0,0
APP-14287,36,48077.17,11,RENT,15000,PERSONAL,36,17.83,590,5.42,60.66,15,4,0,1
APP-14288,22,51805.07,16,RENT,10000,PERSONAL,60,10.29,802,21.47,62.28,8,0,0,0
APP-14289,54,42759.31,9,MORTGAGE,10000,PERSONAL,36,9.77,753,16.14,63.74,13,0,0,0
APP-14290,28,47716.26,15,MORTGAGE,6000,PERSONAL,36,9.87,747,24.73,32.8,6,3,0,0
APP-14291,33,94699.65,0,OWN,12000,DEBTCONSOLIDATION,36,19.39,532,33.09,84.49,7,0,1,1
APP-14292,62,68067.23,19,RENT,20000,DEBTCONSOLIDATION,36,19.36,562,17.84,7.91,6,0,0,0
APP-14293,28,46266.79,15,MORTGAGE,39000,PERSONAL,60,8.13,751,14.28,25.27,6,1,0,0
APP-14294,50,48342.96,7,RENT,11000,DEBTCONSOLIDATION,36,9.88,754,12.53,14.45,9,0,0,0
APP-14295,52,56059.67,7,RENT,17000,HOMEIMPROVEMENT,36,15.84,604,22.09,52.09,6,0,0,0
APP-14296,56,57687.33,0,RENT,30000,VENTURE,60,8.89,716,26.58,67.63,13,0,0,0
APP-14297,67,57809.41,16,MORTGAGE,6000,VENTURE,60,12.1,686,25.6,12.22,15,0,0,0
APP-14298,50,92978.53,15,MORTGAGE,19000,PERSONAL,60,15.47,618,19.63,24.58,16,0,0,0
APP-14299,21,66073.25,12,RENT,36000,HOMEIMPROVEMENT,60,12.4,660,8.01,68.2,8,0,0,0
APP-14300,63,67052.34,0,RENT,37000,DEBTCONSOLIDATION,36,6.66,801,13.65,39.52,4,0,0,0
APP-14301,59,122197.35,4,MORTGAGE,23000,DEBTCONSOLIDATION,60,15.1,637,8.39,34.41,11,1,0,0
APP-14302,37,153020.28,8,RENT,25000,DEBTCONSOLIDATION,36,17.05,585,17.84,30.72,16,0,0,0
APP-14303,40,32354.69,4,RENT,13000,EDUCATION,36,12.73,661,33.09,35.19,11,0,0,0
APP-14304,44,27188.41,8,MORTGAGE,40000,PERSONAL,36,19.94,511,7.86,55.56,7,0,0,1
APP-14305,42,50276.7,3,RENT,13000,DEBTCONSOLIDATION,36,9.76,673,5.93,17.03,8,0,0,0
APP-14306,49,,6,MORTGAGE,36000,HOMEIMPROVEMENT,36,17.08,591,7.86,29.0,7,3,0,1
APP-14307,42,72257.63,13,MORTGAGE,20000,PERSONAL,36,17.14,625,26.45,44.63,8,0,0,0
APP-14308,64,101422.46,18,RENT,38000,PERSONAL,36,14.09,705,11.87,16.95,16,0,0,0
APP-14309,29,49208.32,7,OWN,15000,MEDICAL,36,16.08,599,10.95,5.82,12,0,0,0
APP-14310,57,22508.46,13,MORTGAGE,24000,HOMEIMPROVEMENT,60,16.65,628,7.43,17.69,10,0,1,0
APP-14311,30,30230.58,1,RENT,23000,HOMEIMPROVEMENT,36,9.19,782,22.27,78.95,16,0,0,0
APP-14312,56,79409.0,10,MORTGAGE,12000,DEBTCONSOLIDATION,60,13.87,699,12.81,48.74,10,1,0,0
APP-14313,57,101811.34,19,MORTGAGE,3000,DEBTCONSOLIDATION,36,10.64,706,14.54,16.44,6,0,3,1
APP-14314,48,23077.23,0,MORTGAGE,11000,HOMEIMPROVEMENT,36,11.39,728,29.51,39.84,11,1,0,0
APP-14315,48,121215.93,4,MORTGAGE,6000,DEBTCONSOLIDATION,36,15.05,691,18.51,38.48,7,0,0,0
APP-14316,62,75532.35,1,OWN,31000,PERSONAL,60,11.28,748,11.16,11.68,7,0,0,0
APP-14317,63,57802.6,10,OTHER,22000,PERSONAL,36,12.71,725,27.98,44.38,7,0,0,0
APP-14318,41,43764.94,13,MORTGAGE,34000,DEBTCONSOLIDATION,36,15.77,626,9.61,32.3,11,0,0,0
APP-14319,44,132664.75,0,MORTGAGE,26000,DEBTCONSOLIDATION,36,11.59,714,5.41,22.86,4,0,0,0
APP-14320,62,93760.9,0,RENT,8000,HOMEIMPROVEMENT,60,18.02,596,22.93,39.41,8,0,0,0
APP-14321,60,76527.98,18,MORTGAGE,29000,MEDICAL,36,17.44,524,14.07,80.17,8,0,0,1
APP-14322,22,41535.29,8,RENT,17000,DEBTCONSOLIDATION,36,8.81,768,24.22,42.87,11,0,0,0
APP-14323,28,134200.55,8,MORTGAGE,38000,MEDICAL,36,13.68,681,10.67,56.7,10,0,0,0
APP-14324,68,60789.7,19,RENT,4000,VENTURE,60,13.09,756,37.3,68.48,14,3,0,0
APP-14325,47,69529.66,5,RENT,20000,PERSONAL,36,10.21,688,30.16,10.84,7,2,0,0
APP-14326,42,62101.77,18,RENT,13000,PERSONAL,36,9.61,728,36.47,53.42,15,0,0,0
APP-14327,57,40832.14,20,RENT,20000,HOMEIMPROVEMENT,36,10.37,763,14.76,59.46,10,3,0,0
APP-14328,47,70253.15,3,RENT,12000,PERSONAL,60,16.66,601,14.98,46.02,6,0,1,0
APP-14329,49,84835.49,9,RENT,4000,VENTURE,60,12.42,715,13.79,11.28,10,2,0,0
APP-14330,23,48011.52,10,RENT,3000,PERSONAL,36,11.7,731,27.38,50.5,9,0,0,0
APP-14331,64,67308.27,17,MORTGAGE,27000,PERSONAL,36,10.63,726,16.23,12.58,10,0,0,0
APP-14332,33,61651.31,5,RENT,23000,DEBTCONSOLIDATION,60,15.74,598,10.73,28.05,12,0,0,0
APP-14333,65,94614.47,16,MORTGAGE,18000,DEBTCONSOLIDATION,60,13.08,686,5.76,7.91,8,0,0,0
APP-14334,30,51561.44,20,MORTGAGE,35000,MEDICAL,36,13.76,733,25.18,22.74,15,0,0,0
APP-14335,56,67056.14,17,MORTGAGE,16000,DEBTCONSOLIDATION,36,13.44,727,21.58,77.46,9,1,0,0
APP-14336,29,74502.26,18,RENT,13000,MEDICAL,36,11.89,796,30.45,41.87,9,0,0,0
APP-14337,47,50981.42,14,RENT,17000,HOMEIMPROVEMENT,60,11.65,726,13.21,48.92,9,3,0,0
APP-14338,54,39629.25,18,RENT,17000,MEDICAL,36,13.14,645,10.1,85.03,8,0,0,0
APP-14339,21,42988.89,2,OWN,40000,VENTURE,36,9.36,748,17.17,3.75,10,0,0,0
APP-14340,52,73467.25,14,RENT,7000,MEDICAL,36,10.97,749,37.67,22.47,12,0,0,0
APP-14341,45,53228.11,14,MORTGAGE,9000,PERSONAL,36,15.79,628,15.37,30.07,4,0,0,0
APP-14342,49,52876.02,8,RENT,26000,VENTURE,36,9.68,844,11.63,43.08,7,0,0,0
APP-14343,27,80989.42,0,RENT,20000,PERSONAL,60,5.7,845,6.38,49.89,15,0,1,0
APP-14344,69,99682.53,12,MORTGAGE,20000,DEBTCONSOLIDATION,36,12.76,655,42.56,45.96,13,0,0,0
APP-14345,23,108646.84,0,RENT,13000,HOMEIMPROVEMENT,60,17.62,599,10.0,50.25,9,1,0,1
APP-14346,40,44079.47,6,RENT,10000,HOMEIMPROVEMENT,60,13.72,621,4.26,47.36,12,0,0,0
APP-14347,40,94975.36,7,OWN,30000,DEBTCONSOLIDATION,36,15.61,613,13.46,52.91,4,0,0,0
APP-14348,50,169819.53,20,RENT,28000,VENTURE,36,18.36,602,23.48,22.29,18,0,0,0
APP-14349,55,63769.81,5,MORTGAGE,6000,DEBTCONSOLIDATION,36,15.51,650,7.97,71.53,11,2,0,0
APP-14350,55,57719.19,16,RENT,27000,PERSONAL,36,15.64,617,17.71,63.66,6,0,0,0
APP-14351,69,52006.27,0,OWN,31000,PERSONAL,36,9.98,788,33.44,34.81,9,0,0,0
APP-14352,59,35176.07,10,MORTGAGE,15000,DEBTCONSOLIDATION,36,13.56,586,22.22,48.96,11,0,0,0
APP-14353,47,91228.88,10,RENT,34000,DEBTCONSOLIDATION,60,14.5,709,2.0,83.28,2,2,0,0
APP-14354,46,57847.72,12,OWN,36000,PERSONAL,60,10.84,669,23.17,46.08,9,0,0,0
APP-14355,34,55555.9,16,RENT,12000,DEBTCONSOLIDATION,60,11.12,714,22.08,37.99,16,0,0,0
APP-14356,37,84429.46,15,RENT,5000,VENTURE,36,12.02,682,24.61,49.68,14,0,0,0
APP-14357,38,88410.1,15,MORTGAGE,34000,PERSONAL,36,12.57,698,29.94,61.23,10,0,0,0
APP-14358,65,44337.16,8,MORTGAGE,7000,DEBTCONSOLIDATION,36,9.18,765,32.19,58.5,8,0,0,0
APP-14359,49,44869.69,14,MORTGAGE,29000,DEBTCONSOLIDATION,60,12.82,654,24.78,35.96,5,1,0,0
APP-14360,40,43884.75,9,MORTGAGE,11000,HOMEIMPROVEMENT,36,15.04,593,57.47,44.41,10,0,0,1
APP-14361,47,172259.47,0,MORTGAGE,37000,EDUCATION,36,17.48,687,14.15,60.77,12,0,0,0
APP-14362,38,125313.39,18,OWN,27000,MEDICAL,36,14.24,640,53.43,17.04,11,0,0,0
APP-14363,24,85265.07,18,MORTGAGE,31000,DEBTCONSOLIDATION,36,12.28,711,17.65,67.23,5,0,0,0
APP-14364,21,49627.2,5,MORTGAGE,23000,DEBTCONSOLIDATION,36,15.47,648,14.23,65.96,7,1,0,0
APP-14365,21,52656.0,19,RENT,6000,DEBTCONSOLIDATION,60,14.71,640,14.73,46.05,11,0,3,0
APP-14366,46,71805.67,15,MORTGAGE,3000,PERSONAL,36,8.06,770,13.7,26.59,10,0,0,0
APP-14367,65,180694.88,7,MORTGAGE,34000,PERSONAL,60,9.43,819,16.37,67.9,10,2,0,0
APP-14368,40,69178.03,5,OTHER,17000,DEBTCONSOLIDATION,36,14.59,634,21.48,42.56,8,1,0,0
APP-14369,43,77219.92,20,RENT,8000,DEBTCONSOLIDATION,36,11.68,692,42.68,29.81,12,0,1,0
APP-14370,30,18000.0,14,MORTGAGE,22000,EDUCATION,60,12.08,663,13.13,21.88,11,0,0,0
APP-14371,31,68103.88,6,OWN,36000,EDUCATION,36,11.89,710,9.77,79.9,11,0,0,0
APP-14372,61,29824.02,12,MORTGAGE,23000,DEBTCONSOLIDATION,60,16.58,668,21.17,60.56,13,0,0,0
APP-14373,61,46934.23,11,MORTGAGE,23000,DEBTCONSOLIDATION,36,10.94,731,14.43,52.1,7,0,0,1
APP-14374,25,61294.35,10,OWN,7000,MEDICAL,36,12.71,627,10.56,36.57,7,0,1,0
APP-14375,21,51480.02,12,MORTGAGE,34000,PERSONAL,36,9.89,764,18.99,32.1,10,1,0,0
APP-14376,37,43565.47,10,MORTGAGE,40000,EDUCATION,60,15.35,680,31.61,46.75,11,0,0,0
APP-14377,42,43760.05,13,RENT,26000,PERSONAL,60,9.93,798,24.62,71.76,9,0,0,0
APP-14378,54,53877.91,18,MORTGAGE,19000,PERSONAL,36,7.75,798,11.03,48.62,19,0,0,0
APP-14379,65,52714.5,20,RENT,36000,DEBTCONSOLIDATION,60,10.14,703,13.29,48.54,9,2,0,0
APP-14380,61,60484.13,14,RENT,25000,MEDICAL,60,16.6,665,6.99,65.27,10,1,0,0
APP-14381,49,58265.23,19,MORTGAGE,24000,VENTURE,36,12.85,652,12.29,45.13,7,0,0,0
APP-14382,24,113486.37,17,RENT,34000,DEBTCONSOLIDATION,36,9.78,715,20.26,74.64,6,4,0,0
APP-14383,25,21486.92,4,OWN,30000,HOMEIMPROVEMENT,36,11.76,720,7.51,42.63,12,0,0,0
APP-14384,31,67675.98,19,MORTGAGE,11000,DEBTCONSOLIDATION,60,13.24,665,48.41,56.24,11,1,1,1
APP-14385,41,62038.15,0,MORTGAGE,16000,PERSONAL,36,15.93,636,15.23,22.77,11,0,0,0
APP-14386,55,55988.68,5,RENT,11000,MEDICAL,60,16.99,624,18.35,36.46,12,0,0,0
APP-14387,32,42070.19,12,RENT,27000,PERSONAL,60,9.59,758,32.23,4.29,9,2,0,0
APP-14388,46,55555.94,10,RENT,30000,VENTURE,60,13.02,618,12.94,68.03,8,0,0,0
APP-14389,39,26456.21,10,RENT,35000,EDUCATION,36,14.54,649,16.41,46.73,8,0,3,1
APP-14390,65,66393.8,16,MORTGAGE,19000,PERSONAL,36,13.0,696,23.24,11.3,9,0,0,0
APP-14391,27,72695.12,2,MORTGAGE,3000,MEDICAL,60,14.66,742,13.17,53.5,10,0,0,0
APP-14392,67,42106.85,20,MORTGAGE,26000,DEBTCONSOLIDATION,36,10.51,706,20.27,67.03,14,0,1,0
APP-14393,27,157999.24,8,MORTGAGE,22000,DEBTCONSOLIDATION,60,17.39,620,33.21,44.91,7,0,0,1
APP-14394,46,56374.82,19,MORTGAGE,32000,DEBTCONSOLIDATION,36,16.31,660,15.47,8.67,15,1,0,1
APP-14395,60,61208.2,6,MORTGAGE,23000,HOMEIMPROVEMENT,60,12.27,645,16.86,32.68,8,0,0,0
APP-14396,25,116761.75,11,RENT,10000,DEBTCONSOLIDATION,36,9.55,752,9.93,51.21,12,4,0,0
APP-14397,41,174741.28,8,MORTGAGE,28000,MEDICAL,36,11.35,737,39.12,26.19,9,0,0,0
APP-14398,34,34143.6,13,RENT,26000,MEDICAL,36,14.76,616,11.68,53.0,3,0,2,0
APP-14399,24,44865.25,2,MORTGAGE,26000,PERSONAL,60,13.65,675,9.54,57.21,13,0,0,0
APP-14400,43,56877.86,7,RENT,28000,PERSONAL,60,12.89,702,11.74,23.99,7,0,1,0
APP-14401,62,41297.76,0,MORTGAGE,11000,HOMEIMPROVEMENT,36,16.25,602,7.3,15.01,10,0,0,0
APP-14402,40,91405.07,11,RENT,31000,HOMEIMPROVEMENT,60,10.67,751,10.93,27.14,11,2,0,0
APP-14403,35,39085.57,20,RENT,5000,PERSONAL,36,12.74,704,26.35,45.96,12,0,0,0
APP-14404,65,112792.1,0,MORTGAGE,22000,DEBTCONSOLIDATION,60,9.8,732,37.81,32.34,7,1,0,0
APP-14405,49,81782.91,13,RENT,31000,MEDICAL,60,17.12,601,23.7,61.11,6,0,0,0
APP-14406,28,107153.92,15,RENT,34000,DEBTCONSOLIDATION,36,13.75,689,20.21,30.71,11,0,0,0
APP-14407,61,39173.2,3,RENT,27000,DEBTCONSOLIDATION,60,14.54,682,4.05,38.67,9,0,0,0
APP-14408,68,49427.03,4,RENT,3000,HOMEIMPROVEMENT,36,14.71,633,14.23,19.73,9,0,0,0
APP-14409,39,93806.81,2,MORTGAGE,24000,MEDICAL,36,10.78,674,15.73,6.56,7,0,0,0
APP-14410,68,85673.31,5,MORTGAGE,32000,DEBTCONSOLIDATION,60,12.15,744,8.71,12.33,15,2,0,0
APP-14411,59,51873.88,0,MORTGAGE,5000,HOMEIMPROVEMENT,36,16.57,635,43.97,29.94,11,0,0,0
APP-14412,66,55699.91,6,RENT,21000,PERSONAL,60,11.21,689,27.79,59.9,12,3,0,0
APP-14413,48,48186.11,6,RENT,26000,HOMEIMPROVEMENT,36,7.29,781,15.72,20.42,13,0,0,0
APP-14414,66,54955.44,16,MORTGAGE,2000,DEBTCONSOLIDATION,60,15.59,589,6.62,41.96,6,0,0,0
APP-14415,47,36950.33,16,RENT,3000,HOMEIMPROVEMENT,36,9.08,688,41.44,40.45,9,0,0,0
APP-14416,24,33975.37,16,RENT,7000,DEBTCONSOLIDATION,36,14.21,650,9.95,3.68,11,0,1,0
APP-14417,35,98984.17,11,MORTGAGE,8000,VENTURE,60,12.61,721,37.48,84.92,9,0,0,0
APP-14418,55,54030.17,5,MORTGAGE,5000,HOMEIMPROVEMENT,36,12.62,675,13.64,31.42,5,3,0,0
APP-14419,57,106474.83,7,RENT,19000,MEDICAL,60,10.03,748,15.63,59.58,13,1,0,0
APP-14420,21,80659.54,5,RENT,6000,DEBTCONSOLIDATION,60,12.7,718,26.11,26.39,10,0,0,0
APP-14421,23,69982.83,11,MORTGAGE,26000,HOMEIMPROVEMENT,36,11.98,702,8.57,51.0,10,0,2,0
APP-14422,67,41977.5,19,RENT,2000,DEBTCONSOLIDATION,36,10.99,738,30.93,8.87,7,0,0,0
APP-14423,44,32682.99,4,OWN,35000,DEBTCONSOLIDATION,36,15.45,676,5.52,50.28,12,0,0,0
APP-14424,47,47645.6,8,OWN,4000,PERSONAL,60,14.0,656,20.36,42.04,15,0,0,0
APP-14425,60,128792.61,13,MORTGAGE,18000,DEBTCONSOLIDATION,36,13.29,700,11.79,24.4,11,0,0,0
APP-14426,56,93384.29,17,RENT,33000,DEBTCONSOLIDATION,36,13.65,666,13.47,7.6,9,1,0,0
APP-14427,54,45469.32,4,RENT,25000,VENTURE,36,15.52,621,27.24,29.73,9,0,0,0
APP-14428,49,47916.72,4,OWN,3000,HOMEIMPROVEMENT,36,12.68,626,4.9,60.63,9,0,0,0
APP-14429,44,37626.18,18,RENT,2000,DEBTCONSOLIDATION,36,11.68,614,17.61,36.42,10,0,0,0
APP-14430,44,27624.47,0,RENT,35000,PERSONAL,60,12.22,687,25.63,83.57,9,0,0,0
APP-14431,62,62994.33,12,RENT,9000,DEBTCONSOLIDATION,36,14.3,691,7.81,52.53,13,0,0,0
APP-14432,24,141851.88,17,RENT,10000,EDUCATION,36,16.88,592,18.0,33.49,6,0,0,1
APP-14433,23,142745.18,19,MORTGAGE,29000,PERSONAL,36,10.2,753,8.44,42.03,9,0,0,0
APP-14434,54,81141.68,0,OWN,20000,DEBTCONSOLIDATION,36,11.09,756,3.37,58.68,10,0,0,0
APP-14435,69,44296.63,6,MORTGAGE,21000,DEBTCONSOLIDATION,36,12.56,677,22.11,57.75,5,2,0,0
APP-14436,43,29006.06,4,MORTGAGE,8000,DEBTCONSOLIDATION,60,11.68,742,18.7,62.14,9,1,0,0
APP-14437,43,101066.21,11,RENT,36000,DEBTCONSOLIDATION,36,12.52,663,14.47,55.58,9,0,0,0
APP-14438,65,74877.48,12,MORTGAGE,20000,PERSONAL,36,15.32,596,26.31,27.29,8,0,0,0
APP-14439,25,51117.69,20,RENT,18000,MEDICAL,60,11.35,682,15.6,61.87,7,0,1,0
APP-14440,51,47021.2,9,RENT,19000,VENTURE,36,11.93,667,30.39,40.11,9,0,0,0
APP-14441,61,80839.28,10,RENT,8000,HOMEIMPROVEMENT,60,11.49,705,11.07,27.32,10,2,0,0
APP-14442,26,39604.15,7,MORTGAGE,28000,DEBTCONSOLIDATION,36,13.46,732,20.7,28.07,10,0,0,0
APP-14443,57,67481.99,1,RENT,40000,DEBTCONSOLIDATION,36,10.36,756,17.96,23.58,4,0,0,0
APP-14444,30,32535.57,5,OWN,31000,DEBTCONSOLIDATION,36,14.69,630,21.14,68.03,9,2,0,0
APP-14445,60,182454.44,3,OTHER,24000,DEBTCONSOLIDATION,60,10.61,808,18.39,49.54,15,0,0,0
APP-14446,27,42466.73,16,RENT,21000,DEBTCONSOLIDATION,36,13.18,633,31.63,30.74,10,4,0,0
APP-14447,59,82801.34,10,RENT,24000,PERSONAL,36,11.58,690,8.53,28.62,13,0,0,0
APP-14448,58,32892.15,5,MORTGAGE,27000,VENTURE,36,11.2,714,15.29,29.7,12,0,0,0
APP-14449,41,55180.97,9,OWN,15000,DEBTCONSOLIDATION,36,13.62,676,10.01,25.89,11,0,0,0
APP-14450,40,93181.95,3,OWN,32000,DEBTCONSOLIDATION,36,20.23,564,17.21,18.9,7,2,0,0
APP-14451,23,103826.62,2,RENT,28000,DEBTCONSOLIDATION,60,18.7,614,30.12,51.2,13,0,0,0
APP-14452,42,87697.1,17,RENT,10000,DEBTCONSOLIDATION,60,13.4,669,31.16,15.87,11,0,0,0
APP-14453,67,55875.31,19,RENT,24000,VENTURE,60,10.82,702,15.16,20.79,17,0,0,0
APP-14454,24,42917.05,0,RENT,11000,DEBTCONSOLIDATION,36,13.9,630,16.73,23.85,7,2,1,0
APP-14455,48,34932.1,15,RENT,24000,HOMEIMPROVEMENT,36,11.06,716,23.47,24.14,5,0,0,0
APP-14456,32,126994.53,8,MORTGAGE,11000,DEBTCONSOLIDATION,36,13.92,713,11.21,58.8,15,0,0,0
APP-14457,58,63050.14,7,RENT,3000,PERSONAL,36,12.68,727,23.53,15.23,15,0,0,0
APP-14458,56,69155.97,13,MORTGAGE,38000,PERSONAL,36,13.5,686,5.81,48.5,13,0,1,0
APP-14459,67,107225.02,4,RENT,39000,PERSONAL,60,11.39,667,30.95,35.57,15,0,0,0
APP-14460,61,80287.21,0,RENT,39000,HOMEIMPROVEMENT,36,12.85,717,17.17,39.68,12,0,0,0
APP-14461,25,56178.61,3,RENT,2000,EDUCATION,36,9.82,681,15.69,17.01,16,0,0,0
APP-14462,33,86872.93,2,RENT,19000,DEBTCONSOLIDATION,60,8.63,766,14.32,36.27,11,0,2,0
APP-14463,43,43858.63,0,MORTGAGE,36000,HOMEIMPROVEMENT,36,14.42,624,8.53,17.35,9,0,1,0
APP-14464,50,27568.5,5,RENT,8000,DEBTCONSOLIDATION,36,10.81,782,19.66,86.41,10,0,0,0
APP-14465,57,121287.75,9,OWN,23000,EDUCATION,36,12.89,725,14.64,52.35,7,0,0,0
APP-14466,45,45724.9,14,OWN,26000,EDUCATION,36,12.47,691,17.93,43.34,10,0,0,0
APP-14467,68,51423.73,5,MORTGAGE,24000,DEBTCONSOLIDATION,36,11.35,700,21.01,53.18,10,2,0,0
APP-14468,47,53742.44,2,MORTGAGE,10000,EDUCATION,36,13.05,693,19.77,23.66,11,0,0,0
APP-14469,34,44306.97,3,MORTGAGE,28000,HOMEIMPROVEMENT,36,12.14,686,13.56,16.31,10,0,0,0
APP-14470,68,103846.27,18,RENT,12000,EDUCATION,36,9.99,765,11.38,26.43,12,3,0,0
APP-14471,67,72202.37,2,MORTGAGE,28000,VENTURE,36,9.05,779,14.16,13.48,4,0,0,0
APP-14472,56,51436.67,18,OWN,29000,DEBTCONSOLIDATION,60,12.7,710,8.52,23.81,15,0,0,0
APP-14473,59,31639.62,8,RENT,19000,VENTURE,36,10.18,723,21.33,63.7,11,0,0,0
APP-14474,36,69696.05,19,MORTGAGE,37000,HOMEIMPROVEMENT,36,14.51,623,8.18,24.79,10,0,0,0
APP-14475,42,18000.0,7,MORTGAGE,35000,DEBTCONSOLIDATION,60,11.99,655,15.97,60.97,11,0,0,1
APP-14476,41,67263.5,2,OTHER,14000,VENTURE,36,10.98,712,14.3,56.51,12,0,0,0
APP-14477,41,117194.5,10,RENT,31000,HOMEIMPROVEMENT,60,13.73,684,8.13,20.07,12,0,0,0
APP-14478,28,61838.36,11,RENT,29000,EDUCATION,36,11.83,712,12.74,16.45,14,0,0,0
APP-14479,69,109443.49,12,RENT,23000,HOMEIMPROVEMENT,60,11.1,613,13.61,47.45,6,0,0,0
APP-14480,36,32383.72,7,MORTGAGE,25000,PERSONAL,36,12.0,706,61.59,65.33,10,0,0,0
APP-14481,51,165921.61,0,RENT,31000,EDUCATION,36,8.21,813,5.0,43.97,11,0,0,0
APP-14482,62,103636.28,12,RENT,39000,HOMEIMPROVEMENT,36,16.48,637,9.38,18.51,10,0,0,0
APP-14483,30,75961.58,19,RENT,21000,DEBTCONSOLIDATION,60,12.52,707,15.22,41.21,11,0,0,0
APP-14484,52,44391.48,20,RENT,7000,DEBTCONSOLIDATION,36,16.52,666,8.6,47.13,10,0,0,0
APP-14485,54,40853.14,11,RENT,34000,VENTURE,36,12.44,743,8.45,52.89,20,0,0,1
APP-14486,29,57788.57,0,MORTGAGE,39000,DEBTCONSOLIDATION,36,10.76,700,15.66,9.27,16,0,0,0
APP-14487,37,109249.45,0,OWN,16000,MEDICAL,60,17.19,662,12.04,52.87,12,0,0,0
APP-14488,31,31015.41,17,RENT,16000,EDUCATION,36,13.83,645,15.44,53.63,10,0,0,0
APP-14489,52,60186.61,17,MORTGAGE,33000,DEBTCONSOLIDATION,36,11.14,717,9.01,51.14,6,0,0,0
APP-14490,30,86431.73,19,MORTGAGE,15000,DEBTCONSOLIDATION,36,11.81,666,24.53,21.12,14,2,0,0
APP-14491,42,95289.45,11,RENT,9000,PERSONAL,60,5.95,837,20.79,9.3,8,1,1,0
APP-14492,37,,17,MORTGAGE,37000,DEBTCONSOLIDATION,36,8.47,701,52.07,56.44,16,0,0,0
APP-14493,24,29472.22,17,RENT,23000,PERSONAL,36,12.78,719,18.7,65.29,11,0,0,0
APP-14494,68,105439.11,11,MORTGAGE,39000,PERSONAL,36,18.27,580,4.01,23.63,7,0,0,0
APP-14495,67,61919.9,16,MORTGAGE,21000,VENTURE,60,13.02,700,40.33,18.67,12,0,0,0
APP-14496,45,34794.08,1,MORTGAGE,25000,EDUCATION,36,16.21,592,23.12,10.48,6,0,0,0
APP-14497,41,59154.97,12,RENT,22000,PERSONAL,36,12.35,675,10.17,38.3,6,0,0,0
APP-14498,57,22486.43,19,MORTGAGE,29000,HOMEIMPROVEMENT,60,10.95,743,15.34,60.64,11,0,0,0
APP-14499,58,79949.38,1,MORTGAGE,24000,DEBTCONSOLIDATION,60,9.05,791,7.34,37.28,9,0,0,0
APP-14500,69,56170.4,15,MORTGAGE,25000,MEDICAL,36,11.79,759,17.06,55.24,9,0,0,0
APP-14501,21,31727.6,5,MORTGAGE,40000,DEBTCONSOLIDATION,60,12.61,699,58.25,37.19,17,0,0,0
APP-14502,45,51790.48,16,MORTGAGE,24000,PERSONAL,60,8.76,766,49.0,21.59,3,0,0,0
APP-14503,56,42035.4,14,RENT,5000,DEBTCONSOLIDATION,36,9.5,797,26.81,27.08,13,0,0,0
APP-14504,37,43399.71,19,RENT,5000,DEBTCONSOLIDATION,36,14.23,630,28.01,26.41,9,0,0,0
APP-14505,61,19331.35,14,MORTGAGE,31000,PERSONAL,60,11.69,756,27.78,42.14,10,0,0,0
APP-14506,44,25949.78,7,MORTGAGE,29000,DEBTCONSOLIDATION,36,14.5,644,4.2,20.58,16,0,0,0
APP-14507,22,53377.82,0,RENT,32000,PERSONAL,36,15.73,678,37.04,69.88,11,0,0,0
APP-14508,60,48977.91,16,RENT,34000,DEBTCONSOLIDATION,60,12.17,715,28.1,70.54,13,2,0,0
APP-14509,35,97439.71,7,RENT,20000,PERSONAL,60,12.82,761,26.87,34.6,14,0,0,0
APP-14510,52,43656.55,13,MORTGAGE,11000,DEBTCONSOLIDATION,60,13.29,676,24.19,47.05,14,0,0,0
APP-14511,59,46005.18,0,MORTGAGE,26000,VENTURE,60,16.32,624,10.73,12.26,9,0,0,0
APP-14512,26,47093.02,18,MORTGAGE,38000,PERSONAL,36,16.46,584,9.57,34.24,8,0,0,1
APP-14513,21,54256.88,8,RENT,14000,DEBTCONSOLIDATION,36,12.4,671,20.57,48.24,15,0,0,0
APP-14514,67,62675.88,19,RENT,7000,DEBTCONSOLIDATION,36,8.18,775,4.97,30.35,11,2,0,0
APP-14515,43,48865.95,14,MORTGAGE,31000,DEBTCONSOLIDATION,60,14.49,658,15.55,78.69,13,0,0,0
APP-14516,59,79667.0,1,RENT,24000,PERSONAL,60,11.22,757,9.64,59.34,7,0,0,0
APP-14517,37,189114.98,11,RENT,37000,DEBTCONSOLIDATION,60,13.21,643,23.06,24.25,14,0,0,0
APP-14518,54,39627.48,18,MORTGAGE,17000,DEBTCONSOLIDATION,36,11.42,695,11.98,10.59,6,0,0,0
APP-14519,61,72832.31,16,MORTGAGE,9000,HOMEIMPROVEMENT,36,14.25,707,17.6,17.07,12,0,0,0
APP-14520,49,60764.63,7,RENT,17000,VENTURE,36,13.16,736,25.32,58.54,8,0,0,0
APP-14521,29,101064.81,19,OWN,12000,DEBTCONSOLIDATION,36,16.12,625,32.72,40.16,8,0,0,1
APP-14522,33,,4,RENT,2000,DEBTCONSOLIDATION,60,14.37,671,6.6,30.75,9,0,0,0
APP-14523,26,41638.25,6,RENT,23000,DEBTCONSOLIDATION,36,11.97,756,14.31,22.64,6,0,0,0
APP-14524,26,33438.83,15,MORTGAGE,19000,PERSONAL,36,17.92,607,37.62,34.9,10,1,0,0
APP-14525,40,81246.64,3,MORTGAGE,37000,DEBTCONSOLIDATION,36,12.26,730,20.64,50.82,11,0,0,0
APP-14526,23,34825.29,9,RENT,12000,HOMEIMPROVEMENT,36,17.19,615,9.75,45.65,6,0,0,0
APP-14527,37,108214.46,14,MORTGAGE,21000,DEBTCONSOLIDATION,60,12.03,679,3.07,49.37,9,0,0,0
APP-14528,69,78952.08,12,RENT,11000,PERSONAL,36,11.55,693,13.2,15.64,9,0,0,0
APP-14529,32,62527.05,1,MORTGAGE,11000,VENTURE,36,15.6,649,7.57,73.7,7,0,0,0
APP-14530,68,31066.1,12,RENT,38000,MEDICAL,36,9.62,737,15.94,24.26,8,0,0,0
APP-14531,67,83923.55,11,MORTGAGE,23000,PERSONAL,60,14.25,699,22.12,64.34,4,0,0,0
APP-14532,65,134374.11,10,MORTGAGE,12000,DEBTCONSOLIDATION,36,10.17,727,10.06,58.81,8,0,0,0
APP-14533,21,48409.56,17,MORTGAGE,36000,HOMEIMPROVEMENT,36,15.11,650,17.23,14.85,7,0,0,0
APP-14534,37,41317.7,2,MORTGAGE,10000,VENTURE,36,10.19,768,27.1,48.45,3,0,0,0
APP-14535,23,57181.58,15,MORTGAGE,16000,DEBTCONSOLIDATION,36,9.98,736,37.7,49.41,9,1,0,0
APP-14536,46,75619.63,15,MORTGAGE,20000,HOMEIMPROVEMENT,60,13.22,678,31.91,28.27,11,0,0,0
APP-14537,35,45907.8,14,OTHER,38000,MEDICAL,60,15.33,618,27.52,89.65,11,0,0,1
APP-14538,56,93863.71,9,MORTGAGE,7000,HOMEIMPROVEMENT,36,10.36,771,27.95,49.17,11,0,0,0
APP-14539,52,155649.04,7,MORTGAGE,37000,PERSONAL,36,13.27,630,16.03,30.06,8,0,0,0
APP-14540,52,70623.83,7,MORTGAGE,6000,PERSONAL,36,12.45,715,6.67,73.1,11,2,0,0
APP-14541,24,50894.34,14,MORTGAGE,4000,DEBTCONSOLIDATION,60,13.55,695,21.84,47.57,13,2,0,0
APP-14542,38,74607.92,9,RENT,11000,PERSONAL,36,14.9,685,13.61,19.87,16,0,3,0
APP-14543,69,107866.52,5,MORTGAGE,14000,VENTURE,36,13.17,622,6.27,79.33,10,0,0,0
APP-14544,39,64849.1,12,RENT,5000,EDUCATION,36,15.8,631,13.16,56.9,8,0,0,0
APP-14545,63,76309.1,17,RENT,34000,DEBTCONSOLIDATION,36,8.92,776,13.93,53.56,17,0,0,0
APP-14546,55,85168.17,0,MORTGAGE,35000,PERSONAL,36,14.14,706,13.57,22.94,9,0,0,0
APP-14547,60,38649.03,20,RENT,37000,DEBTCONSOLIDATION,36,10.11,747,13.13,13.81,10,0,0,0
APP-14548,34,75324.5,0,OWN,34000,VENTURE,36,17.52,555,21.26,42.04,7,0,0,0
APP-14549,53,30608.27,9,MORTGAGE,22000,HOMEIMPROVEMENT,60,15.4,661,3.93,21.41,7,0,0,0
APP-14550,34,43078.72,11,MORTGAGE,40000,PERSONAL,36,10.17,738,31.07,42.97,8,0,0,0
APP-14551,54,106173.65,1,RENT,6000,HOMEIMPROVEMENT,36,12.18,651,38.27,64.39,10,0,0,0
APP-14552,24,92551.23,19,MORTGAGE,14000,HOMEIMPROVEMENT,36,11.99,582,27.58,55.32,15,0,1,1
APP-14553,44,52308.28,8,MORTGAGE,18000,VENTURE,36,11.22,731,12.85,53.31,10,0,0,0
APP-14554,49,140490.72,1,RENT,11000,DEBTCONSOLIDATION,36,13.63,572,21.4,51.23,9,0,1,1
APP-14555,39,31098.19,14,OWN,11000,HOMEIMPROVEMENT,60,9.49,716,18.43,22.2,14,0,2,0
APP-14556,26,54038.72,13,RENT,3000,HOMEIMPROVEMENT,60,11.77,704,29.21,30.4,7,0,0,0
APP-14557,53,68703.27,20,MORTGAGE,39000,DEBTCONSOLIDATION,60,14.29,671,12.1,70.32,1,0,0,0
APP-14558,69,18000.0,8,MORTGAGE,22000,DEBTCONSOLIDATION,36,12.16,692,11.67,44.16,10,0,0,0
APP-14559,60,55335.43,4,OWN,2000,MEDICAL,36,10.81,689,22.39,54.4,16,0,0,0
APP-14560,39,34123.82,0,MORTGAGE,31000,DEBTCONSOLIDATION,36,10.33,739,6.5,68.5,11,0,0,0
APP-14561,21,34514.38,14,MORTGAGE,19000,DEBTCONSOLIDATION,36,8.35,719,9.26,24.77,10,0,0,0
APP-14562,25,52254.7,12,OWN,36000,DEBTCONSOLIDATION,60,10.84,751,63.23,30.51,14,0,0,0
APP-14563,47,24032.7,20,MORTGAGE,40000,DEBTCONSOLIDATION,36,11.32,811,26.81,7.96,10,0,0,0
APP-14564,36,39975.42,14,MORTGAGE,23000,DEBTCONSOLIDATION,36,16.48,641,18.5,42.16,16,5,0,0
APP-14565,26,24315.25,19,MORTGAGE,4000,DEBTCONSOLIDATION,36,11.36,681,7.9,47.93,13,0,0,0
APP-14566,60,63697.05,20,MORTGAGE,7000,VENTURE,60,12.8,639,24.59,11.89,15,0,0,0
APP-14567,33,63080.92,8,RENT,37000,EDUCATION,36,8.07,764,50.07,30.18,10,0,0,0
APP-14568,68,50298.27,1,RENT,17000,PERSONAL,36,11.32,676,20.19,50.99,4,0,0,0
APP-14569,55,98540.47,2,MORTGAGE,4000,HOMEIMPROVEMENT,36,11.6,679,39.55,63.43,13,0,0,0
APP-14570,39,51633.13,5,RENT,37000,VENTURE,36,11.54,687,13.14,83.71,7,0,0,0
APP-14571,32,59187.15,9,MORTGAGE,12000,HOMEIMPROVEMENT,36,15.38,640,15.84,24.67,12,1,0,0
APP-14572,36,38063.06,1,MORTGAGE,18000,VENTURE,36,19.3,548,4.2,6.11,6,1,0,0
APP-14573,63,18927.34,5,RENT,20000,MEDICAL,36,10.58,707,40.99,49.85,8,1,0,0
APP-14574,30,55677.43,5,RENT,9000,HOMEIMPROVEMENT,36,11.9,648,15.66,39.84,12,0,0,0
APP-14575,45,52157.64,0,MORTGAGE,15000,PERSONAL,36,13.88,693,29.27,36.89,12,0,0,0
APP-14576,40,140780.09,6,OWN,27000,DEBTCONSOLIDATION,36,9.15,832,3.2,85.14,11,0,0,0
APP-14577,51,83593.66,0,MORTGAGE,26000,PERSONAL,60,11.21,790,23.48,34.04,11,0,0,0
APP-14578,24,48700.25,8,RENT,11000,DEBTCONSOLIDATION,60,12.31,673,16.57,10.11,7,0,0,0
APP-14579,64,64268.93,2,MORTGAGE,33000,PERSONAL,36,10.34,710,16.81,23.92,7,0,0,0
APP-14580,43,94231.42,16,MORTGAGE,16000,MEDICAL,36,12.8,724,19.37,51.03,11,0,1,0
APP-14581,22,77526.69,0,MORTGAGE,5000,EDUCATION,60,13.59,733,21.83,55.69,8,0,0,0
APP-14582,42,137923.29,17,RENT,29000,DEBTCONSOLIDATION,60,14.34,649,31.67,45.69,14,0,0,0
APP-14583,57,40348.19,11,RENT,5000,DEBTCONSOLIDATION,36,15.9,661,24.89,54.73,13,0,0,0
APP-14584,28,97491.17,8,RENT,14000,DEBTCONSOLIDATION,36,10.49,736,12.08,54.14,6,0,0,0
APP-14585,27,48463.38,10,RENT,13000,VENTURE,60,13.29,660,38.85,40.18,11,0,0,1
APP-14586,34,65960.29,6,RENT,16000,MEDICAL,36,12.8,747,33.69,38.35,10,0,0,0
APP-14587,23,45304.49,1,MORTGAGE,30000,PERSONAL,60,14.14,656,4.36,28.5,10,0,0,0
APP-14588,36,55770.25,15,MORTGAGE,24000,PERSONAL,36,11.25,762,38.22,42.3,14,0,0,0
APP-14589,39,66554.81,19,MORTGAGE,14000,HOMEIMPROVEMENT,36,12.41,659,6.93,55.46,11,0,0,0
APP-14590,38,80549.47,19,RENT,39000,DEBTCONSOLIDATION,60,11.16,717,12.72,27.44,11,0,0,0
APP-14591,36,61739.46,13,MORTGAGE,36000,DEBTCONSOLIDATION,36,8.5,743,30.06,66.07,14,0,0,0
APP-14592,28,18000.0,7,MORTGAGE,13000,DEBTCONSOLIDATION,36,14.17,651,19.15,40.88,8,0,0,1
APP-14593,53,57614.27,9,OWN,31000,DEBTCONSOLIDATION,36,7.72,800,14.84,12.24,10,2,0,0
APP-14594,69,124891.47,13,RENT,6000,HOMEIMPROVEMENT,60,9.81,785,7.18,17.81,11,0,0,0
APP-14595,32,57386.49,16,RENT,3000,DEBTCONSOLIDATION,60,12.42,687,18.49,20.0,4,4,0,0
APP-14596,31,126657.38,6,RENT,31000,MEDICAL,36,14.17,728,11.21,37.16,8,0,0,0
APP-14597,25,56381.8,19,MORTGAGE,36000,DEBTCONSOLIDATION,60,12.21,718,23.33,55.47,9,0,0,0
APP-14598,47,27282.73,5,OWN,11000,PERSONAL,36,13.22,681,4.92,36.98,13,2,0,0
APP-14599,32,48219.68,10,MORTGAGE,10000,DEBTCONSOLIDATION,36,15.38,587,7.79,42.69,14,0,0,0
APP-14600,37,45287.36,20,MORTGAGE,18000,MEDICAL,60,13.55,670,25.92,15.44,12,0,0,0
APP-14601,26,53382.24,19,MORTGAGE,39000,VENTURE,60,16.91,605,3.08,32.71,12,0,0,0
APP-14602,53,33101.73,14,RENT,31000,EDUCATION,36,10.76,682,22.49,94.07,11,0,0,0
APP-14603,25,59610.63,5,OWN,36000,DEBTCONSOLIDATION,36,9.65,821,21.17,44.31,22,0,0,0
APP-14604,48,50811.1,3,RENT,8000,VENTURE,36,15.45,652,13.15,63.59,9,2,1,1
APP-14605,34,113997.4,0,RENT,13000,DEBTCONSOLIDATION,36,16.21,605,6.55,50.84,8,0,0,0
APP-14606,25,32691.86,14,OTHER,35000,DEBTCONSOLIDATION,36,12.58,742,25.72,33.51,10,0,0,0
APP-14607,53,67699.52,9,RENT,4000,DEBTCONSOLIDATION,36,11.27,702,18.17,85.18,9,1,0,1
APP-14608,68,73534.8,11,RENT,34000,PERSONAL,60,6.64,794,30.25,33.27,14,0,0,0
APP-14609,61,88211.31,9,RENT,14000,DEBTCONSOLIDATION,36,17.3,583,25.35,77.57,5,0,0,0
APP-14610,39,49921.45,9,MORTGAGE,12000,DEBTCONSOLIDATION,36,11.42,660,9.47,24.26,8,0,0,0
APP-14611,42,66862.96,11,RENT,21000,DEBTCONSOLIDATION,36,13.36,622,9.86,25.48,6,0,0,0
APP-14612,25,71441.85,19,RENT,32000,EDUCATION,36,9.78,731,29.27,18.05,12,0,0,0
APP-14613,22,26260.42,0,MORTGAGE,34000,HOMEIMPROVEMENT,36,10.8,741,7.13,48.0,11,0,0,1
APP-14614,50,50825.31,16,OWN,35000,PERSONAL,60,13.51,654,7.49,60.73,12,2,0,0
APP-14615,67,58904.19,7,RENT,10000,MEDICAL,36,10.2,718,23.9,33.67,12,0,0,0
APP-14616,59,62460.47,15,MORTGAGE,8000,DEBTCONSOLIDATION,36,11.78,802,22.42,24.35,9,0,0,0
APP-14617,24,62079.4,19,MORTGAGE,10000,DEBTCONSOLIDATION,36,15.23,666,11.69,72.93,9,1,0,0
APP-14618,53,74515.37,5,RENT,27000,PERSONAL,36,10.02,772,26.28,52.54,14,0,0,0
APP-14619,33,157755.63,0,RENT,3000,DEBTCONSOLIDATION,60,18.38,569,8.79,7.57,8,0,0,0
APP-14620,40,44457.36,3,MORTGAGE,6000,DEBTCONSOLIDATION,60,12.51,691,21.08,20.0,12,0,0,0
APP-14621,27,72445.21,3,MORTGAGE,3000,MEDICAL,36,11.9,787,34.0,7.71,5,0,0,0
APP-14622,35,114766.12,15,RENT,11000,DEBTCONSOLIDATION,36,20.02,593,3.47,1.94,15,0,0,0
APP-14623,43,24359.59,0,RENT,32000,MEDICAL,36,11.33,757,5.0,57.93,11,0,0,1
APP-14624,34,68464.15,0,RENT,34000,DEBTCONSOLIDATION,36,12.33,621,21.12,41.42,13,2,0,0
APP-14625,43,25843.4,14,MORTGAGE,7000,MEDICAL,36,14.18,660,43.16,7.37,9,0,0,0
APP-14626,39,178579.45,10,MORTGAGE,15000,PERSONAL,60,13.86,662,15.11,24.0,9,0,0,0
APP-14627,49,77732.24,7,MORTGAGE,15000,PERSONAL,36,14.07,664,9.9,12.45,12,0,0,0
APP-14628,40,72659.93,11,MORTGAGE,16000,DEBTCONSOLIDATION,60,12.82,735,8.2,55.42,11,2,0,0
APP-14629,49,23466.12,14,OWN,34000,DEBTCONSOLIDATION,36,13.95,633,5.93,37.31,12,0,0,0
APP-14630,44,46525.42,0,OTHER,32000,PERSONAL,36,6.77,850,8.33,61.52,7,0,0,0
APP-14631,38,46634.78,10,MORTGAGE,18000,DEBTCONSOLIDATION,36,13.18,683,17.09,11.97,9,0,0,0
APP-14632,30,144817.23,17,MORTGAGE,16000,DEBTCONSOLIDATION,36,9.76,754,13.3,38.83,11,0,0,0
APP-14633,61,86215.1,6,RENT,21000,DEBTCONSOLIDATION,36,11.78,745,15.67,20.48,6,0,0,0
APP-14634,28,26200.58,15,RENT,22000,DEBTCONSOLIDATION,36,11.8,673,6.06,18.18,7,0,0,0
APP-14635,46,75716.48,17,MORTGAGE,30000,VENTURE,36,13.08,699,21.07,34.03,12,0,0,0
APP-14636,49,28241.5,16,OTHER,10000,VENTURE,60,15.07,667,30.68,43.75,5,0,0,0
APP-14637,30,26511.49,13,RENT,30000,DEBTCONSOLIDATION,60,13.18,712,23.22,13.49,12,0,1,0
APP-14638,37,75110.15,14,MORTGAGE,35000,HOMEIMPROVEMENT,36,15.43,614,5.67,50.83,11,0,0,0
APP-14639,22,86888.81,16,OTHER,10000,PERSONAL,36,13.21,727,13.4,13.42,8,0,0,0
APP-14640,26,75310.65,14,MORTGAGE,31000,MEDICAL,60,9.47,721,13.91,26.12,11,3,0,0
APP-14641,25,153244.7,8,MORTGAGE,18000,DEBTCONSOLIDATION,60,11.8,728,19.33,28.33,13,0,2,0
APP-14642,48,71996.75,1,RENT,5000,DEBTCONSOLIDATION,36,16.74,701,31.2,29.41,8,0,0,0
APP-14643,61,65189.07,5,RENT,33000,VENTURE,36,17.69,613,20.77,54.44,10,2,0,0
APP-14644,25,32597.64,2,RENT,33000,MEDICAL,36,15.4,642,8.51,28.53,11,0,0,0
APP-14645,38,91932.22,6,MORTGAGE,8000,VENTURE,60,12.98,721,30.2,47.15,11,2,0,0
APP-14646,46,26220.0,9,RENT,39000,DEBTCONSOLIDATION,60,13.86,668,10.29,14.65,18,0,0,0
APP-14647,40,164420.84,20,RENT,33000,DEBTCONSOLIDATION,60,14.98,629,20.47,39.66,8,0,0,1
APP-14648,61,92540.25,20,MORTGAGE,6000,DEBTCONSOLIDATION,36,11.32,758,13.74,58.72,14,0,0,0
APP-14649,69,241566.16,15,MORTGAGE,4000,MEDICAL,60,14.67,658,25.01,17.52,7,0,0,0
APP-14650,47,72741.26,20,MORTGAGE,21000,DEBTCONSOLIDATION,36,15.69,662,11.57,43.6,13,1,0,0
APP-14651,69,94852.95,20,OTHER,18000,MEDICAL,60,13.08,680,13.51,17.86,8,0,0,0
APP-14652,32,52125.76,18,RENT,17000,EDUCATION,36,12.05,715,10.71,18.11,8,1,0,0
APP-14653,27,58592.4,0,MORTGAGE,12000,DEBTCONSOLIDATION,36,14.51,697,17.7,63.08,10,0,0,0
APP-14654,23,35391.72,7,MORTGAGE,14000,VENTURE,36,9.09,766,24.17,47.84,4,0,0,0
APP-14655,30,29031.76,10,RENT,19000,DEBTCONSOLIDATION,36,12.22,709,40.14,45.36,11,0,0,0
APP-14656,54,65824.6,1,MORTGAGE,15000,DEBTCONSOLIDATION,36,13.37,717,17.59,47.17,12,0,0,0
APP-14657,45,58419.72,16,MORTGAGE,35000,HOMEIMPROVEMENT,36,13.24,641,5.56,76.36,8,0,0,0
APP-14658,55,34961.86,1,MORTGAGE,13000,DEBTCONSOLIDATION,60,15.97,603,2.0,3.98,11,1,0,0
APP-14659,36,38201.66,6,RENT,23000,DEBTCONSOLIDATION,36,9.13,711,7.5,22.5,9,0,0,0
APP-14660,22,60854.13,0,MORTGAGE,22000,PERSONAL,36,8.3,794,7.76,36.08,9,0,0,0
APP-14661,44,34663.38,10,OWN,27000,HOMEIMPROVEMENT,36,9.77,740,38.23,73.5,12,0,0,0
APP-14662,30,71562.22,11,RENT,40000,DEBTCONSOLIDATION,36,9.41,760,16.35,40.44,12,0,0,0
APP-14663,58,35205.42,14,RENT,3000,DEBTCONSOLIDATION,36,14.84,698,40.41,13.8,16,0,0,0
APP-14664,42,68045.18,5,MORTGAGE,17000,DEBTCONSOLIDATION,36,7.75,747,29.62,32.31,8,0,0,0
APP-14665,46,33679.48,11,RENT,35000,EDUCATION,36,12.16,743,8.06,33.95,10,0,1,0
APP-14666,63,33750.22,14,MORTGAGE,12000,HOMEIMPROVEMENT,60,12.85,670,6.29,29.29,10,0,0,0
APP-14667,59,18377.54,15,RENT,20000,PERSONAL,36,14.13,668,24.73,38.09,5,0,0,1
APP-14668,47,55263.09,5,OWN,31000,DEBTCONSOLIDATION,36,12.66,659,15.07,27.45,8,3,0,0
APP-14669,49,123875.51,0,RENT,8000,PERSONAL,60,15.38,656,15.32,37.55,14,5,0,0
APP-14670,67,120410.91,0,OTHER,28000,PERSONAL,36,15.84,585,6.86,28.06,5,0,0,0
APP-14671,58,70406.0,15,RENT,23000,DEBTCONSOLIDATION,36,12.46,643,32.73,46.18,11,0,0,0
APP-14672,40,22015.3,7,RENT,18000,PERSONAL,60,14.23,645,27.23,23.25,10,0,1,1
APP-14673,47,91302.88,1,RENT,16000,DEBTCONSOLIDATION,36,12.8,679,11.12,13.12,12,0,0,0
APP-14674,61,67025.82,2,MORTGAGE,10000,HOMEIMPROVEMENT,36,8.31,783,10.88,27.78,11,3,0,0
APP-14675,40,48861.66,15,MORTGAGE,13000,MEDICAL,36,11.99,711,3.56,34.04,10,0,0,0
APP-14676,64,109500.35,11,MORTGAGE,9000,DEBTCONSOLIDATION,36,9.0,756,7.14,42.88,12,0,1,0
APP-14677,39,81448.19,9,RENT,3000,PERSONAL,36,16.25,575,14.99,4.98,13,0,0,0
APP-14678,40,159655.64,12,RENT,17000,HOMEIMPROVEMENT,60,11.5,756,8.7,73.02,11,0,2,0
APP-14679,55,29648.91,1,MORTGAGE,4000,MEDICAL,60,12.51,727,23.56,11.55,15,0,1,0
APP-14680,67,30831.27,5,MORTGAGE,32000,DEBTCONSOLIDATION,36,11.3,732,36.51,41.1,13,0,0,0
APP-14681,22,33540.54,6,RENT,27000,MEDICAL,36,12.9,679,36.94,40.58,8,0,0,0
APP-14682,50,51921.55,5,RENT,3000,VENTURE,36,10.34,817,4.94,22.65,10,0,0,0
APP-14683,54,132466.64,17,MORTGAGE,31000,PERSONAL,36,13.39,725,7.92,23.82,7,0,0,0
APP-14684,42,43835.7,11,RENT,14000,DEBTCONSOLIDATION,36,15.22,622,16.6,55.73,9,0,0,0
APP-14685,23,44307.0,14,MORTGAGE,38000,HOMEIMPROVEMENT,36,9.96,668,5.89,67.94,13,0,0,0
APP-14686,26,73765.47,3,RENT,15000,DEBTCONSOLIDATION,60,11.78,750,13.93,35.49,8,1,0,0
APP-14687,35,91270.03,4,MORTGAGE,2000,DEBTCONSOLIDATION,60,11.85,707,6.7,44.08,15,0,0,0
APP-14688,47,19567.09,3,MORTGAGE,33000,PERSONAL,36,11.62,703,10.24,58.53,15,0,0,1
APP-14689,30,100695.61,13,MORTGAGE,7000,PERSONAL,60,9.99,751,36.93,14.04,7,0,0,0
APP-14690,29,43148.02,6,MORTGAGE,23000,DEBTCONSOLIDATION,60,14.47,701,8.28,46.62,7,0,0,0
APP-14691,53,56885.04,7,MORTGAGE,12000,HOMEIMPROVEMENT,60,10.17,782,2.96,58.55,7,0,0,0
APP-14692,52,121677.83,14,MORTGAGE,24000,EDUCATION,36,9.31,797,21.03,65.94,6,0,0,0
APP-14693,68,53732.76,20,MORTGAGE,15000,DEBTCONSOLIDATION,36,13.18,662,27.67,28.88,15,0,2,1
APP-14694,26,27835.42,1,MORTGAGE,15000,PERSONAL,36,11.67,774,21.88,38.81,17,0,0,0
APP-14695,61,,0,RENT,21000,PERSONAL,60,15.25,615,15.05,28.56,9,0,0,0
APP-14696,56,59008.93,2,RENT,8000,DEBTCONSOLIDATION,36,15.53,687,27.13,40.33,15,0,0,0
APP-14697,22,50656.24,14,RENT,20000,PERSONAL,36,13.01,688,15.12,40.55,9,0,1,1
APP-14698,49,61681.33,2,RENT,27000,HOMEIMPROVEMENT,60,13.15,731,15.81,33.34,13,0,0,0
APP-14699,24,48989.49,11,MORTGAGE,23000,PERSONAL,36,12.22,669,20.09,33.15,7,0,0,0
APP-14700,21,111381.15,11,MORTGAGE,7000,PERSONAL,60,12.44,688,6.21,53.44,18,0,0,0
APP-14701,39,60620.21,4,MORTGAGE,14000,PERSONAL,36,13.28,761,7.0,28.98,9,0,0,0
APP-14702,46,24797.82,0,MORTGAGE,11000,PERSONAL,36,11.26,798,13.08,45.73,9,0,0,0
APP-14703,45,90063.16,7,MORTGAGE,20000,DEBTCONSOLIDATION,36,12.34,762,22.77,46.99,9,0,0,0
APP-14704,30,155303.33,2,RENT,32000,PERSONAL,36,9.91,777,15.71,68.45,9,0,0,0
APP-14705,35,64696.7,2,RENT,11000,DEBTCONSOLIDATION,36,16.48,634,6.28,13.07,17,0,0,0
APP-14706,42,67256.92,10,MORTGAGE,38000,HOMEIMPROVEMENT,36,19.29,592,34.01,51.89,12,0,0,0
APP-14707,68,40540.53,13,RENT,14000,DEBTCONSOLIDATION,60,12.37,762,13.82,56.36,9,0,0,0
APP-14708,41,53038.57,0,RENT,18000,VENTURE,60,14.48,640,15.23,27.04,7,0,1,0
APP-14709,42,76990.32,11,RENT,6000,VENTURE,36,16.28,657,9.07,52.18,8,0,0,0
APP-14710,56,105439.76,3,RENT,22000,DEBTCONSOLIDATION,36,11.3,714,15.72,17.14,16,0,0,0
APP-14711,54,74831.94,13,RENT,40000,VENTURE,36,9.75,716,14.13,56.75,6,0,0,1
APP-14712,50,,16,RENT,21000,HOMEIMPROVEMENT,36,10.65,725,13.68,62.17,16,0,0,0
APP-14713,45,62895.83,16,RENT,8000,DEBTCONSOLIDATION,36,13.49,663,5.15,20.88,8,0,0,0
APP-14714,65,34171.67,6,RENT,16000,EDUCATION,36,14.06,674,5.93,20.12,8,0,0,0
APP-14715,48,34664.53,11,MORTGAGE,16000,HOMEIMPROVEMENT,36,12.04,728,57.78,39.97,8,0,0,1
APP-14716,21,110991.16,16,RENT,24000,PERSONAL,36,13.23,640,42.14,39.3,10,0,0,0
APP-14717,69,99066.93,0,MORTGAGE,34000,MEDICAL,36,11.83,667,11.37,25.16,12,0,0,0
APP-14718,65,26309.83,12,RENT,3000,DEBTCONSOLIDATION,60,9.7,783,11.12,13.71,13,0,0,0
APP-14719,24,53919.42,17,OWN,33000,HOMEIMPROVEMENT,36,7.83,743,33.32,44.71,5,0,0,0
APP-14720,27,54907.38,6,MORTGAGE,16000,DEBTCONSOLIDATION,60,15.13,666,21.19,44.97,10,3,0,0
APP-14721,69,41119.33,8,RENT,8000,PERSONAL,36,16.31,588,49.96,23.46,10,0,0,0
APP-14722,29,29578.81,14,RENT,10000,DEBTCONSOLIDATION,36,11.92,658,18.02,9.36,14,1,0,0
APP-14723,56,40668.04,0,RENT,29000,HOMEIMPROVEMENT,36,11.42,726,26.66,29.66,13,0,0,0
APP-14724,39,37172.54,7,MORTGAGE,23000,PERSONAL,60,13.37,697,7.63,45.87,11,0,0,0
APP-14725,21,29934.46,4,MORTGAGE,4000,DEBTCONSOLIDATION,36,13.12,696,35.77,16.03,10,0,0,0
APP-14726,30,,0,RENT,3000,DEBTCONSOLIDATION,36,9.07,850,15.4,90.43,11,0,0,0
APP-14727,56,68973.2,2,OWN,23000,HOMEIMPROVEMENT,60,11.67,744,33.74,19.65,5,0,0,0
APP-14728,29,47474.06,7,RENT,26000,DEBTCONSOLIDATION,36,10.56,763,11.67,81.61,14,1,1,0
APP-14729,65,21262.83,2,MORTGAGE,26000,HOMEIMPROVEMENT,36,11.46,718,53.75,51.36,9,0,0,0
APP-14730,66,51557.96,11,MORTGAGE,33000,DEBTCONSOLIDATION,36,8.94,766,13.54,50.19,11,0,0,0
APP-14731,62,77693.57,8,MORTGAGE,8000,DEBTCONSOLIDATION,36,10.64,739,18.49,23.93,12,0,0,0
APP-14732,52,41439.01,0,MORTGAGE,32000,MEDICAL,36,10.26,813,14.29,45.75,10,0,0,0
APP-14733,52,33692.05,4,OWN,38000,MEDICAL,36,14.85,607,14.26,23.99,9,0,0,0
APP-14734,26,56302.21,0,OWN,5000,MEDICAL,60,18.2,647,10.24,27.24,14,0,0,0
APP-14735,68,70794.35,6,OWN,34000,VENTURE,60,14.45,611,17.68,49.68,14,5,0,0
APP-14736,58,22027.23,4,RENT,16000,DEBTCONSOLIDATION,36,15.53,665,24.27,27.22,10,0,0,1
APP-14737,37,117830.75,13,RENT,10000,DEBTCONSOLIDATION,36,14.99,697,14.52,11.96,6,0,0,0
APP-14738,30,32062.31,5,RENT,7000,DEBTCONSOLIDATION,36,7.46,774,13.83,10.39,12,1,0,0
APP-14739,47,48465.56,6,MORTGAGE,32000,EDUCATION,60,9.91,820,30.14,23.83,7,2,0,0
APP-14740,55,108080.92,14,RENT,35000,PERSONAL,36,12.05,697,8.99,33.14,10,0,0,0
APP-14741,41,63747.14,9,RENT,39000,DEBTCONSOLIDATION,60,10.16,697,19.13,37.58,9,0,0,0
APP-14742,45,103574.43,10,RENT,14000,PERSONAL,60,9.75,709,3.39,26.71,11,1,0,0
APP-14743,48,130201.62,17,MORTGAGE,37000,HOMEIMPROVEMENT,36,14.38,685,33.44,59.67,9,0,0,0
APP-14744,67,28858.56,2,MORTGAGE,33000,DEBTCONSOLIDATION,60,16.28,649,32.7,24.34,7,0,0,0
APP-14745,35,,20,RENT,23000,DEBTCONSOLIDATION,36,12.83,688,53.81,59.44,11,0,0,0
APP-14746,24,116162.28,18,MORTGAGE,30000,DEBTCONSOLIDATION,36,16.74,653,24.41,44.79,11,1,0,0
APP-14747,49,49617.42,4,RENT,12000,EDUCATION,36,10.65,677,7.91,25.74,11,0,0,0
APP-14748,29,51631.8,18,RENT,7000,DEBTCONSOLIDATION,36,12.8,697,32.33,24.86,8,0,0,0
APP-14749,47,23005.26,15,OWN,6000,HOMEIMPROVEMENT,60,13.55,696,20.41,77.76,14,0,0,0
APP-14750,46,88480.7,19,MORTGAGE,2000,MEDICAL,36,13.6,694,29.0,42.64,6,4,0,1
APP-14751,39,18000.0,13,RENT,40000,MEDICAL,36,11.12,661,32.01,83.57,6,0,1,1
APP-14752,48,97188.13,13,OTHER,11000,DEBTCONSOLIDATION,36,12.16,733,4.24,50.68,13,0,0,0
APP-14753,37,29471.1,0,RENT,11000,DEBTCONSOLIDATION,36,10.46,752,14.51,54.23,13,0,0,0
APP-14754,63,120011.68,9,MORTGAGE,25000,VENTURE,36,15.93,626,11.21,54.47,11,0,0,0
APP-14755,61,72994.31,2,MORTGAGE,8000,DEBTCONSOLIDATION,60,10.98,690,4.04,15.23,4,0,0,0
APP-14756,62,99159.39,5,RENT,23000,HOMEIMPROVEMENT,60,14.17,711,14.96,34.76,11,0,0,0
APP-14757,40,39879.25,20,MORTGAGE,22000,VENTURE,36,13.01,705,13.79,26.04,10,0,0,0
APP-14758,65,30738.56,0,RENT,23000,VENTURE,36,12.66,707,30.08,52.48,11,0,0,0
APP-14759,60,24789.83,14,MORTGAGE,34000,DEBTCONSOLIDATION,36,17.91,587,3.48,12.18,7,0,0,0
APP-14760,59,103321.58,2,RENT,26000,PERSONAL,36,10.42,794,6.85,65.62,6,0,0,0
APP-14761,69,83405.54,0,MORTGAGE,32000,DEBTCONSOLIDATION,60,14.26,685,25.71,40.71,10,0,0,0
APP-14762,43,84898.06,9,MORTGAGE,17000,EDUCATION,36,13.53,684,10.74,18.0,13,0,0,0
APP-14763,67,69266.81,1,MORTGAGE,16000,PERSONAL,36,11.4,736,12.68,25.46,8,0,0,0
APP-14764,52,78584.97,20,MORTGAGE,30000,PERSONAL,36,15.51,598,14.5,30.05,7,2,1,1
APP-14765,67,51749.37,2,RENT,20000,DEBTCONSOLIDATION,36,12.26,677,16.37,32.84,9,0,1,0
APP-14766,53,72052.5,2,RENT,18000,VENTURE,36,13.44,667,6.5,46.45,16,0,0,0
APP-14767,66,39010.32,0,RENT,27000,DEBTCONSOLIDATION,36,11.5,763,6.55,46.18,8,0,0,0
APP-14768,25,50444.72,5,OTHER,37000,VENTURE,36,14.03,695,9.52,5.79,12,0,1,0
APP-14769,63,274214.18,0,MORTGAGE,37000,MEDICAL,36,10.96,643,7.87,37.98,10,0,0,0
APP-14770,68,61050.74,9,OWN,36000,DEBTCONSOLIDATION,36,13.92,693,18.33,61.0,8,0,0,1
APP-14771,54,22341.24,9,RENT,24000,PERSONAL,60,10.37,688,22.3,26.84,12,0,0,0
APP-14772,60,48810.71,0,MORTGAGE,10000,PERSONAL,36,14.42,633,22.39,35.16,10,5,0,0
APP-14773,31,35285.9,3,MORTGAGE,35000,DEBTCONSOLIDATION,36,14.46,682,7.58,44.7,12,1,0,0
APP-14774,23,64835.54,17,MORTGAGE,19000,DEBTCONSOLIDATION,36,9.47,761,18.84,72.28,6,0,0,0
APP-14775,53,38381.1,8,MORTGAGE,17000,PERSONAL,36,10.95,723,17.02,28.81,12,0,0,0
APP-14776,31,53856.82,8,RENT,33000,DEBTCONSOLIDATION,36,9.02,775,11.88,34.77,14,0,0,0
APP-14777,36,41360.43,14,MORTGAGE,29000,MEDICAL,36,12.17,715,9.7,35.03,9,0,0,0
APP-14778,38,66078.06,14,MORTGAGE,33000,PERSONAL,60,10.59,707,28.22,38.51,8,1,0,1
APP-14779,50,43752.35,15,RENT,19000,DEBTCONSOLIDATION,60,17.67,577,4.66,69.92,8,0,0,0
APP-14780,68,71570.63,17,OWN,35000,DEBTCONSOLIDATION,36,12.88,733,18.59,5.81,9,1,0,0
APP-14781,30,158623.81,3,MORTGAGE,30000,HOMEIMPROVEMENT,36,18.55,607,12.01,14.11,12,0,0,0
APP-14782,38,33617.23,0,MORTGAGE,22000,VENTURE,36,8.79,784,18.04,45.47,11,0,0,0
APP-14783,58,85984.95,6,MORTGAGE,2000,PERSONAL,36,14.83,692,30.13,24.1,8,0,0,0
APP-14784,39,18000.0,17,MORTGAGE,17000,EDUCATION,36,11.98,710,9.58,54.02,6,2,0,0
APP-14785,56,53295.88,0,RENT,34000,PERSONAL,60,12.99,670,16.05,47.13,14,0,0,0
APP-14786,33,67134.44,11,MORTGAGE,22000,EDUCATION,36,15.72,615,22.73,52.74,14,0,1,0
APP-14787,66,41191.77,14,RENT,36000,EDUCATION,60,11.82,719,26.1,70.57,13,0,0,0
APP-14788,23,24496.94,9,OTHER,28000,PERSONAL,60,16.86,589,29.37,79.88,17,0,0,1
APP-14789,30,58746.1,4,RENT,21000,PERSONAL,36,11.28,665,21.41,39.01,10,0,0,0
APP-14790,58,128805.36,5,RENT,32000,DEBTCONSOLIDATION,60,14.18,656,14.02,21.8,14,0,0,0
APP-14791,21,55646.55,0,OWN,17000,MEDICAL,36,13.37,648,3.39,31.7,13,0,0,0
APP-14792,47,79164.79,4,RENT,15000,VENTURE,36,13.01,760,17.54,42.42,9,1,1,0
APP-14793,66,105181.25,0,RENT,33000,PERSONAL,36,11.7,687,3.42,52.2,3,2,0,0
APP-14794,28,206021.8,14,MORTGAGE,33000,DEBTCONSOLIDATION,36,13.05,656,20.06,45.59,7,0,0,0
APP-14795,66,35378.38,18,RENT,3000,VENTURE,60,14.59,616,37.74,47.73,11,0,0,0
APP-14796,62,37251.4,12,RENT,23000,DEBTCONSOLIDATION,60,11.1,726,16.55,54.06,4,1,0,0
APP-14797,37,51734.63,13,RENT,38000,PERSONAL,36,11.39,755,19.48,81.33,16,2,0,0
APP-14798,29,81447.86,9,OWN,18000,DEBTCONSOLIDATION,36,11.34,698,17.12,64.6,10,3,0,0
APP-14799,26,18763.13,1,RENT,33000,VENTURE,36,12.6,721,13.05,37.46,12,0,0,0
APP-14800,63,83023.54,0,MORTGAGE,39000,VENTURE,36,8.87,757,12.15,53.19,6,0,0,0
APP-14801,45,64481.4,6,RENT,18000,DEBTCONSOLIDATION,36,13.85,697,8.87,44.82,10,0,0,0
APP-14802,59,45845.29,15,RENT,35000,DEBTCONSOLIDATION,36,11.2,782,10.54,53.12,11,3,0,0
APP-14803,69,74069.19,20,RENT,8000,DEBTCONSOLIDATION,36,6.75,799,21.04,66.69,4,0,0,0
APP-14804,48,93416.63,8,OWN,30000,HOMEIMPROVEMENT,36,11.07,719,18.11,68.74,6,1,0,0
APP-14805,53,100108.6,6,MORTGAGE,18000,DEBTCONSOLIDATION,36,16.65,616,15.89,30.44,8,0,0,0
APP-14806,57,60317.75,8,RENT,25000,DEBTCONSOLIDATION,36,9.94,736,10.03,38.54,5,0,0,0
APP-14807,29,70475.22,7,RENT,9000,VENTURE,36,12.8,710,7.83,2.34,10,0,0,0
APP-14808,38,69158.82,12,RENT,24000,DEBTCONSOLIDATION,36,14.61,608,22.03,57.08,10,0,0,0
APP-14809,41,110812.92,14,MORTGAGE,34000,PERSONAL,36,14.53,669,25.52,44.28,9,0,0,0
APP-14810,22,72446.82,16,RENT,30000,DEBTCONSOLIDATION,60,12.35,715,3.11,31.98,13,0,1,0
APP-14811,63,82669.97,13,RENT,20000,DEBTCONSOLIDATION,36,14.09,693,25.01,15.44,7,0,1,0
APP-14812,58,93557.39,8,MORTGAGE,6000,PERSONAL,36,14.68,649,19.79,49.82,12,0,3,0
APP-14813,60,159417.53,19,RENT,38000,PERSONAL,36,15.6,648,53.64,50.64,11,0,0,0
APP-14814,56,44671.57,14,RENT,24000,DEBTCONSOLIDATION,36,14.95,642,26.08,28.46,11,0,0,0
APP-14815,63,134976.28,7,RENT,27000,DEBTCONSOLIDATION,36,13.32,685,28.59,4.36,13,0,0,0
APP-14816,57,205983.2,8,RENT,25000,DEBTCONSOLIDATION,36,15.88,687,27.92,49.74,15,0,0,0
APP-14817,35,46118.92,16,RENT,22000,PERSONAL,60,7.54,820,19.91,24.4,9,0,0,0
APP-14818,48,53723.45,8,RENT,34000,DEBTCONSOLIDATION,36,13.47,670,18.89,51.58,11,1,0,0
APP-14819,38,48328.39,10,MORTGAGE,27000,DEBTCONSOLIDATION,60,17.85,529,25.73,59.52,9,0,0,0
APP-14820,54,83153.55,4,MORTGAGE,11000,PERSONAL,36,14.19,637,14.2,70.53,8,0,0,0
APP-14821,42,23603.77,17,MORTGAGE,30000,DEBTCONSOLIDATION,36,13.92,648,12.49,18.17,10,0,0,0
APP-14822,31,46641.73,10,MORTGAGE,36000,HOMEIMPROVEMENT,36,12.74,700,12.09,49.87,7,0,0,0
APP-14823,33,52217.81,10,MORTGAGE,29000,PERSONAL,36,13.88,652,15.08,23.72,10,2,0,0
APP-14824,24,49983.73,18,RENT,13000,DEBTCONSOLIDATION,60,9.76,801,21.64,63.24,5,0,1,0
APP-14825,42,49732.74,19,RENT,8000,HOMEIMPROVEMENT,36,12.66,686,16.4,76.19,11,0,0,0
APP-14826,27,46881.12,17,RENT,17000,PERSONAL,60,15.16,653,26.69,6.16,11,0,1,0
APP-14827,63,88317.44,0,OWN,21000,DEBTCONSOLIDATION,36,15.12,660,18.8,46.15,12,2,0,0
APP-14828,44,78364.17,8,MORTGAGE,30000,DEBTCONSOLIDATION,36,13.1,678,26.13,27.09,21,2,0,0
APP-14829,24,140322.76,6,RENT,36000,HOMEIMPROVEMENT,36,8.59,737,23.69,20.61,9,0,0,0
APP-14830,48,88430.01,3,RENT,29000,HOMEIMPROVEMENT,36,14.29,668,19.29,10.56,14,0,1,0
APP-14831,35,34586.04,18,MORTGAGE,8000,VENTURE,36,12.77,707,9.79,48.43,12,0,3,0
APP-14832,21,54994.12,18,RENT,23000,VENTURE,36,11.37,703,11.85,1.31,12,0,0,0
APP-14833,23,52150.24,8,MORTGAGE,15000,MEDICAL,36,14.01,614,11.07,12.02,4,0,1,0
APP-14834,34,68024.22,1,OWN,37000,DEBTCONSOLIDATION,36,11.56,713,33.15,35.95,12,0,0,0
APP-14835,58,103427.36,0,RENT,11000,PERSONAL,36,11.43,717,13.02,45.75,10,1,0,0
APP-14836,21,65704.16,8,RENT,3000,DEBTCONSOLIDATION,36,11.7,721,9.15,25.81,9,0,0,0
APP-14837,58,65791.5,0,RENT,23000,PERSONAL,36,13.47,669,23.78,14.77,13,0,0,0
APP-14838,58,60175.52,12,RENT,17000,DEBTCONSOLIDATION,36,13.17,677,14.86,20.37,8,0,0,0
APP-14839,41,89795.67,12,MORTGAGE,36000,VENTURE,60,10.5,658,6.12,26.84,12,3,0,0
APP-14840,68,45050.86,18,RENT,12000,HOMEIMPROVEMENT,60,12.52,739,21.01,62.33,11,0,0,0
APP-14841,49,28897.06,2,RENT,34000,VENTURE,36,13.92,614,7.51,71.33,9,0,2,1
APP-14842,25,82643.34,6,MORTGAGE,35000,PERSONAL,36,11.76,697,23.55,30.13,6,0,0,0
APP-14843,69,72228.04,17,OWN,34000,PERSONAL,36,5.9,830,26.66,25.64,10,0,0,0
APP-14844,30,116042.19,9,MORTGAGE,20000,DEBTCONSOLIDATION,60,15.97,696,8.68,8.25,9,0,0,0
APP-14845,48,18000.0,0,RENT,21000,HOMEIMPROVEMENT,36,9.91,782,6.92,56.96,9,0,0,0
APP-14846,41,56944.1,0,RENT,11000,DEBTCONSOLIDATION,60,13.26,666,9.16,61.03,13,1,0,0
APP-14847,27,63155.6,16,MORTGAGE,20000,DEBTCONSOLIDATION,36,10.44,704,14.39,20.44,7,0,0,0
APP-14848,23,28129.13,15,RENT,13000,DEBTCONSOLIDATION,60,15.12,644,14.26,46.14,8,0,0,0
APP-14849,65,57337.02,18,RENT,11000,MEDICAL,36,15.83,597,10.32,44.17,9,1,1,0
APP-14850,67,108386.77,0,OTHER,8000,MEDICAL,36,14.26,651,10.91,69.23,12,0,0,0
APP-14851,40,169915.64,15,RENT,12000,MEDICAL,36,15.81,648,19.15,65.59,10,0,0,1
APP-14852,39,97851.22,13,RENT,17000,EDUCATION,36,11.87,650,31.86,87.83,12,0,0,1
APP-14853,55,50907.44,3,MORTGAGE,34000,HOMEIMPROVEMENT,36,12.79,721,12.46,71.24,11,0,0,0
APP-14854,24,112505.52,20,RENT,39000,MEDICAL,36,11.79,669,58.66,59.47,10,0,0,0
APP-14855,25,94438.24,11,RENT,18000,DEBTCONSOLIDATION,36,15.17,654,38.61,41.12,6,0,0,0
APP-14856,21,46995.39,18,RENT,26000,DEBTCONSOLIDATION,60,14.37,664,6.88,5.71,12,0,0,1
APP-14857,24,44761.42,17,MORTGAGE,32000,PERSONAL,36,10.29,661,17.1,78.2,4,0,1,0
APP-14858,32,55036.34,5,OTHER,2000,DEBTCONSOLIDATION,36,13.54,671,34.56,51.76,11,0,0,0
APP-14859,47,35403.84,10,MORTGAGE,40000,VENTURE,60,8.26,776,18.6,33.16,9,0,0,0
APP-14860,62,51256.82,8,RENT,21000,DEBTCONSOLIDATION,60,12.28,749,22.12,72.02,14,0,0,0
APP-14861,43,76372.39,14,RENT,10000,VENTURE,36,18.81,532,27.92,36.41,8,0,0,0
APP-14862,45,100634.82,11,MORTGAGE,3000,MEDICAL,36,12.07,661,5.84,62.97,13,0,1,0
APP-14863,41,49541.89,16,MORTGAGE,2000,PERSONAL,36,10.3,737,5.93,83.64,15,0,0,0
APP-14864,44,119875.67,0,MORTGAGE,40000,DEBTCONSOLIDATION,36,14.38,699,11.28,85.18,13,0,0,0
APP-14865,45,82872.02,13,MORTGAGE,6000,PERSONAL,36,13.53,655,36.02,44.82,6,0,0,0
APP-14866,65,84780.98,5,OTHER,13000,DEBTCONSOLIDATION,60,15.13,589,15.13,40.15,12,3,0,1
APP-14867,66,37816.25,3,RENT,15000,DEBTCONSOLIDATION,36,13.3,738,11.6,33.28,13,0,0,0
APP-14868,52,147839.15,16,RENT,40000,VENTURE,60,12.43,710,25.67,31.3,6,0,0,0
APP-14869,52,78958.86,0,MORTGAGE,33000,DEBTCONSOLIDATION,36,17.16,564,10.07,20.32,6,0,0,0
APP-14870,25,50699.25,3,RENT,10000,DEBTCONSOLIDATION,36,17.59,519,16.81,24.91,7,0,0,0
APP-14871,56,46417.94,2,RENT,34000,DEBTCONSOLIDATION,60,10.18,716,37.1,44.04,10,1,0,0
APP-14872,66,51265.53,7,MORTGAGE,26000,VENTURE,36,12.64,742,12.23,30.03,11,0,0,0
APP-14873,62,35984.06,5,RENT,39000,HOMEIMPROVEMENT,36,11.99,685,29.93,44.26,10,5,0,0
APP-14874,69,98140.0,14,RENT,15000,VENTURE,36,8.12,802,6.39,58.94,14,0,0,0
APP-14875,62,37874.71,14,OWN,10000,DEBTCONSOLIDATION,60,12.62,715,17.14,64.25,7,0,0,0
APP-14876,59,69210.82,5,RENT,28000,DEBTCONSOLIDATION,36,14.88,674,19.42,44.18,12,0,0,0
APP-14877,36,47812.45,8,RENT,20000,HOMEIMPROVEMENT,36,11.22,722,19.83,10.92,15,0,0,0
APP-14878,53,83733.82,2,RENT,26000,HOMEIMPROVEMENT,36,14.18,615,40.84,60.9,12,0,0,0
APP-14879,69,89621.67,13,MORTGAGE,33000,DEBTCONSOLIDATION,36,11.68,651,27.67,35.03,10,0,0,0
APP-14880,41,43392.74,7,RENT,23000,MEDICAL,36,18.56,614,51.74,7.27,14,0,1,0
APP-14881,29,58868.6,1,MORTGAGE,30000,VENTURE,36,12.27,736,20.94,54.46,5,1,0,0
APP-14882,26,29094.5,1,RENT,29000,DEBTCONSOLIDATION,60,11.79,745,12.73,52.09,11,0,0,0
APP-14883,65,140122.4,5,RENT,14000,DEBTCONSOLIDATION,36,8.93,724,13.58,17.39,8,0,0,0
APP-14884,55,102129.98,15,MORTGAGE,29000,VENTURE,36,11.61,703,10.97,80.07,9,0,0,0
APP-14885,59,29799.01,0,RENT,4000,MEDICAL,60,17.63,565,19.47,37.58,2,0,1,0
APP-14886,42,38814.45,4,RENT,31000,DEBTCONSOLIDATION,60,8.85,780,19.37,34.47,9,0,3,0
APP-14887,61,55971.1,1,MORTGAGE,12000,DEBTCONSOLIDATION,60,17.58,518,10.63,47.24,10,0,2,0
APP-14888,25,61045.84,20,RENT,3000,PERSONAL,60,10.77,694,13.63,31.26,13,0,0,0
APP-14889,62,42487.89,14,OWN,10000,HOMEIMPROVEMENT,36,14.1,653,13.05,24.2,11,0,0,0
APP-14890,43,33777.02,3,RENT,34000,HOMEIMPROVEMENT,36,13.04,668,16.26,20.62,8,0,3,1
APP-14891,37,72948.99,2,MORTGAGE,27000,VENTURE,36,13.38,655,8.93,45.47,11,0,0,0
APP-14892,32,142877.41,17,MORTGAGE,17000,DEBTCONSOLIDATION,36,11.95,691,9.35,24.52,18,1,0,0
APP-14893,43,61533.23,2,RENT,26000,PERSONAL,60,10.28,774,41.16,56.82,4,0,0,0
APP-14894,36,51748.15,20,RENT,2000,PERSONAL,60,10.57,691,13.7,50.15,6,0,0,0
APP-14895,23,49098.33,4,RENT,22000,MEDICAL,60,14.08,690,17.82,22.84,14,0,0,0
APP-14896,50,34601.01,0,OTHER,21000,MEDICAL,36,12.22,657,16.03,30.64,11,1,0,0
APP-14897,42,42787.77,13,MORTGAGE,6000,VENTURE,60,15.2,646,16.88,36.19,13,0,0,0
APP-14898,29,105667.81,12,MORTGAGE,18000,MEDICAL,36,7.87,724,25.62,18.59,10,0,1,0
APP-14899,49,21259.84,20,RENT,39000,HOMEIMPROVEMENT,36,12.75,696,33.42,79.96,9,0,0,1
APP-14900,67,62010.04,16,RENT,2000,HOMEIMPROVEMENT,36,10.93,726,8.79,57.62,5,0,0,0
APP-14901,57,60716.9,8,MORTGAGE,14000,DEBTCONSOLIDATION,60,11.59,763,13.16,5.33,13,0,0,0
APP-14902,43,63525.69,13,OWN,19000,HOMEIMPROVEMENT,36,13.51,648,18.44,43.75,5,0,0,0
APP-14903,33,86138.25,16,RENT,5000,MEDICAL,36,9.56,800,5.79,37.86,9,0,0,0
APP-14904,52,61733.41,9,MORTGAGE,15000,VENTURE,36,12.48,700,6.08,26.49,12,0,0,0
APP-14905,66,47715.92,4,RENT,6000,HOMEIMPROVEMENT,60,11.67,687,35.52,57.57,15,0,0,0
APP-14906,67,43117.69,3,MORTGAGE,34000,DEBTCONSOLIDATION,36,10.89,714,11.25,50.75,7,1,0,0
APP-14907,68,114596.42,4,RENT,27000,HOMEIMPROVEMENT,36,11.28,724,17.54,18.29,11,1,0,0
APP-14908,43,100762.95,17,MORTGAGE,5000,DEBTCONSOLIDATION,36,13.37,720,12.32,54.59,12,5,0,0
APP-14909,65,252412.2,6,OWN,31000,DEBTCONSOLIDATION,60,9.81,791,32.01,13.34,10,0,0,0
APP-14910,37,52026.36,4,MORTGAGE,18000,DEBTCONSOLIDATION,36,13.34,646,26.81,88.46,11,0,0,1
APP-14911,60,43516.41,16,OWN,29000,DEBTCONSOLIDATION,36,16.85,578,14.92,50.0,4,0,0,0
APP-14912,41,75100.57,0,RENT,7000,EDUCATION,36,12.64,636,15.69,34.23,11,0,0,0
APP-14913,22,74199.17,11,OWN,28000,VENTURE,36,12.36,673,10.91,63.72,12,0,0,0
APP-14914,57,82304.21,18,MORTGAGE,37000,DEBTCONSOLIDATION,36,15.64,610,10.49,72.35,15,0,0,0
APP-14915,26,91451.63,7,RENT,8000,VENTURE,60,12.02,661,4.1,21.62,11,0,0,0
APP-14916,64,81906.76,4,RENT,2000,DEBTCONSOLIDATION,60,14.86,616,23.33,46.91,7,5,0,0
APP-14917,38,102489.52,9,OWN,11000,HOMEIMPROVEMENT,36,18.24,598,22.45,46.83,13,0,0,0
APP-14918,50,109535.36,14,RENT,14000,VENTURE,36,10.15,728,22.8,12.09,8,0,0,0
APP-14919,42,110516.75,10,MORTGAGE,33000,HOMEIMPROVEMENT,36,12.31,751,15.16,16.69,10,0,0,0
APP-14920,53,19328.4,0,MORTGAGE,15000,DEBTCONSOLIDATION,36,12.48,660,39.26,21.93,9,0,0,0
APP-14921,50,67251.22,0,RENT,34000,VENTURE,60,7.51,757,33.0,35.83,18,0,0,0
APP-14922,37,37736.95,14,MORTGAGE,31000,MEDICAL,36,11.53,747,8.78,11.85,14,0,0,0
APP-14923,63,101490.85,7,RENT,10000,DEBTCONSOLIDATION,60,12.17,631,16.64,8.17,13,0,0,0
APP-14924,52,19126.86,16,RENT,7000,DEBTCONSOLIDATION,36,12.88,691,24.94,21.15,18,0,0,0
APP-14925,62,124818.09,13,MORTGAGE,11000,MEDICAL,36,13.13,648,17.31,8.35,9,0,0,0
APP-14926,34,38857.26,11,MORTGAGE,12000,EDUCATION,36,14.23,707,34.6,33.37,8,0,0,0
APP-14927,30,34650.53,18,MORTGAGE,40000,PERSONAL,36,14.82,671,24.6,63.99,14,0,0,0
APP-14928,67,71548.06,0,MORTGAGE,21000,DEBTCONSOLIDATION,36,9.78,796,12.12,69.4,7,0,0,0
APP-14929,56,,1,RENT,26000,MEDICAL,36,16.1,602,20.92,26.95,9,0,0,0
APP-14930,54,145756.78,12,MORTGAGE,13000,DEBTCONSOLIDATION,36,15.41,635,8.09,53.74,11,0,0,0
APP-14931,29,118363.61,0,MORTGAGE,23000,DEBTCONSOLIDATION,60,14.17,701,13.44,26.91,11,1,0,0
APP-14932,62,46378.1,12,OWN,13000,DEBTCONSOLIDATION,36,10.59,699,23.8,41.23,5,0,0,0
APP-14933,48,100835.17,20,MORTGAGE,15000,PERSONAL,36,12.94,636,27.5,48.65,14,0,0,1
APP-14934,31,45586.03,18,MORTGAGE,37000,DEBTCONSOLIDATION,36,14.44,648,11.36,23.75,16,0,0,0
APP-14935,34,45389.8,11,RENT,15000,DEBTCONSOLIDATION,36,13.58,670,17.95,29.87,13,0,0,1
APP-14936,59,85570.2,18,OWN,3000,PERSONAL,60,17.31,632,38.8,67.71,10,0,0,0
APP-14937,67,123985.58,0,MORTGAGE,3000,DEBTCONSOLIDATION,36,15.18,654,23.85,25.73,10,0,0,0
APP-14938,39,48024.36,8,RENT,7000,PERSONAL,36,11.63,683,28.89,37.34,13,0,0,0
APP-14939,35,49887.99,8,MORTGAGE,26000,DEBTCONSOLIDATION,36,13.39,664,18.6,30.58,8,0,0,0
APP-14940,48,69605.74,5,MORTGAGE,4000,DEBTCONSOLIDATION,60,14.54,646,21.93,25.69,5,0,0,0
APP-14941,44,38292.32,0,RENT,24000,MEDICAL,36,9.29,710,35.04,55.7,13,0,0,0
APP-14942,28,130967.59,18,MORTGAGE,10000,HOMEIMPROVEMENT,36,14.69,622,12.98,57.12,9,3,0,0
APP-14943,63,38109.68,15,RENT,32000,MEDICAL,36,11.12,706,7.01,49.39,7,0,0,0
APP-14944,29,43625.76,13,MORTGAGE,29000,PERSONAL,36,11.99,679,20.82,39.56,8,0,0,0
APP-14945,67,144873.98,1,RENT,26000,MEDICAL,36,13.99,602,18.99,45.42,8,0,0,0
APP-14946,53,66655.59,6,RENT,36000,VENTURE,36,14.87,621,21.37,15.82,9,0,0,0
APP-14947,53,158227.91,19,RENT,2000,EDUCATION,60,21.5,529,20.06,71.49,11,0,0,0
APP-14948,39,53656.68,12,MORTGAGE,3000,PERSONAL,36,8.71,743,26.85,56.66,13,1,0,0
APP-14949,23,211030.81,11,RENT,16000,HOMEIMPROVEMENT,60,12.23,672,40.68,70.74,15,0,0,0
APP-14950,30,81456.55,19,MORTGAGE,17000,DEBTCONSOLIDATION,60,13.74,709,9.92,15.83,8,0,0,0
APP-14951,60,41100.77,10,RENT,24000,MEDICAL,60,12.87,737,14.55,44.69,9,0,0,0
APP-14952,67,40785.47,11,MORTGAGE,36000,DEBTCONSOLIDATION,36,12.33,630,23.93,35.09,6,0,0,0
APP-14953,62,28894.2,6,MORTGAGE,9000,MEDICAL,36,13.36,656,13.54,21.52,13,0,0,0
APP-14954,21,30518.63,6,OWN,8000,DEBTCONSOLIDATION,60,14.52,657,6.33,35.1,8,1,0,0
APP-14955,49,43055.02,13,RENT,22000,PERSONAL,60,11.14,749,20.12,45.09,6,1,0,0
APP-14956,54,36468.38,5,RENT,36000,DEBTCONSOLIDATION,36,11.18,720,2.0,9.1,9,0,0,0
APP-14957,33,18000.0,10,MORTGAGE,40000,PERSONAL,36,15.47,660,22.83,44.13,9,0,0,1
APP-14958,21,91195.47,4,MORTGAGE,38000,DEBTCONSOLIDATION,60,10.47,781,6.6,26.45,14,0,0,0
APP-14959,54,88227.05,2,RENT,34000,PERSONAL,60,15.87,584,10.01,7.16,10,0,0,0
APP-14960,49,69855.8,8,RENT,38000,PERSONAL,36,9.26,728,10.21,15.46,8,1,0,0
APP-14961,68,33945.68,3,RENT,36000,MEDICAL,60,16.05,646,14.15,11.08,9,0,0,0
APP-14962,67,136406.69,18,RENT,19000,DEBTCONSOLIDATION,36,18.92,632,15.99,61.7,7,3,0,1
APP-14963,33,54770.99,5,RENT,20000,PERSONAL,36,8.18,795,4.67,66.44,14,0,0,0
APP-14964,68,39473.45,11,MORTGAGE,11000,DEBTCONSOLIDATION,36,10.27,825,20.49,28.91,10,0,0,0
APP-14965,69,67258.12,4,MORTGAGE,5000,MEDICAL,36,8.79,810,9.64,54.37,14,1,0,0
APP-14966,49,65356.98,4,OWN,31000,PERSONAL,36,14.15,662,17.78,18.74,10,0,0,0
APP-14967,59,18000.0,6,RENT,34000,DEBTCONSOLIDATION,60,16.48,669,23.2,38.79,12,0,0,1
APP-14968,44,58954.86,19,MORTGAGE,5000,PERSONAL,36,13.97,725,11.9,30.85,13,0,0,0
APP-14969,46,63593.69,7,RENT,10000,PERSONAL,36,9.13,747,5.85,44.56,7,0,0,0
APP-14970,37,49544.64,16,RENT,18000,HOMEIMPROVEMENT,36,16.28,603,25.12,37.01,9,0,0,0
APP-14971,27,30923.53,2,MORTGAGE,40000,EDUCATION,36,12.42,737,11.06,61.89,11,0,0,0
APP-14972,33,31382.41,0,MORTGAGE,25000,DEBTCONSOLIDATION,36,14.26,625,12.82,53.33,9,0,0,1
APP-14973,25,77422.5,16,OWN,40000,DEBTCONSOLIDATION,36,14.73,672,18.74,38.81,11,0,0,0
APP-14974,46,87623.15,10,MORTGAGE,14000,HOMEIMPROVEMENT,36,10.87,690,17.78,61.01,9,0,0,0
APP-14975,69,47858.08,9,RENT,27000,MEDICAL,36,12.72,681,15.73,34.38,14,0,0,0
APP-14976,23,72486.74,4,RENT,20000,PERSONAL,36,17.16,634,16.62,53.14,7,1,0,1
APP-14977,27,47621.56,0,MORTGAGE,18000,DEBTCONSOLIDATION,36,14.38,665,16.72,20.81,13,1,0,0
APP-14978,69,39080.56,9,MORTGAGE,31000,PERSONAL,60,13.38,707,20.94,20.99,14,1,0,0
APP-14979,59,66652.54,17,RENT,27000,HOMEIMPROVEMENT,60,12.67,699,31.28,38.83,13,0,0,0
APP-14980,21,33706.72,1,MORTGAGE,14000,DEBTCONSOLIDATION,60,10.87,733,17.44,51.64,9,0,0,0
APP-14981,69,154336.73,19,OWN,19000,VENTURE,60,17.74,597,42.29,56.69,10,0,0,0
APP-14982,37,29180.13,4,MORTGAGE,22000,DEBTCONSOLIDATION,36,14.16,730,27.98,24.11,6,0,0,0
APP-14983,63,69003.58,10,MORTGAGE,35000,DEBTCONSOLIDATION,36,11.13,774,11.11,48.63,9,0,0,0
APP-14984,45,64545.11,0,OTHER,10000,MEDICAL,36,10.21,749,41.13,14.15,8,0,0,0
APP-14985,23,61743.12,7,MORTGAGE,31000,PERSONAL,36,19.96,564,32.99,20.37,6,0,0,0
APP-14986,35,125705.44,1,RENT,30000,DEBTCONSOLIDATION,36,13.65,698,22.77,15.86,8,0,1,0
APP-14987,49,18000.0,0,RENT,30000,DEBTCONSOLIDATION,36,11.12,694,31.37,21.89,18,0,0,0
APP-14988,63,73560.69,20,MORTGAGE,20000,VENTURE,36,14.54,646,43.89,64.08,10,3,2,1
APP-14989,52,52224.72,14,RENT,9000,DEBTCONSOLIDATION,36,10.68,754,29.21,58.06,6,0,0,0
APP-14990,46,80176.67,14,MORTGAGE,18000,EDUCATION,36,12.14,725,10.96,44.06,14,0,0,0
APP-14991,36,61533.75,0,OWN,13000,MEDICAL,36,10.38,704,21.46,29.98,6,0,0,0
APP-14992,45,57669.85,19,RENT,16000,DEBTCONSOLIDATION,36,14.16,634,39.6,38.79,5,0,0,0
APP-14993,48,32739.67,8,MORTGAGE,6000,MEDICAL,36,12.91,692,14.44,98.25,14,0,0,0
APP-14994,29,42763.12,17,MORTGAGE,35000,HOMEIMPROVEMENT,60,9.07,763,16.94,51.71,7,0,0,0
APP-14995,21,286574.82,0,RENT,4000,PERSONAL,60,8.77,788,56.6,4.52,8,0,0,0
APP-14996,49,80543.37,5,MORTGAGE,6000,DEBTCONSOLIDATION,60,15.99,667,29.87,40.03,10,2,0,0
APP-14997,42,101346.09,20,MORTGAGE,35000,DEBTCONSOLIDATION,36,13.07,657,7.98,24.03,9,1,0,0
APP-14998,36,50214.12,7,MORTGAGE,10000,PERSONAL,60,12.81,714,37.89,45.8,6,0,3,1
APP-14999,61,39034.27,18,RENT,25000,PERSONAL,36,16.3,621,11.77,46.53,12,0,0,0
APP-15000,64,88275.15,5,MORTGAGE,6000,PERSONAL,36,16.24,564,11.49,20.27,9,0,0,0
APP-15001,61,23112.78,10,RENT,28000,DEBTCONSOLIDATION,36,12.83,669,13.09,35.46,14,1,2,0
APP-15002,27,43244.73,17,MORTGAGE,21000,DEBTCONSOLIDATION,60,12.24,720,18.55,46.74,7,0,0,0
APP-15003,34,50146.91,12,RENT,3000,VENTURE,36,15.42,640,24.97,38.82,12,0,0,0
APP-15004,49,96037.55,14,MORTGAGE,24000,MEDICAL,60,10.27,725,29.79,53.39,7,0,0,0
APP-15005,39,73633.57,3,RENT,35000,HOMEIMPROVEMENT,60,15.07,664,8.64,16.38,12,0,0,0
APP-15006,39,47266.17,1,RENT,30000,DEBTCONSOLIDATION,36,13.11,718,13.63,23.36,8,0,0,0
APP-15007,22,72004.69,3,RENT,36000,DEBTCONSOLIDATION,60,11.89,721,12.65,31.81,11,0,0,0
APP-15008,61,51453.0,9,MORTGAGE,31000,PERSONAL,36,9.82,750,24.68,7.31,9,0,0,0
APP-15009,65,102233.93,16,RENT,4000,PERSONAL,60,15.6,642,29.06,21.7,13,0,0,0
APP-15010,35,67378.31,6,MORTGAGE,11000,HOMEIMPROVEMENT,36,14.46,637,29.09,57.08,10,0,0,0
APP-15011,23,142660.28,11,RENT,35000,MEDICAL,60,15.89,624,19.46,58.92,9,0,0,0
APP-15012,31,52109.51,16,MORTGAGE,2000,HOMEIMPROVEMENT,36,14.47,710,43.96,62.89,7,0,1,0
APP-15013,66,110491.91,3,MORTGAGE,7000,MEDICAL,36,10.83,765,15.92,67.56,8,2,0,0
APP-15014,50,62642.99,18,RENT,7000,DEBTCONSOLIDATION,60,9.53,754,21.87,25.49,14,0,0,0
APP-15015,60,42250.78,19,RENT,17000,HOMEIMPROVEMENT,60,12.94,625,16.62,34.06,13,0,0,0
APP-15016,38,219869.01,0,RENT,2000,MEDICAL,36,12.77,700,16.68,38.64,14,1,0,0
APP-15017,68,115249.48,0,MORTGAGE,6000,PERSONAL,60,10.81,757,10.85,33.35,12,0,0,0
APP-15018,22,67316.57,0,RENT,26000,EDUCATION,36,10.26,713,20.17,39.95,12,0,0,0
APP-15019,52,87815.93,15,MORTGAGE,28000,PERSONAL,36,13.56,605,7.14,40.94,10,0,0,0
APP-15020,28,34856.35,2,RENT,39000,MEDICAL,36,8.79,798,13.83,48.13,8,1,0,0
APP-15021,42,35475.38,14,MORTGAGE,27000,HOMEIMPROVEMENT,36,9.17,760,13.19,20.94,3,0,0,0
APP-15022,26,104510.74,8,MORTGAGE,17000,PERSONAL,36,15.23,684,26.33,45.37,14,0,0,0
APP-15023,32,60017.93,17,RENT,27000,DEBTCONSOLIDATION,60,12.1,682,6.33,14.67,10,0,0,0
APP-15024,67,55386.5,16,MORTGAGE,38000,HOMEIMPROVEMENT,60,11.27,697,10.33,21.7,7,0,2,0
APP-15025,60,51845.9,20,OWN,29000,DEBTCONSOLIDATION,36,9.86,770,20.82,42.2,8,0,0,0
APP-15026,56,64604.14,3,RENT,29000,DEBTCONSOLIDATION,36,13.14,658,11.64,28.15,7,0,0,0
APP-15027,35,52726.6,3,MORTGAGE,31000,DEBTCONSOLIDATION,36,8.15,781,5.61,73.83,11,0,0,0
APP-15028,48,21675.32,0,RENT,14000,PERSONAL,36,14.37,673,13.74,29.47,8,0,0,0
APP-15029,69,121532.58,7,MORTGAGE,26000,DEBTCONSOLIDATION,36,11.28,760,27.56,45.25,13,0,2,0
APP-15030,65,56654.11,8,RENT,20000,EDUCATION,36,14.16,681,24.57,41.28,11,0,0,0
APP-15031,38,149606.58,20,MORTGAGE,14000,HOMEIMPROVEMENT,60,12.63,723,31.6,34.82,13,3,0,0
APP-15032,22,24807.51,17,RENT,12000,DEBTCONSOLIDATION,60,16.67,657,23.36,29.35,10,0,0,0
APP-15033,33,24758.9,2,MORTGAGE,24000,DEBTCONSOLIDATION,60,11.43,672,24.41,27.04,9,0,0,0
APP-15034,65,52171.58,16,MORTGAGE,15000,HOMEIMPROVEMENT,36,11.62,705,25.13,44.76,13,0,0,0
APP-15035,35,97612.78,2,RENT,11000,DEBTCONSOLIDATION,60,11.16,713,17.42,54.83,9,0,0,0
APP-15036,40,32538.08,0,RENT,35000,PERSONAL,60,16.88,582,11.74,49.81,7,1,1,1
APP-15037,49,31912.75,17,MORTGAGE,24000,DEBTCONSOLIDATION,36,11.08,652,17.12,75.47,8,0,0,0
APP-15038,62,72112.03,20,RENT,22000,DEBTCONSOLIDATION,36,11.03,747,10.19,44.8,6,0,0,0
APP-15039,49,51203.5,0,OWN,21000,DEBTCONSOLIDATION,60,14.25,641,20.39,61.18,8,0,0,0
APP-15040,23,78593.16,16,OWN,33000,PERSONAL,36,11.3,759,19.28,29.17,13,0,0,0
APP-15041,39,51664.44,17,MORTGAGE,15000,MEDICAL,36,17.49,652,28.14,55.01,9,0,0,0
APP-15042,23,72589.0,0,MORTGAGE,25000,DEBTCONSOLIDATION,36,12.5,699,2.88,76.59,12,0,0,0
APP-15043,34,118547.22,4,RENT,19000,PERSONAL,36,13.09,668,9.59,34.57,8,0,0,0
APP-15044,60,32572.6,14,OWN,31000,DEBTCONSOLIDATION,36,9.7,773,9.66,44.8,12,0,1,0
APP-15045,24,108271.1,16,RENT,29000,DEBTCONSOLIDATION,60,8.55,810,11.92,13.8,5,0,0,0
APP-15046,31,25538.09,6,RENT,15000,VENTURE,36,14.34,647,18.77,52.93,10,0,0,1
APP-15047,51,81199.82,1,RENT,22000,PERSONAL,36,12.45,698,18.35,64.59,10,1,0,0
APP-15048,63,121738.99,13,OWN,35000,HOMEIMPROVEMENT,60,15.75,628,33.26,67.05,9,0,0,0
APP-15049,52,46072.25,14,RENT,6000,EDUCATION,36,16.13,635,17.9,50.75,10,0,0,0
APP-15050,47,82642.35,9,OWN,32000,HOMEIMPROVEMENT,60,10.39,752,15.68,39.6,6,0,0,0
APP-15051,50,46931.92,1,MORTGAGE,4000,DEBTCONSOLIDATION,60,12.98,686,31.05,17.54,8,0,0,0
APP-15052,63,80233.03,17,RENT,24000,DEBTCONSOLIDATION,36,13.8,694,25.72,36.2,9,0,0,0
APP-15053,22,19355.86,12,MORTGAGE,40000,HOMEIMPROVEMENT,36,13.31,710,27.37,26.63,7,1,0,0
APP-15054,69,64930.86,18,RENT,31000,HOMEIMPROVEMENT,36,15.62,651,9.1,65.69,10,0,0,0
APP-15055,29,72962.11,19,RENT,31000,DEBTCONSOLIDATION,60,18.62,607,16.45,45.37,13,1,0,0
APP-15056,48,117282.52,16,MORTGAGE,37000,HOMEIMPROVEMENT,36,18.74,626,8.36,15.8,16,0,0,0
APP-15057,51,95094.63,20,RENT,39000,PERSONAL,36,18.07,652,2.82,26.38,11,2,0,0
APP-15058,54,55236.65,19,RENT,8000,EDUCATION,60,9.74,772,9.02,23.9,8,0,0,0
APP-15059,35,68461.88,12,RENT,6000,MEDICAL,36,12.96,708,5.89,9.58,10,0,0,0
APP-15060,68,29054.88,14,MORTGAGE,7000,VENTURE,36,12.63,689,12.14,38.25,10,0,0,0
APP-15061,45,136221.49,14,MORTGAGE,15000,DEBTCONSOLIDATION,60,15.32,606,6.26,14.76,13,0,0,0
APP-15062,56,84590.71,12,RENT,12000,DEBTCONSOLIDATION,36,17.18,606,32.74,0.81,10,0,0,0
APP-15063,28,23612.93,0,RENT,38000,PERSONAL,36,13.69,651,10.21,19.84,6,0,0,0
APP-15064,29,67710.3,6,RENT,3000,PERSONAL,60,14.56,674,16.52,17.99,11,0,0,0
APP-15065,57,70345.23,0,RENT,32000,VENTURE,36,13.91,644,17.99,20.9,13,1,0,0
APP-15066,68,40661.14,5,MORTGAGE,28000,MEDICAL,36,12.67,641,12.53,7.72,10,0,0,1
APP-15067,65,62845.38,0,RENT,17000,VENTURE,60,13.63,657,44.26,83.37,7,0,0,0
APP-15068,59,38667.7,19,MORTGAGE,3000,DEBTCONSOLIDATION,36,15.42,648,18.17,44.73,10,0,0,0
APP-15069,52,29664.35,8,OWN,27000,PERSONAL,60,12.56,676,5.56,9.82,10,0,0,0
APP-15070,37,44060.83,2,MORTGAGE,17000,DEBTCONSOLIDATION,36,12.95,700,33.36,40.03,13,0,0,0
APP-15071,55,65237.85,11,RENT,10000,VENTURE,36,9.5,735,6.65,35.42,10,0,0,0
APP-15072,57,95241.01,2,MORTGAGE,10000,MEDICAL,36,13.73,624,12.52,38.34,7,0,0,0
APP-15073,39,62001.21,16,MORTGAGE,6000,DEBTCONSOLIDATION,36,14.59,686,17.34,19.01,13,0,0,0
APP-15074,64,95706.9,5,RENT,37000,PERSONAL,36,7.49,811,16.19,21.45,8,2,0,0
APP-15075,49,82813.93,5,OWN,8000,HOMEIMPROVEMENT,60,15.0,669,56.49,77.06,16,0,0,0
APP-15076,27,35678.41,18,OWN,33000,DEBTCONSOLIDATION,36,12.33,688,17.27,23.5,11,0,2,0
APP-15077,48,82499.83,10,RENT,30000,EDUCATION,36,14.43,636,7.46,4.15,11,0,0,0
APP-15078,29,83647.91,18,MORTGAGE,38000,VENTURE,36,12.71,730,29.55,49.36,7,0,0,0
APP-15079,48,143042.99,7,RENT,4000,PERSONAL,36,17.93,648,13.45,79.23,9,0,0,0
APP-15080,26,73521.06,6,RENT,31000,VENTURE,36,7.83,810,25.45,43.15,11,0,0,0
APP-15081,49,32294.85,9,MORTGAGE,32000,VENTURE,36,16.97,659,17.87,58.62,10,4,0,1
APP-15082,37,45386.03,0,OWN,28000,PERSONAL,36,13.21,670,7.28,54.22,10,0,0,0
APP-15083,36,23711.64,1,OWN,7000,PERSONAL,36,11.95,707,32.03,43.66,13,0,0,0
APP-15084,43,77283.73,3,RENT,30000,VENTURE,36,12.19,840,20.45,56.43,4,0,0,0
APP-15085,51,136896.96,16,OWN,10000,MEDICAL,36,15.4,614,12.16,33.12,10,2,0,0
APP-15086,23,18113.74,14,MORTGAGE,21000,DEBTCONSOLIDATION,36,10.48,753,18.2,35.13,7,1,1,0
APP-15087,41,139820.56,2,MORTGAGE,12000,MEDICAL,36,13.15,711,22.15,50.08,11,0,0,0
APP-15088,46,76773.8,4,OWN,20000,DEBTCONSOLIDATION,36,17.32,571,27.92,86.13,6,0,0,0
APP-15089,56,34951.24,19,MORTGAGE,40000,HOMEIMPROVEMENT,60,14.23,674,15.8,25.87,12,2,0,0
APP-15090,62,68073.77,0,RENT,11000,HOMEIMPROVEMENT,60,12.19,694,4.74,83.35,10,3,0,0
APP-15091,57,35519.47,10,RENT,6000,DEBTCONSOLIDATION,60,12.51,693,18.7,50.26,6,0,0,0
APP-15092,42,74623.44,10,RENT,40000,DEBTCONSOLIDATION,60,10.16,770,17.24,43.92,10,0,0,0
APP-15093,62,61801.35,14,MORTGAGE,24000,HOMEIMPROVEMENT,60,13.78,639,9.89,11.72,7,0,0,0
APP-15094,32,70591.98,4,RENT,7000,DEBTCONSOLIDATION,36,18.24,611,9.05,62.23,13,0,1,0
APP-15095,62,37817.62,19,MORTGAGE,32000,MEDICAL,60,16.45,586,7.7,83.16,6,0,2,0
APP-15096,33,40673.81,7,RENT,19000,DEBTCONSOLIDATION,60,11.57,752,7.88,13.96,13,0,0,0
APP-15097,31,76949.97,4,OWN,22000,DEBTCONSOLIDATION,36,12.3,748,16.28,42.8,13,0,0,0
APP-15098,36,46566.51,5,RENT,16000,DEBTCONSOLIDATION,60,13.54,690,29.01,43.05,10,0,1,0
APP-15099,28,64505.7,6,RENT,32000,DEBTCONSOLIDATION,60,12.73,642,15.94,29.31,9,0,0,0
APP-15100,60,75093.69,2,RENT,11000,EDUCATION,36,14.5,685,5.19,67.83,12,3,0,1
APP-15101,60,53574.16,19,RENT,7000,DEBTCONSOLIDATION,60,7.53,850,36.8,12.29,10,0,0,0
APP-15102,65,106675.9,2,MORTGAGE,25000,PERSONAL,36,13.24,687,14.57,74.13,11,0,0,0
APP-15103,22,54569.19,18,MORTGAGE,34000,HOMEIMPROVEMENT,60,10.56,713,18.43,45.91,9,0,0,0
APP-15104,50,53756.09,7,MORTGAGE,29000,DEBTCONSOLIDATION,36,17.78,576,24.48,8.18,9,0,1,0
APP-15105,50,43658.24,4,MORTGAGE,29000,MEDICAL,36,10.14,717,16.75,62.16,8,0,0,0
APP-15106,32,100709.06,2,RENT,11000,DEBTCONSOLIDATION,60,9.15,733,18.32,18.3,8,0,0,0
APP-15107,30,42040.8,9,MORTGAGE,24000,PERSONAL,36,14.14,655,27.94,21.66,15,0,0,0
APP-15108,64,112111.04,13,MORTGAGE,16000,HOMEIMPROVEMENT,60,13.79,677,12.35,20.66,11,0,0,0
APP-15109,31,64961.91,18,MORTGAGE,38000,HOMEIMPROVEMENT,60,10.62,720,3.61,62.86,9,0,0,0
APP-15110,35,228901.58,13,RENT,15000,HOMEIMPROVEMENT,60,12.64,674,32.75,89.33,5,1,0,0
APP-15111,36,43035.05,9,RENT,15000,MEDICAL,60,12.01,758,15.64,59.87,7,0,0,0
APP-15112,37,113277.63,0,MORTGAGE,8000,MEDICAL,60,17.44,610,18.23,29.8,11,0,0,0
APP-15113,46,77274.63,19,RENT,37000,PERSONAL,36,13.26,696,13.33,60.61,9,0,2,0
APP-15114,22,46310.45,18,RENT,19000,DEBTCONSOLIDATION,36,13.01,723,12.07,33.83,12,1,0,0
APP-15115,32,77795.57,6,RENT,16000,DEBTCONSOLIDATION,60,13.94,696,5.03,14.48,8,3,0,0
APP-15116,46,75923.16,0,MORTGAGE,34000,MEDICAL,36,13.49,624,15.8,75.72,5,0,0,0
APP-15117,43,50717.72,14,RENT,23000,MEDICAL,36,11.08,744,13.41,25.19,9,2,0,0
APP-15118,38,74171.88,16,OWN,18000,DEBTCONSOLIDATION,60,15.66,604,33.08,32.67,10,0,0,0
APP-15119,52,107121.69,10,MORTGAGE,27000,DEBTCONSOLIDATION,60,15.16,636,38.78,31.32,4,0,0,0
APP-15120,69,77317.61,7,RENT,16000,MEDICAL,60,9.87,689,6.84,74.24,6,0,0,0
APP-15121,58,48552.81,17,MORTGAGE,19000,HOMEIMPROVEMENT,36,11.9,721,13.63,34.97,8,0,0,0
APP-15122,67,47204.7,2,OWN,9000,DEBTCONSOLIDATION,60,15.71,638,24.91,56.96,11,2,0,0
APP-15123,23,57313.71,8,RENT,4000,HOMEIMPROVEMENT,36,15.36,591,18.42,24.0,11,0,0,0
APP-15124,58,104425.69,0,RENT,15000,DEBTCONSOLIDATION,36,12.26,715,40.78,24.25,9,0,0,0
APP-15125,23,41072.97,2,RENT,35000,DEBTCONSOLIDATION,36,18.6,583,32.23,27.11,6,0,0,0
APP-15126,50,72843.28,19,MORTGAGE,34000,PERSONAL,36,9.9,708,5.93,42.23,7,0,0,0
APP-15127,21,27412.82,11,RENT,38000,PERSONAL,60,11.43,713,7.78,36.69,7,0,0,0
APP-15128,50,80604.18,16,MORTGAGE,2000,DEBTCONSOLIDATION,60,9.25,787,21.39,9.15,12,0,0,0
APP-15129,65,87193.53,9,MORTGAGE,36000,EDUCATION,36,9.11,724,18.6,11.49,8,0,2,0
APP-15130,52,165018.15,17,MORTGAGE,11000,PERSONAL,36,14.51,659,9.93,42.29,7,0,0,0
APP-15131,48,95096.41,10,RENT,20000,HOMEIMPROVEMENT,36,11.08,701,20.9,75.34,11,0,0,0
APP-15132,41,48991.37,0,RENT,12000,DEBTCONSOLIDATION,36,8.21,744,53.66,30.62,7,0,0,0
APP-15133,66,27797.75,18,RENT,36000,PERSONAL,60,12.19,709,26.82,36.01,11,0,0,1
APP-15134,33,77427.57,1,RENT,3000,VENTURE,60,17.05,683,8.7,59.07,7,0,0,0
APP-15135,47,50837.46,8,MORTGAGE,4000,VENTURE,36,8.45,766,27.63,5.63,8,0,0,0
APP-15136,56,70760.15,9,OWN,16000,DEBTCONSOLIDATION,36,16.16,626,12.8,57.31,12,0,0,0
APP-15137,27,41768.91,0,MORTGAGE,29000,DEBTCONSOLIDATION,60,15.49,599,28.16,78.61,7,0,0,0
APP-15138,42,54907.32,0,RENT,3000,DEBTCONSOLIDATION,36,19.03,571,17.01,62.35,15,0,0,0
APP-15139,30,25591.29,15,RENT,31000,MEDICAL,36,9.64,776,26.59,71.42,14,0,0,0
APP-15140,59,35486.12,5,MORTGAGE,39000,VENTURE,36,12.12,640,14.46,29.89,15,0,0,0
APP-15141,35,33069.44,7,OWN,6000,PERSONAL,36,15.98,670,30.51,41.12,10,0,0,0
APP-15142,35,92632.46,11,RENT,7000,HOMEIMPROVEMENT,36,12.78,697,29.82,18.8,7,1,0,0
APP-15143,24,39591.43,6,MORTGAGE,6000,MEDICAL,36,13.5,644,6.18,32.9,15,0,0,0
APP-15144,52,119248.52,15,RENT,13000,DEBTCONSOLIDATION,60,11.69,761,6.34,29.6,8,1,0,0
APP-15145,43,39786.31,18,RENT,5000,DEBTCONSOLIDATION,36,10.7,759,12.97,12.98,15,0,0,0
APP-15146,26,170752.26,0,MORTGAGE,25000,DEBTCONSOLIDATION,36,11.71,726,19.32,16.46,11,0,0,0
APP-15147,44,22597.24,12,MORTGAGE,26000,DEBTCONSOLIDATION,36,9.94,686,4.38,32.7,8,0,0,0
APP-15148,40,74024.46,5,RENT,27000,DEBTCONSOLIDATION,36,11.97,654,14.58,21.85,8,0,0,0
APP-15149,57,61040.88,11,MORTGAGE,34000,PERSONAL,60,15.62,624,43.06,16.41,9,0,0,0
APP-15150,40,32672.18,9,MORTGAGE,22000,EDUCATION,36,11.5,703,32.05,42.09,8,0,0,0
APP-15151,32,45457.55,5,MORTGAGE,24000,PERSONAL,36,15.83,656,12.28,19.93,14,2,0,0
APP-15152,53,52541.53,0,MORTGAGE,38000,HOMEIMPROVEMENT,36,9.3,723,24.19,57.63,12,4,0,1
APP-15153,48,67839.72,10,RENT,38000,VENTURE,36,14.15,630,23.99,13.64,7,0,0,0
APP-15154,28,37488.58,0,RENT,13000,VENTURE,36,15.92,604,21.73,68.32,9,0,0,0
APP-15155,21,74062.17,1,MORTGAGE,38000,PERSONAL,36,10.86,746,36.4,65.03,8,0,0,0
APP-15156,57,63567.77,20,MORTGAGE,22000,PERSONAL,60,14.43,680,13.19,64.63,13,0,0,0
APP-15157,42,88396.92,5,RENT,14000,DEBTCONSOLIDATION,36,13.14,727,26.92,14.16,9,0,0,0
APP-15158,26,38902.7,11,MORTGAGE,34000,HOMEIMPROVEMENT,60,10.51,748,12.99,32.63,11,0,0,0
APP-15159,41,48792.58,4,MORTGAGE,7000,DEBTCONSOLIDATION,36,13.09,663,34.67,61.97,14,0,0,0
APP-15160,52,123137.78,17,MORTGAGE,13000,DEBTCONSOLIDATION,36,15.81,580,13.31,36.75,8,0,0,0
APP-15161,55,38062.35,4,MORTGAGE,39000,HOMEIMPROVEMENT,60,10.25,806,18.2,45.57,16,0,0,0
APP-15162,35,29844.67,6,MORTGAGE,31000,DEBTCONSOLIDATION,36,10.14,796,14.66,39.85,11,0,0,0
APP-15163,25,,12,RENT,38000,PERSONAL,36,10.52,711,14.63,70.84,8,0,3,0
APP-15164,66,24637.5,18,MORTGAGE,19000,HOMEIMPROVEMENT,36,13.16,675,29.93,23.35,8,0,0,0
APP-15165,68,138198.56,16,RENT,17000,MEDICAL,36,14.14,653,10.38,57.9,12,0,0,0
APP-15166,26,51980.21,4,MORTGAGE,8000,PERSONAL,36,11.81,715,38.01,45.37,11,0,0,0
APP-15167,45,52231.83,17,MORTGAGE,2000,PERSONAL,36,12.72,729,18.83,15.67,10,0,0,0
APP-15168,66,86791.46,14,RENT,29000,HOMEIMPROVEMENT,36,12.47,685,4.9,16.04,15,0,0,0
APP-15169,60,41656.87,20,RENT,4000,DEBTCONSOLIDATION,36,16.04,642,19.64,32.13,9,0,0,0
APP-15170,49,53746.55,19,RENT,40000,PERSONAL,36,9.27,749,6.96,89.06,10,1,0,0
APP-15171,27,41110.88,10,MORTGAGE,11000,VENTURE,36,13.75,650,12.72,16.46,9,0,0,0
APP-15172,60,24896.55,15,RENT,15000,MEDICAL,60,10.01,750,54.68,56.6,16,0,0,0
APP-15173,33,,11,RENT,16000,HOMEIMPROVEMENT,60,13.15,671,8.41,71.58,8,1,1,0
APP-15174,58,99993.83,11,MORTGAGE,7000,DEBTCONSOLIDATION,36,10.71,789,25.6,58.07,11,0,0,0
APP-15175,38,62295.69,0,RENT,40000,HOMEIMPROVEMENT,36,16.58,625,30.92,65.39,11,0,0,0
APP-15176,22,94835.17,0,RENT,17000,DEBTCONSOLIDATION,60,10.83,791,24.39,60.79,9,0,0,0
APP-15177,28,34617.13,0,OWN,19000,DEBTCONSOLIDATION,36,11.4,684,22.11,46.9,12,0,0,0
APP-15178,31,41067.83,20,MORTGAGE,36000,DEBTCONSOLIDATION,36,11.39,694,24.76,41.86,7,0,0,0
APP-15179,53,31346.3,1,RENT,26000,DEBTCONSOLIDATION,36,12.58,649,8.76,55.92,10,0,0,0
APP-15180,58,71917.78,0,MORTGAGE,34000,DEBTCONSOLIDATION,36,15.3,645,11.59,17.5,9,0,0,0
APP-15181,68,51082.42,5,MORTGAGE,34000,PERSONAL,36,16.21,627,19.58,14.75,6,0,0,0
APP-15182,47,50134.8,11,OWN,20000,DEBTCONSOLIDATION,36,14.03,639,31.7,87.06,19,0,0,0
APP-15183,40,83658.06,19,MORTGAGE,39000,PERSONAL,36,12.19,717,14.39,68.85,4,1,0,0
APP-15184,32,47264.2,14,MORTGAGE,12000,EDUCATION,60,8.59,789,5.47,65.79,16,1,0,0
APP-15185,63,102727.57,4,OWN,40000,PERSONAL,60,9.58,747,18.57,57.21,12,0,0,0
APP-15186,51,67361.49,19,RENT,4000,VENTURE,36,12.98,686,11.32,14.23,12,0,0,0
APP-15187,47,49857.59,0,MORTGAGE,39000,DEBTCONSOLIDATION,36,11.83,676,20.56,37.91,8,0,0,0
APP-15188,52,27562.14,20,RENT,2000,EDUCATION,36,5.51,803,21.56,73.97,14,0,0,0
APP-15189,30,83419.48,0,OWN,26000,DEBTCONSOLIDATION,36,12.76,708,11.98,33.58,12,0,0,0
APP-15190,23,68972.82,15,OWN,33000,PERSONAL,36,12.49,661,4.93,7.24,11,0,0,0
APP-15191,65,70652.89,0,RENT,37000,EDUCATION,36,10.82,736,14.19,50.31,12,0,0,0
APP-15192,47,71788.66,19,RENT,5000,VENTURE,60,10.45,706,15.99,2.42,6,0,0,0
APP-15193,55,45956.79,0,RENT,24000,EDUCATION,36,12.71,728,7.71,52.72,11,0,2,1
APP-15194,51,55509.69,0,RENT,17000,DEBTCONSOLIDATION,60,10.25,789,12.38,75.16,8,0,0,0
APP-15195,35,47606.49,18,MORTGAGE,12000,DEBTCONSOLIDATION,60,16.11,627,3.84,36.58,6,0,0,0
APP-15196,36,111863.23,0,MORTGAGE,23000,DEBTCONSOLIDATION,36,13.15,622,11.76,56.23,13,0,0,0
APP-15197,33,52179.23,16,MORTGAGE,40000,EDUCATION,36,14.46,728,32.85,29.99,10,0,0,0
APP-15198,69,43931.19,15,MORTGAGE,34000,DEBTCONSOLIDATION,60,12.12,719,13.93,27.74,9,0,0,0
APP-15199,55,115772.47,11,RENT,39000,DEBTCONSOLIDATION,36,15.59,629,22.86,31.54,11,0,0,1
APP-15200,31,109643.08,6,MORTGAGE,14000,PERSONAL,60,6.96,790,16.34,78.94,9,0,0,0
APP-15201,41,67385.64,19,OWN,22000,PERSONAL,36,11.88,719,12.27,39.16,10,0,0,0
APP-15202,31,56109.8,18,MORTGAGE,13000,DEBTCONSOLIDATION,36,14.25,648,32.85,64.01,10,0,0,0
APP-15203,50,49524.62,7,RENT,27000,PERSONAL,60,10.98,679,33.14,54.49,3,0,0,0
APP-15204,68,58572.05,3,RENT,2000,HOMEIMPROVEMENT,60,16.05,571,4.81,35.54,10,0,0,0
APP-15205,55,38663.23,4,RENT,23000,DEBTCONSOLIDATION,36,14.45,708,16.07,29.74,11,0,0,0
APP-15206,42,76243.2,3,MORTGAGE,28000,DEBTCONSOLIDATION,36,14.29,618,24.27,48.71,11,0,0,0
APP-15207,58,136796.74,10,RENT,33000,MEDICAL,36,13.28,669,26.27,24.97,14,0,0,0
APP-15208,51,79325.1,18,MORTGAGE,9000,HOMEIMPROVEMENT,36,12.06,685,23.53,63.26,10,1,0,0
APP-15209,34,34488.52,15,MORTGAGE,35000,DEBTCONSOLIDATION,36,9.41,804,27.24,38.83,7,0,0,0
APP-15210,44,75173.22,16,MORTGAGE,19000,HOMEIMPROVEMENT,60,11.11,772,16.1,73.6,15,0,0,0
APP-15211,69,65990.71,8,RENT,5000,HOMEIMPROVEMENT,60,18.76,559,15.86,29.52,13,0,0,0
APP-15212,52,74842.97,5,MORTGAGE,2000,PERSONAL,60,14.73,638,11.34,20.68,12,0,1,0
APP-15213,56,39744.06,15,MORTGAGE,17000,DEBTCONSOLIDATION,36,13.74,710,23.19,16.14,10,0,0,0
APP-15214,52,59974.74,16,RENT,31000,DEBTCONSOLIDATION,36,11.5,690,10.14,29.53,12,0,0,0
APP-15215,35,93111.17,14,OWN,24000,DEBTCONSOLIDATION,60,9.83,763,4.86,67.83,17,0,0,0
APP-15216,63,35066.48,0,MORTGAGE,32000,DEBTCONSOLIDATION,36,14.52,629,12.9,3.65,7,0,0,0
APP-15217,55,47831.44,11,RENT,29000,DEBTCONSOLIDATION,60,14.93,679,6.66,28.07,10,0,0,0
APP-15218,23,51848.08,6,MORTGAGE,38000,VENTURE,36,11.54,640,17.04,68.08,2,0,0,0
APP-15219,36,98635.21,2,RENT,17000,DEBTCONSOLIDATION,36,10.16,700,24.05,41.75,9,0,1,0
APP-15220,25,106271.2,14,RENT,10000,PERSONAL,36,11.37,665,26.8,38.58,9,0,0,0
APP-15221,41,22981.25,4,MORTGAGE,3000,VENTURE,36,10.96,735,28.43,73.93,7,0,0,0
APP-15222,30,98592.89,19,RENT,3000,MEDICAL,60,13.49,657,18.59,48.4,19,0,0,0
APP-15223,39,107955.84,5,RENT,33000,PERSONAL,36,11.7,647,23.59,44.35,11,0,0,0
APP-15224,45,104541.95,10,RENT,17000,HOMEIMPROVEMENT,60,8.56,838,43.41,11.2,11,0,0,0
APP-15225,24,45944.36,17,RENT,14000,EDUCATION,60,11.09,771,9.43,60.3,10,0,0,0
APP-15226,49,53375.07,7,RENT,28000,HOMEIMPROVEMENT,60,10.55,757,8.43,41.05,11,0,0,0
APP-15227,39,27345.01,17,MORTGAGE,32000,MEDICAL,36,12.11,652,10.15,38.05,9,0,0,0
APP-15228,63,21005.16,14,RENT,34000,HOMEIMPROVEMENT,36,18.98,627,18.73,66.14,7,0,0,1
APP-15229,22,49973.23,19,RENT,22000,DEBTCONSOLIDATION,36,18.4,568,31.37,36.68,8,0,0,0
APP-15230,30,62207.72,5,RENT,20000,DEBTCONSOLIDATION,60,13.86,707,35.46,30.38,10,0,0,0
APP-15231,63,65407.01,0,RENT,14000,MEDICAL,36,9.94,728,8.59,60.08,12,0,0,0
APP-15232,45,90270.85,8,RENT,20000,VENTURE,36,13.26,637,27.84,48.37,10,0,0,0
APP-15233,40,276666.45,16,MORTGAGE,36000,PERSONAL,36,10.05,715,40.91,36.07,6,3,0,0
APP-15234,68,49119.17,8,MORTGAGE,36000,DEBTCONSOLIDATION,60,15.96,583,7.19,8.31,11,0,0,0
APP-15235,39,35320.38,4,OTHER,34000,DEBTCONSOLIDATION,60,6.41,850,10.48,7.0,10,0,0,0
APP-15236,43,78673.95,0,RENT,4000,MEDICAL,36,14.57,629,27.3,38.87,13,0,0,0
APP-15237,44,66911.17,5,MORTGAGE,22000,DEBTCONSOLIDATION,36,16.17,634,13.89,47.05,3,0,0,0
APP-15238,31,44924.53,14,MORTGAGE,24000,DEBTCONSOLIDATION,36,15.66,643,17.6,37.21,9,0,0,1
APP-15239,66,94412.25,1,MORTGAGE,12000,MEDICAL,60,11.75,751,22.79,32.23,4,0,0,0
APP-15240,54,39896.05,6,RENT,5000,DEBTCONSOLIDATION,36,13.01,735,17.24,26.06,13,0,0,0
APP-15241,48,56146.33,0,RENT,5000,HOMEIMPROVEMENT,36,12.81,700,9.5,73.48,6,0,0,0
APP-15242,25,57788.27,14,MORTGAGE,16000,DEBTCONSOLIDATION,60,10.35,838,21.93,9.33,12,0,0,0
APP-15243,25,37277.44,18,MORTGAGE,29000,DEBTCONSOLIDATION,36,12.24,709,23.91,76.86,14,0,0,0
APP-15244,41,25467.22,11,MORTGAGE,37000,PERSONAL,36,12.65,712,9.43,2.27,15,0,0,0
APP-15245,32,66801.11,0,RENT,9000,PERSONAL,36,10.01,728,10.25,45.22,9,0,0,0
APP-15246,24,118700.38,3,RENT,25000,DEBTCONSOLIDATION,60,12.65,660,32.0,54.36,17,0,1,0
APP-15247,69,96804.71,8,OWN,35000,DEBTCONSOLIDATION,60,16.78,591,7.71,21.93,12,3,0,1
APP-15248,62,100097.48,11,MORTGAGE,16000,HOMEIMPROVEMENT,36,13.34,671,9.95,6.4,11,0,0,0
APP-15249,40,40155.92,9,MORTGAGE,24000,VENTURE,60,18.81,584,30.53,79.11,6,1,0,1
APP-15250,58,66638.3,19,RENT,28000,PERSONAL,60,9.26,745,12.19,55.84,10,0,0,0
APP-15251,45,29375.61,19,MORTGAGE,15000,DEBTCONSOLIDATION,60,10.17,709,10.23,44.82,11,0,0,0
APP-15252,34,65150.65,0,RENT,3000,MEDICAL,60,15.15,636,9.23,57.92,6,0,0,0
APP-15253,31,119897.47,1,RENT,36000,DEBTCONSOLIDATION,60,12.8,667,26.63,68.65,11,0,0,0
APP-15254,52,121773.56,6,MORTGAGE,8000,HOMEIMPROVEMENT,36,11.66,719,12.09,31.86,12,0,0,0
APP-15255,31,165251.58,7,MORTGAGE,17000,DEBTCONSOLIDATION,36,12.07,726,9.27,37.03,7,0,0,0
APP-15256,38,98183.06,11,RENT,23000,DEBTCONSOLIDATION,36,12.87,703,18.65,18.25,8,0,0,0
APP-15257,47,75953.34,15,MORTGAGE,29000,PERSONAL,36,15.41,595,15.37,41.27,11,0,0,0
APP-15258,38,92722.05,1,MORTGAGE,33000,DEBTCONSOLIDATION,36,15.84,584,20.47,37.49,10,0,0,0
APP-15259,43,84144.18,16,OWN,8000,DEBTCONSOLIDATION,36,15.12,666,37.27,55.53,15,0,0,1
APP-15260,31,39989.53,12,RENT,23000,DEBTCONSOLIDATION,36,11.38,730,25.87,18.58,6,0,0,0
APP-15261,41,28066.59,20,RENT,3000,EDUCATION,36,14.35,667,16.04,38.14,7,0,0,0
APP-15262,64,93095.34,13,OWN,9000,VENTURE,36,10.56,748,18.37,32.19,11,1,0,1
APP-15263,25,170531.3,14,MORTGAGE,8000,VENTURE,36,8.82,790,27.54,64.63,6,0,0,0
APP-15264,43,95033.59,2,MORTGAGE,39000,HOMEIMPROVEMENT,36,13.08,652,12.76,67.55,8,1,0,0
APP-15265,61,23286.71,15,RENT,22000,DEBTCONSOLIDATION,36,17.04,597,33.17,16.12,13,0,0,0
APP-15266,45,46182.17,0,OWN,23000,HOMEIMPROVEMENT,36,11.09,749,16.48,33.02,8,0,2,0
APP-15267,61,54266.02,13,MORTGAGE,36000,HOMEIMPROVEMENT,60,5.54,850,6.82,26.62,9,0,0,0
APP-15268,30,23670.35,0,MORTGAGE,19000,HOMEIMPROVEMENT,60,14.13,688,10.3,11.33,17,0,0,0
APP-15269,42,30078.07,0,OWN,10000,DEBTCONSOLIDATION,36,11.9,650,22.53,23.01,8,0,0,0
APP-15270,39,58774.43,0,MORTGAGE,3000,DEBTCONSOLIDATION,36,11.6,767,11.65,36.17,13,0,0,0
APP-15271,21,68242.12,0,RENT,18000,DEBTCONSOLIDATION,36,10.62,719,23.48,71.58,8,0,0,0
APP-15272,27,36570.34,5,MORTGAGE,21000,DEBTCONSOLIDATION,60,12.8,699,12.34,30.73,15,0,0,0
APP-15273,24,29393.54,20,MORTGAGE,7000,DEBTCONSOLIDATION,60,13.1,679,17.57,64.42,5,0,0,0
APP-15274,21,108733.25,6,MORTGAGE,12000,VENTURE,60,11.28,689,10.74,69.59,10,0,0,0
APP-15275,35,49450.9,15,MORTGAGE,6000,DEBTCONSOLIDATION,36,14.2,635,10.04,41.9,20,0,0,0
APP-15276,60,53119.21,1,RENT,11000,HOMEIMPROVEMENT,36,9.99,824,7.19,43.06,19,0,0,0
APP-15277,32,45554.51,8,MORTGAGE,24000,DEBTCONSOLIDATION,36,15.45,649,43.17,11.15,6,0,0,1
APP-15278,42,40717.46,2,MORTGAGE,34000,HOMEIMPROVEMENT,36,21.54,498,40.17,48.66,15,0,0,1
APP-15279,42,114851.08,2,RENT,37000,DEBTCONSOLIDATION,60,11.8,684,35.76,31.18,14,0,0,0
APP-15280,67,38565.05,0,MORTGAGE,40000,DEBTCONSOLIDATION,36,10.69,718,30.29,58.38,15,0,0,0
APP-15281,37,,8,OTHER,35000,DEBTCONSOLIDATION,60,8.78,789,18.11,21.51,13,1,3,0
APP-15282,49,60135.29,0,RENT,18000,DEBTCONSOLIDATION,36,13.66,663,20.0,15.24,10,0,0,0
APP-15283,66,22604.7,18,RENT,27000,DEBTCONSOLIDATION,36,14.33,611,9.64,18.32,14,0,0,0
APP-15284,34,67539.87,8,RENT,28000,MEDICAL,60,10.2,762,5.98,21.66,11,0,0,0
APP-15285,40,27667.55,17,RENT,4000,DEBTCONSOLIDATION,36,14.94,644,34.41,33.88,10,1,0,0
APP-15286,68,82267.39,20,RENT,20000,PERSONAL,36,13.22,724,7.09,29.57,7,0,0,0
APP-15287,53,33083.56,13,MORTGAGE,9000,DEBTCONSOLIDATION,60,15.21,626,20.04,3.87,11,0,0,0
APP-15288,63,77730.99,18,RENT,18000,DEBTCONSOLIDATION,36,15.4,633,12.9,20.22,8,2,0,0
APP-15289,35,48302.91,1,MORTGAGE,2000,HOMEIMPROVEMENT,60,12.5,664,7.22,30.06,10,0,1,0
APP-15290,32,42737.74,17,RENT,8000,EDUCATION,60,13.11,614,7.94,23.91,8,0,1,0
APP-15291,60,66521.68,4,OWN,37000,HOMEIMPROVEMENT,36,18.02,592,22.51,6.1,9,1,0,0
APP-15292,40,28683.3,9,RENT,4000,MEDICAL,36,14.25,653,14.61,6.52,8,0,0,0
APP-15293,50,57837.33,12,MORTGAGE,20000,DEBTCONSOLIDATION,60,14.11,692,34.26,25.43,8,0,0,0
APP-15294,58,88532.5,18,RENT,28000,DEBTCONSOLIDATION,36,6.85,838,25.3,2.94,6,0,0,0
APP-15295,23,100841.19,18,RENT,4000,MEDICAL,60,10.49,705,7.49,56.08,9,0,0,0
APP-15296,48,47509.48,0,RENT,35000,HOMEIMPROVEMENT,36,10.48,695,29.5,23.97,10,0,0,0
APP-15297,46,51106.85,6,MORTGAGE,6000,VENTURE,36,11.13,699,9.77,68.71,12,0,1,0
APP-15298,50,28397.28,16,RENT,38000,DEBTCONSOLIDATION,60,10.4,716,23.16,26.8,13,0,0,0
APP-15299,33,41136.18,14,MORTGAGE,17000,DEBTCONSOLIDATION,36,13.6,688,9.76,14.21,11,1,0,0
APP-15300,33,27445.15,0,RENT,15000,DEBTCONSOLIDATION,36,10.22,756,27.21,21.35,10,0,0,0
APP-15301,22,74610.52,8,RENT,31000,MEDICAL,36,13.51,709,42.04,59.36,14,5,0,0
APP-15302,57,91224.92,17,RENT,33000,EDUCATION,36,12.67,681,25.15,29.23,7,0,0,0
APP-15303,69,47709.6,15,MORTGAGE,13000,MEDICAL,36,16.83,634,13.66,47.2,7,0,1,0
APP-15304,58,35273.38,7,RENT,28000,PERSONAL,36,12.74,717,21.99,37.54,12,0,0,0
APP-15305,22,69849.34,14,RENT,27000,DEBTCONSOLIDATION,36,10.16,760,65.0,39.08,18,0,0,0
APP-15306,56,38793.86,10,MORTGAGE,30000,PERSONAL,36,10.1,736,2.21,25.8,4,0,0,0
APP-15307,46,83781.66,19,RENT,24000,HOMEIMPROVEMENT,60,16.14,660,20.72,29.26,16,0,0,0
APP-15308,31,157584.19,11,MORTGAGE,23000,PERSONAL,36,12.13,690,12.35,25.89,5,0,0,0
APP-15309,28,38475.75,7,RENT,21000,PERSONAL,36,10.01,794,13.62,50.18,4,0,0,0
APP-15310,64,41322.49,17,MORTGAGE,39000,PERSONAL,36,11.8,751,10.83,21.62,5,0,0,0
APP-15311,60,28860.08,0,OTHER,17000,HOMEIMPROVEMENT,36,13.53,723,26.43,50.93,9,0,0,0
APP-15312,63,64411.96,18,RENT,32000,VENTURE,60,12.81,651,8.11,26.89,14,1,0,0
APP-15313,42,62259.23,14,RENT,4000,MEDICAL,36,15.45,717,33.25,30.93,7,0,0,0
APP-15314,40,52298.36,19,OWN,22000,DEBTCONSOLIDATION,36,11.69,796,8.37,44.35,12,0,1,0
APP-15315,28,60359.49,3,MORTGAGE,40000,DEBTCONSOLIDATION,36,13.33,697,11.51,53.05,12,0,0,0
APP-15316,49,35531.06,14,MORTGAGE,6000,DEBTCONSOLIDATION,36,16.37,532,28.22,16.42,13,0,0,0
APP-15317,60,26066.34,16,MORTGAGE,21000,PERSONAL,60,9.79,807,11.02,35.73,10,0,0,0
APP-15318,46,40964.66,14,RENT,24000,HOMEIMPROVEMENT,60,12.02,746,23.68,36.82,8,0,0,0
APP-15319,50,22976.76,3,MORTGAGE,33000,VENTURE,36,12.5,643,13.73,9.2,6,0,1,0
APP-15320,37,38473.92,4,MORTGAGE,10000,EDUCATION,60,12.88,680,19.75,23.26,4,0,0,0
APP-15321,40,69902.99,11,MORTGAGE,4000,DEBTCONSOLIDATION,36,15.04,676,5.78,13.01,10,0,0,0
APP-15322,36,61687.25,8,OWN,28000,PERSONAL,36,10.4,665,12.36,13.01,12,0,0,0
APP-15323,66,24664.21,14,MORTGAGE,28000,PERSONAL,60,13.5,685,18.51,25.34,13,2,0,1
APP-15324,63,101181.71,6,MORTGAGE,11000,VENTURE,60,11.54,736,27.45,50.38,9,0,0,0
APP-15325,27,54323.63,17,OWN,17000,HOMEIMPROVEMENT,36,7.57,788,8.94,68.8,9,0,0,0
APP-15326,36,,8,RENT,25000,PERSONAL,36,15.05,650,20.73,27.34,11,0,0,0
APP-15327,65,49902.31,0,RENT,24000,HOMEIMPROVEMENT,36,10.92,743,23.73,16.86,14,0,0,0
APP-15328,67,44734.22,0,RENT,10000,PERSONAL,36,14.54,640,25.58,36.52,11,2,0,0
APP-15329,68,38798.26,12,OTHER,3000,VENTURE,36,10.77,761,22.1,38.44,8,0,0,0
APP-15330,47,89885.9,10,MORTGAGE,7000,DEBTCONSOLIDATION,36,11.85,711,7.64,34.12,13,0,0,0
APP-15331,43,34435.3,10,RENT,38000,PERSONAL,36,12.6,687,40.53,34.99,8,0,2,1
APP-15332,44,65665.11,16,RENT,36000,VENTURE,36,12.77,673,16.35,38.49,15,1,0,0
APP-15333,29,30617.93,6,RENT,8000,DEBTCONSOLIDATION,36,10.6,758,21.8,31.26,8,0,1,0
APP-15334,55,58779.71,20,RENT,16000,VENTURE,36,14.59,608,24.1,38.7,4,0,0,0
APP-15335,40,68371.5,19,OWN,22000,VENTURE,36,13.44,758,9.1,41.22,11,0,0,0
APP-15336,57,68437.02,0,MORTGAGE,39000,PERSONAL,60,12.56,656,15.29,50.09,11,0,0,0
APP-15337,62,62342.78,18,OWN,37000,DEBTCONSOLIDATION,60,11.87,737,43.16,18.08,11,0,0,0
APP-15338,37,53129.75,13,RENT,24000,MEDICAL,60,10.9,699,10.23,51.68,16,1,0,0
APP-15339,67,35170.15,9,MORTGAGE,30000,DEBTCONSOLIDATION,36,20.21,622,18.74,46.9,10,0,0,0
APP-15340,51,35373.71,11,MORTGAGE,14000,PERSONAL,36,12.42,669,5.03,28.8,7,0,1,0
APP-15341,28,69523.1,17,OWN,6000,VENTURE,60,17.47,636,24.78,4.47,14,0,0,0
APP-15342,35,31866.02,19,OTHER,40000,PERSONAL,36,14.84,608,34.63,36.17,8,0,0,1
APP-15343,51,28414.26,11,OWN,40000,DEBTCONSOLIDATION,36,13.21,712,22.89,44.1,10,0,0,0
APP-15344,50,122379.84,2,MORTGAGE,2000,VENTURE,36,16.46,588,3.25,71.18,12,0,0,0
APP-15345,66,52582.65,12,RENT,21000,MEDICAL,36,14.93,644,16.66,6.85,3,0,0,0
APP-15346,40,82249.07,0,MORTGAGE,2000,PERSONAL,60,12.55,713,7.09,43.85,9,1,0,0
APP-15347,59,92664.81,12,RENT,36000,VENTURE,60,16.09,628,14.69,43.73,16,0,0,0
APP-15348,32,61424.47,16,RENT,8000,HOMEIMPROVEMENT,36,11.03,763,13.36,72.66,12,0,0,0
APP-15349,69,49593.33,6,RENT,36000,PERSONAL,36,8.09,814,25.39,27.44,13,0,0,0
APP-15350,37,50016.46,0,RENT,35000,DEBTCONSOLIDATION,36,9.5,785,32.02,49.6,10,2,3,1
APP-15351,62,133788.47,14,MORTGAGE,6000,PERSONAL,60,11.91,719,15.33,20.81,20,0,1,0
APP-15352,50,45278.88,5,RENT,30000,HOMEIMPROVEMENT,60,13.15,680,16.89,29.03,14,0,2,0
APP-15353,49,65395.97,3,MORTGAGE,28000,PERSONAL,60,12.31,697,19.51,30.9,14,0,0,0
APP-15354,39,84007.35,13,RENT,8000,HOMEIMPROVEMENT,60,9.89,790,29.96,33.1,10,0,0,0
APP-15355,66,67870.37,20,MORTGAGE,2000,MEDICAL,36,15.04,613,23.28,62.54,5,0,0,0
APP-15356,31,102969.88,15,MORTGAGE,10000,DEBTCONSOLIDATION,36,18.13,582,15.94,38.29,12,0,0,0
APP-15357,54,49349.95,9,RENT,2000,VENTURE,36,15.27,676,25.12,58.64,20,0,0,0
APP-15358,27,83840.8,11,MORTGAGE,28000,DEBTCONSOLIDATION,60,11.83,704,5.98,46.14,14,0,0,0
APP-15359,64,24408.72,1,MORTGAGE,18000,MEDICAL,60,11.4,751,11.01,28.1,9,0,0,0
APP-15360,54,117413.57,16,MORTGAGE,33000,DEBTCONSOLIDATION,36,10.26,746,12.63,36.27,7,0,0,0
APP-15361,40,104985.24,12,MORTGAGE,31000,DEBTCONSOLIDATION,36,8.5,781,13.64,40.38,11,0,0,0
APP-15362,58,51420.23,20,MORTGAGE,16000,PERSONAL,36,11.86,691,17.64,41.95,6,3,0,0
APP-15363,44,74564.46,20,RENT,29000,HOMEIMPROVEMENT,36,11.8,686,11.03,23.49,9,0,0,0
APP-15364,30,93482.78,6,MORTGAGE,4000,EDUCATION,36,10.2,698,15.91,25.79,7,1,0,0
APP-15365,52,35636.42,20,MORTGAGE,29000,DEBTCONSOLIDATION,60,18.58,622,28.82,23.8,10,0,0,1
APP-15366,35,55700.09,20,RENT,6000,DEBTCONSOLIDATION,60,9.69,773,12.13,18.52,11,0,0,0
APP-15367,57,31167.31,12,MORTGAGE,3000,PERSONAL,36,13.94,670,32.67,28.24,11,0,0,1
APP-15368,40,105789.68,5,MORTGAGE,39000,DEBTCONSOLIDATION,60,12.61,671,8.67,5.18,7,0,0,0
APP-15369,23,90344.04,15,RENT,17000,HOMEIMPROVEMENT,36,11.78,704,12.05,41.25,13,0,0,0
APP-15370,57,,4,MORTGAGE,18000,MEDICAL,36,12.64,642,29.26,57.69,6,1,1,0
APP-15371,60,49096.52,12,MORTGAGE,13000,HOMEIMPROVEMENT,36,14.47,676,14.0,69.65,9,0,0,0
APP-15372,28,55576.83,0,RENT,27000,PERSONAL,60,10.94,720,16.43,15.76,7,0,0,0
APP-15373,60,38229.83,12,MORTGAGE,8000,DEBTCONSOLIDATION,36,12.57,775,7.91,63.42,13,0,0,0
APP-15374,64,54884.22,19,MORTGAGE,25000,DEBTCONSOLIDATION,60,11.49,706,17.32,67.23,10,0,0,1
APP-15375,43,35636.82,3,RENT,17000,PERSONAL,60,9.5,798,8.11,51.86,12,0,0,0
APP-15376,60,93823.02,15,MORTGAGE,19000,MEDICAL,36,11.76,675,25.63,28.01,11,0,0,0
APP-15377,31,105711.38,4,MORTGAGE,9000,PERSONAL,36,16.55,586,20.6,43.77,6,4,0,1
APP-15378,66,96047.34,14,MORTGAGE,28000,PERSONAL,36,13.29,602,7.0,48.62,13,0,0,0
APP-15379,28,32955.06,14,RENT,27000,PERSONAL,36,10.09,718,11.58,16.47,10,0,0,0
APP-15380,49,53947.93,2,MORTGAGE,32000,VENTURE,36,15.36,673,32.56,30.71,7,0,0,0
APP-15381,50,80206.88,11,MORTGAGE,19000,HOMEIMPROVEMENT,36,12.65,755,65.0,33.25,12,0,0,0
APP-15382,30,87937.27,17,OTHER,3000,MEDICAL,36,12.53,702,11.96,37.27,9,0,1,0
APP-15383,59,23874.53,6,OWN,24000,PERSONAL,36,12.69,695,39.58,26.31,9,0,0,0
APP-15384,48,86703.09,14,RENT,23000,DEBTCONSOLIDATION,36,16.48,625,23.54,36.41,8,0,0,0
APP-15385,69,32156.37,13,RENT,34000,DEBTCONSOLIDATION,60,18.3,548,10.95,33.34,11,0,0,1
APP-15386,56,55437.85,4,RENT,19000,DEBTCONSOLIDATION,60,12.66,662,18.07,30.28,10,0,0,0
APP-15387,33,112279.19,19,MORTGAGE,16000,DEBTCONSOLIDATION,36,16.46,620,43.68,40.52,8,0,1,0
APP-15388,52,104928.58,11,MORTGAGE,4000,PERSONAL,60,17.08,596,16.07,11.67,12,1,0,0
APP-15389,56,116199.65,6,MORTGAGE,24000,DEBTCONSOLIDATION,36,14.54,700,12.55,33.29,12,0,0,0
APP-15390,57,35131.9,2,MORTGAGE,3000,PERSONAL,60,12.73,739,43.43,17.48,8,0,0,0
APP-15391,46,39749.59,9,RENT,5000,DEBTCONSOLIDATION,60,9.15,715,3.88,46.65,11,0,0,0
APP-15392,42,45188.57,14,RENT,27000,DEBTCONSOLIDATION,36,10.59,712,13.34,70.23,10,0,0,0
APP-15393,24,55646.79,12,RENT,20000,HOMEIMPROVEMENT,36,18.71,640,32.86,24.43,15,0,0,0
APP-15394,51,66726.04,14,MORTGAGE,11000,PERSONAL,36,14.99,613,11.03,20.84,9,0,0,1
APP-15395,38,113394.42,16,MORTGAGE,23000,MEDICAL,60,14.97,628,13.18,89.58,10,0,0,0
APP-15396,58,37635.16,8,OWN,7000,DEBTCONSOLIDATION,36,10.44,752,11.13,37.62,10,0,0,0
APP-15397,44,43720.54,10,MORTGAGE,2000,PERSONAL,36,12.72,678,12.6,23.02,15,0,0,0
APP-15398,43,122005.39,20,OWN,17000,VENTURE,36,11.85,800,19.7,61.2,12,0,0,0
APP-15399,42,33539.4,20,RENT,8000,PERSONAL,60,10.76,753,20.76,30.36,8,0,0,0
APP-15400,22,86113.91,7,MORTGAGE,25000,EDUCATION,60,7.39,799,3.39,10.99,10,0,0,0
APP-15401,51,57278.24,13,RENT,36000,DEBTCONSOLIDATION,36,12.3,691,20.01,56.77,5,0,0,0
APP-15402,31,72695.65,4,RENT,15000,DEBTCONSOLIDATION,36,13.86,702,47.06,58.31,8,0,0,0
APP-15403,48,39907.3,1,OWN,5000,DEBTCONSOLIDATION,36,14.6,607,10.28,33.46,14,0,0,0
APP-15404,66,85270.87,15,MORTGAGE,16000,DEBTCONSOLIDATION,60,13.78,691,3.81,19.74,11,0,0,0
APP-15405,52,43169.77,8,RENT,24000,HOMEIMPROVEMENT,36,10.07,741,13.23,57.33,11,0,0,0
APP-15406,25,29442.68,2,RENT,20000,PERSONAL,60,7.01,844,19.19,53.56,7,1,0,0
APP-15407,58,76116.44,15,RENT,15000,DEBTCONSOLIDATION,36,16.1,655,15.37,69.6,18,0,0,0
APP-15408,30,18000.0,19,RENT,28000,PERSONAL,36,16.43,623,9.02,26.97,11,0,0,1
APP-15409,60,45071.22,19,MORTGAGE,37000,VENTURE,60,11.41,754,13.7,45.96,12,0,0,0
APP-15410,66,69256.28,11,MORTGAGE,39000,PERSONAL,60,13.42,633,17.28,26.99,9,0,0,0
APP-15411,44,87455.91,9,MORTGAGE,23000,DEBTCONSOLIDATION,36,15.45,662,2.0,60.45,4,0,0,0
APP-15412,55,110554.03,1,RENT,12000,DEBTCONSOLIDATION,60,7.2,806,25.13,45.93,4,0,0,0
APP-15413,64,145622.43,16,RENT,5000,PERSONAL,60,13.46,665,64.36,23.34,3,0,0,0
APP-15414,68,124975.64,19,RENT,33000,PERSONAL,36,11.3,741,42.81,34.09,6,0,0,0
APP-15415,43,65892.11,18,MORTGAGE,25000,MEDICAL,36,11.78,776,15.52,53.9,17,0,0,1
APP-15416,37,105114.86,15,OTHER,35000,EDUCATION,36,14.65,654,32.52,45.61,10,0,0,0
APP-15417,21,65385.55,0,RENT,4000,EDUCATION,60,13.8,676,23.16,8.36,10,0,0,0
APP-15418,51,84368.79,7,RENT,39000,PERSONAL,36,12.09,681,12.83,34.65,6,0,0,0
APP-15419,51,44370.35,7,RENT,3000,DEBTCONSOLIDATION,36,14.15,702,46.41,18.92,4,0,0,0
APP-15420,62,75435.85,18,RENT,24000,DEBTCONSOLIDATION,36,15.18,630,16.01,65.26,8,0,0,1
APP-15421,62,47257.98,0,RENT,21000,PERSONAL,60,11.14,665,3.88,36.91,14,0,0,0
APP-15422,54,54897.77,10,OWN,9000,MEDICAL,36,22.7,519,9.15,87.0,8,0,1,1
APP-15423,29,75554.87,1,MORTGAGE,36000,DEBTCONSOLIDATION,60,13.93,625,19.45,42.52,6,0,0,0
APP-15424,42,170363.48,13,RENT,4000,PERSONAL,36,9.62,720,11.03,51.1,4,0,0,0
APP-15425,33,72939.47,16,RENT,33000,HOMEIMPROVEMENT,36,10.34,741,10.32,47.01,12,2,0,0
APP-15426,45,59524.66,12,RENT,32000,DEBTCONSOLIDATION,36,13.06,735,30.78,56.8,8,0,1,0
APP-15427,68,39502.21,16,RENT,32000,DEBTCONSOLIDATION,36,12.78,789,15.74,39.49,16,0,0,0
APP-15428,38,93723.18,12,MORTGAGE,2000,DEBTCONSOLIDATION,36,10.89,752,8.34,40.34,10,0,0,0
APP-15429,32,50628.5,2,MORTGAGE,13000,DEBTCONSOLIDATION,60,14.84,663,20.21,35.67,12,0,0,0
APP-15430,60,72191.41,6,RENT,19000,PERSONAL,36,10.51,736,15.03,31.24,5,0,0,0
APP-15431,37,85048.0,20,MORTGAGE,25000,DEBTCONSOLIDATION,36,17.53,619,11.77,27.7,11,0,0,0
APP-15432,35,112651.53,4,MORTGAGE,37000,DEBTCONSOLIDATION,60,13.92,635,6.57,44.73,10,0,0,0
APP-15433,62,91234.3,0,RENT,30000,DEBTCONSOLIDATION,36,13.65,704,12.52,30.64,13,0,0,0
APP-15434,35,32476.47,7,RENT,26000,PERSONAL,60,18.45,631,19.07,32.02,10,0,0,0
APP-15435,35,25371.98,6,RENT,24000,HOMEIMPROVEMENT,36,18.2,586,6.74,31.71,12,0,0,0
APP-15436,59,85028.0,8,MORTGAGE,4000,PERSONAL,36,12.56,711,13.43,58.61,11,0,0,0
APP-15437,33,62505.02,11,MORTGAGE,31000,PERSONAL,36,9.82,749,12.1,47.34,10,0,1,0
APP-15438,37,72819.19,20,MORTGAGE,18000,PERSONAL,36,10.04,754,16.46,12.29,6,0,0,0
APP-15439,52,141475.07,15,MORTGAGE,31000,PERSONAL,60,7.16,775,14.29,60.55,11,2,0,0
APP-15440,29,43989.49,0,MORTGAGE,20000,DEBTCONSOLIDATION,36,11.34,747,20.85,12.56,11,0,0,0
APP-15441,60,114199.78,14,MORTGAGE,6000,DEBTCONSOLIDATION,60,14.38,659,20.01,74.1,11,2,0,1
APP-15442,40,44208.32,17,MORTGAGE,35000,MEDICAL,36,11.23,684,15.21,70.11,11,0,0,0
APP-15443,46,130958.32,18,MORTGAGE,10000,PERSONAL,36,14.06,669,12.59,79.68,10,0,0,0
APP-15444,47,87138.95,7,RENT,40000,VENTURE,36,12.84,682,51.78,43.52,9,0,0,0
APP-15445,41,28181.92,5,RENT,27000,MEDICAL,36,9.94,718,32.46,42.88,19,0,0,0
APP-15446,38,48599.12,17,RENT,6000,HOMEIMPROVEMENT,36,12.87,664,27.25,58.4,9,2,1,0
APP-15447,33,156034.75,15,MORTGAGE,25000,DEBTCONSOLIDATION,36,12.8,643,14.36,35.71,11,0,0,0
APP-15448,36,146546.18,10,MORTGAGE,32000,HOMEIMPROVEMENT,36,12.38,692,26.99,22.74,12,0,0,0
APP-15449,29,80992.41,0,RENT,25000,PERSONAL,36,8.88,804,46.96,27.67,13,0,0,0
APP-15450,32,71476.03,13,MORTGAGE,22000,EDUCATION,60,9.3,751,17.73,35.29,7,0,0,0
APP-15451,64,67498.95,0,RENT,23000,VENTURE,36,12.74,624,18.37,56.95,18,0,0,0
APP-15452,58,74496.98,0,OWN,39000,VENTURE,36,15.46,646,16.36,43.41,9,0,1,0
APP-15453,39,55803.94,5,MORTGAGE,23000,PERSONAL,36,9.28,746,37.07,50.25,12,0,0,0
APP-15454,27,109700.55,6,OWN,22000,DEBTCONSOLIDATION,36,13.47,698,15.17,73.91,6,0,0,0
APP-15455,55,79931.47,8,RENT,31000,VENTURE,60,14.49,640,14.41,61.04,7,0,0,0
APP-15456,68,36950.05,5,OWN,11000,DEBTCONSOLIDATION,36,11.57,747,31.92,43.96,10,1,0,1
APP-15457,38,,0,RENT,4000,DEBTCONSOLIDATION,36,13.01,674,29.72,25.14,9,0,0,0
APP-15458,36,65022.72,1,MORTGAGE,40000,VENTURE,60,14.52,697,2.0,24.39,12,0,0,0
APP-15459,59,51214.04,0,RENT,30000,DEBTCONSOLIDATION,36,17.25,664,14.64,46.69,7,0,0,0
APP-15460,24,154703.15,8,MORTGAGE,26000,VENTURE,36,16.27,613,9.06,29.94,17,0,0,0
APP-15461,45,63062.73,3,OWN,3000,DEBTCONSOLIDATION,36,11.25,652,2.0,32.1,9,0,0,0
APP-15462,52,22506.97,4,MORTGAGE,14000,VENTURE,60,13.28,716,23.72,55.36,10,0,0,0
APP-15463,60,53068.09,8,MORTGAGE,28000,PERSONAL,36,12.96,659,10.2,0.8,7,0,0,0
APP-15464,33,98394.9,3,RENT,30000,HOMEIMPROVEMENT,36,10.09,651,22.86,57.29,14,0,1,0
APP-15465,65,37675.4,3,RENT,15000,VENTURE,36,15.16,613,31.92,15.19,13,0,0,0
APP-15466,37,96737.13,17,RENT,5000,EDUCATION,36,14.54,694,50.81,28.69,10,2,0,0
APP-15467,69,,10,RENT,9000,DEBTCONSOLIDATION,60,14.05,696,13.75,39.5,8,0,0,0
APP-15468,57,116813.84,17,MORTGAGE,6000,HOMEIMPROVEMENT,60,14.2,635,7.22,40.45,12,0,0,0
APP-15469,26,44968.46,9,OWN,28000,EDUCATION,36,15.41,693,23.05,24.24,15,0,0,0
APP-15470,39,50216.77,18,OWN,25000,DEBTCONSOLIDATION,36,11.33,696,24.82,80.93,5,0,1,0
APP-15471,33,48389.47,4,RENT,35000,DEBTCONSOLIDATION,36,15.25,703,18.25,56.03,7,0,0,0
APP-15472,46,80718.76,12,MORTGAGE,29000,HOMEIMPROVEMENT,36,11.66,699,20.18,40.69,13,0,0,1
APP-15473,34,150551.39,9,MORTGAGE,25000,PERSONAL,60,13.7,648,20.99,62.98,8,0,0,0
APP-15474,51,60319.86,19,MORTGAGE,6000,DEBTCONSOLIDATION,36,9.42,704,15.45,61.71,14,0,0,0
APP-15475,24,59548.59,7,RENT,14000,DEBTCONSOLIDATION,60,12.36,686,16.91,40.17,12,0,0,0
APP-15476,59,44952.68,17,MORTGAGE,19000,DEBTCONSOLIDATION,60,13.08,700,21.29,57.06,10,0,0,0
APP-15477,28,26537.84,11,RENT,18000,HOMEIMPROVEMENT,36,10.92,733,14.56,15.35,10,0,0,0
APP-15478,45,47251.44,14,MORTGAGE,31000,MEDICAL,60,8.46,743,15.44,8.55,9,0,0,0
APP-15479,33,31904.38,18,MORTGAGE,39000,VENTURE,60,11.93,723,2.68,30.18,15,0,0,0
APP-15480,52,23303.11,20,OTHER,20000,PERSONAL,60,12.0,712,21.4,38.54,11,0,0,0
APP-15481,58,57612.9,14,MORTGAGE,23000,PERSONAL,60,10.28,762,20.91,8.08,7,0,0,0
APP-15482,58,45647.42,5,RENT,19000,HOMEIMPROVEMENT,36,15.69,640,13.08,7.6,10,0,0,0
APP-15483,48,119167.6,5,RENT,27000,PERSONAL,60,15.19,623,15.24,2.13,10,0,1,0
APP-15484,50,39034.41,5,RENT,16000,EDUCATION,36,10.36,764,14.84,66.98,10,0,0,0
APP-15485,23,83715.86,0,OWN,29000,MEDICAL,60,12.67,755,19.55,12.34,14,1,0,0
APP-15486,48,82901.74,0,RENT,31000,DEBTCONSOLIDATION,36,9.96,741,21.0,73.2,10,1,0,0
APP-15487,23,116840.68,11,OWN,29000,VENTURE,36,14.72,673,18.79,55.58,8,0,0,0
APP-15488,65,54605.35,16,OWN,21000,DEBTCONSOLIDATION,36,9.51,786,10.06,10.64,14,0,0,0
APP-15489,54,115788.58,0,MORTGAGE,5000,HOMEIMPROVEMENT,36,13.67,641,21.36,35.18,9,0,0,0
APP-15490,36,79258.77,11,RENT,5000,DEBTCONSOLIDATION,36,16.17,654,5.47,17.46,11,0,0,0
APP-15491,42,105835.61,6,RENT,38000,VENTURE,36,14.31,619,12.85,19.92,11,0,0,0
APP-15492,52,198209.21,18,MORTGAGE,16000,DEBTCONSOLIDATION,36,14.88,657,7.48,41.55,10,0,1,0
APP-15493,58,56296.54,1,MORTGAGE,35000,DEBTCONSOLIDATION,60,11.06,693,36.81,47.96,4,0,0,0
APP-15494,28,65212.39,11,OWN,12000,DEBTCONSOLIDATION,36,12.03,660,25.66,28.21,10,0,0,0
APP-15495,28,49965.7,20,RENT,24000,EDUCATION,36,12.96,724,7.0,58.4,7,0,0,0
APP-15496,26,129463.57,6,MORTGAGE,36000,DEBTCONSOLIDATION,36,8.84,710,31.73,50.73,12,0,0,1
APP-15497,34,220207.68,15,MORTGAGE,36000,DEBTCONSOLIDATION,36,9.43,726,32.32,52.81,7,0,0,0
APP-15498,52,86429.35,18,RENT,12000,PERSONAL,36,12.53,756,4.68,20.74,11,0,0,0
APP-15499,55,26767.92,2,MORTGAGE,3000,HOMEIMPROVEMENT,36,13.57,762,18.25,52.35,13,0,0,0
APP-15500,30,38501.21,20,MORTGAGE,16000,HOMEIMPROVEMENT,36,14.55,693,18.84,6.61,15,0,0,0
APP-15501,23,106915.59,16,RENT,29000,DEBTCONSOLIDATION,36,10.64,701,20.51,17.35,14,0,0,0
APP-15502,32,33786.68,1,RENT,32000,DEBTCONSOLIDATION,36,14.95,651,14.42,38.74,8,0,0,1
APP-15503,69,44344.04,5,MORTGAGE,33000,DEBTCONSOLIDATION,60,6.15,813,38.03,36.05,12,0,0,0
APP-15504,51,43573.14,12,MORTGAGE,35000,DEBTCONSOLIDATION,36,15.21,612,13.98,25.44,10,0,0,1
APP-15505,49,57608.46,18,RENT,23000,VENTURE,36,13.83,633,18.32,39.53,10,0,0,0
APP-15506,25,68074.3,2,RENT,30000,MEDICAL,36,15.93,660,9.32,30.26,9,0,0,0
APP-15507,45,23278.47,14,OWN,9000,PERSONAL,36,17.95,542,22.93,28.9,6,0,0,0
APP-15508,61,27897.17,4,MORTGAGE,23000,DEBTCONSOLIDATION,36,9.83,675,10.21,34.16,10,0,0,0
APP-15509,51,28232.06,16,MORTGAGE,13000,DEBTCONSOLIDATION,36,13.42,693,19.47,9.74,11,0,0,0
APP-15510,41,29971.02,13,RENT,24000,DEBTCONSOLIDATION,36,13.83,645,48.7,28.68,11,0,0,0
APP-15511,40,60355.26,10,RENT,39000,DEBTCONSOLIDATION,60,11.93,695,18.14,63.26,15,0,1,1
APP-15512,59,65992.02,13,MORTGAGE,3000,PERSONAL,36,17.89,606,17.02,51.99,12,0,1,0
APP-15513,42,99368.67,18,RENT,13000,HOMEIMPROVEMENT,60,15.05,630,42.02,21.09,9,0,0,0
APP-15514,24,79020.67,7,MORTGAGE,22000,DEBTCONSOLIDATION,60,9.5,723,11.63,44.49,6,0,0,0
APP-15515,33,44751.1,15,RENT,13000,PERSONAL,36,10.95,719,4.72,73.41,15,0,0,0
APP-15516,65,,1,RENT,32000,HOMEIMPROVEMENT,36,11.54,701,18.74,70.3,10,1,0,1
APP-15517,62,101428.98,14,MORTGAGE,10000,DEBTCONSOLIDATION,36,11.02,732,15.01,71.21,15,2,0,0
APP-15518,69,53439.67,15,OWN,16000,MEDICAL,36,11.71,686,28.22,19.53,9,0,0,0
APP-15519,40,51266.39,8,OTHER,33000,PERSONAL,36,11.66,723,11.09,84.66,7,0,0,0
APP-15520,33,37328.83,16,OWN,10000,DEBTCONSOLIDATION,36,14.5,660,19.6,63.87,8,0,2,0
APP-15521,37,40038.11,10,MORTGAGE,25000,DEBTCONSOLIDATION,60,16.15,620,32.79,54.7,4,0,0,0
APP-15522,56,84354.81,19,RENT,9000,PERSONAL,60,13.02,694,10.61,18.55,11,1,0,0
APP-15523,53,59759.76,0,RENT,29000,DEBTCONSOLIDATION,60,10.86,748,10.77,48.87,9,0,0,0
APP-15524,21,159403.74,1,MORTGAGE,19000,EDUCATION,36,13.76,680,17.69,35.09,5,0,0,0
APP-15525,35,42686.86,17,RENT,38000,DEBTCONSOLIDATION,36,16.38,648,8.36,39.35,3,2,0,0
APP-15526,33,87613.17,17,MORTGAGE,37000,MEDICAL,60,9.24,716,7.61,70.22,11,0,0,0
APP-15527,37,72635.17,8,MORTGAGE,38000,HOMEIMPROVEMENT,36,15.29,598,22.18,41.01,9,0,0,0
APP-15528,44,57257.44,20,MORTGAGE,33000,DEBTCONSOLIDATION,36,11.93,723,12.74,30.48,11,0,0,0
APP-15529,28,48158.31,13,MORTGAGE,22000,MEDICAL,36,15.14,616,19.55,68.91,11,0,0,0
APP-15530,47,80825.75,20,RENT,40000,DEBTCONSOLIDATION,36,10.86,710,11.27,58.04,16,0,0,0
APP-15531,65,78537.92,10,MORTGAGE,30000,PERSONAL,36,7.13,760,23.66,21.52,9,0,0,0
APP-15532,43,66236.98,2,MORTGAGE,19000,MEDICAL,36,16.39,628,20.11,47.24,12,0,1,0
APP-15533,66,74073.8,8,MORTGAGE,24000,VENTURE,36,10.06,794,23.48,54.81,11,0,0,0
APP-15534,28,60976.47,20,MORTGAGE,34000,PERSONAL,36,8.96,746,28.9,71.25,8,0,2,0
APP-15535,28,26354.9,6,RENT,10000,DEBTCONSOLIDATION,36,14.17,728,13.48,16.08,9,0,0,0
APP-15536,46,62454.07,20,OWN,39000,PERSONAL,36,13.9,665,12.93,42.25,10,0,0,0
APP-15537,67,52350.92,16,RENT,5000,PERSONAL,36,9.62,751,21.26,27.33,11,0,0,0
APP-15538,33,158438.5,8,OWN,17000,EDUCATION,36,10.71,694,23.45,55.5,7,0,0,0
APP-15539,59,82182.1,10,MORTGAGE,4000,VENTURE,36,11.08,706,38.4,31.42,18,0,0,0
APP-15540,57,66221.11,12,RENT,9000,MEDICAL,60,8.79,789,25.14,59.95,14,0,1,0
APP-15541,69,75464.3,13,OWN,17000,EDUCATION,60,12.15,708,10.3,46.36,12,0,0,0
APP-15542,48,35898.15,0,OTHER,3000,PERSONAL,36,12.76,700,13.67,56.44,14,0,0,0
APP-15543,45,44139.74,19,MORTGAGE,20000,PERSONAL,36,13.19,691,21.8,63.56,10,3,0,0
APP-15544,36,50645.49,11,MORTGAGE,25000,PERSONAL,36,15.2,649,31.0,76.76,13,0,0,0
APP-15545,22,72708.33,19,OWN,17000,DEBTCONSOLIDATION,36,11.13,717,18.63,32.57,7,0,0,0
APP-15546,38,48176.37,12,RENT,3000,PERSONAL,36,13.86,678,18.98,70.29,12,0,0,0
APP-15547,37,46596.5,8,OWN,33000,PERSONAL,36,8.64,771,27.18,60.12,11,0,0,0
APP-15548,50,35103.92,11,MORTGAGE,2000,DEBTCONSOLIDATION,36,10.38,764,31.16,30.15,6,0,0,0
APP-15549,59,,17,MORTGAGE,19000,VENTURE,60,12.96,669,20.75,68.59,7,0,0,0
APP-15550,33,65041.65,5,MORTGAGE,40000,DEBTCONSOLIDATION,36,13.75,682,24.27,31.3,14,0,0,1
APP-15551,52,74180.88,20,MORTGAGE,33000,PERSONAL,36,14.24,620,12.14,18.69,12,0,0,0
APP-15552,49,42276.72,8,OWN,10000,HOMEIMPROVEMENT,36,16.03,554,11.64,60.24,11,1,0,1
APP-15553,66,72069.62,20,MORTGAGE,4000,DEBTCONSOLIDATION,36,11.52,717,15.12,55.08,14,0,0,0
APP-15554,50,35591.52,18,MORTGAGE,25000,VENTURE,36,13.32,658,19.72,25.77,16,0,1,0
APP-15555,38,53662.41,15,MORTGAGE,12000,DEBTCONSOLIDATION,60,11.44,729,16.82,16.01,6,0,0,0
APP-15556,33,69618.53,8,MORTGAGE,29000,HOMEIMPROVEMENT,36,13.49,637,7.92,65.34,9,0,0,0
APP-15557,63,52609.07,11,RENT,17000,DEBTCONSOLIDATION,36,11.85,674,9.83,64.1,9,0,0,0
APP-15558,41,27421.37,17,RENT,30000,HOMEIMPROVEMENT,36,11.48,683,8.54,28.27,13,0,0,0
APP-15559,50,29105.54,10,RENT,13000,PERSONAL,36,10.95,681,9.01,58.25,12,0,0,0
APP-15560,41,66866.1,15,RENT,5000,DEBTCONSOLIDATION,60,18.92,578,16.23,50.6,11,0,0,0
APP-15561,68,80003.5,16,RENT,27000,HOMEIMPROVEMENT,36,10.58,738,14.3,49.82,6,0,0,0
APP-15562,37,70944.87,9,MORTGAGE,5000,HOMEIMPROVEMENT,36,13.72,682,17.41,59.19,8,0,0,0
APP-15563,60,80973.0,10,MORTGAGE,12000,PERSONAL,36,18.37,615,19.42,13.09,11,0,0,0
APP-15564,39,52037.96,2,RENT,3000,PERSONAL,36,7.74,762,11.43,22.82,11,0,0,0
APP-15565,35,86614.36,3,RENT,32000,MEDICAL,36,9.57,764,16.01,48.15,7,2,0,0
APP-15566,29,70829.44,18,MORTGAGE,4000,HOMEIMPROVEMENT,60,14.65,700,25.08,23.07,7,0,0,0
APP-15567,30,43489.36,17,MORTGAGE,26000,MEDICAL,36,12.63,683,24.17,13.37,8,0,0,0
APP-15568,64,77437.53,0,RENT,35000,PERSONAL,36,15.24,672,14.05,47.79,6,0,0,0
APP-15569,51,69426.58,18,RENT,2000,DEBTCONSOLIDATION,60,10.98,628,28.2,37.49,10,0,0,0
APP-15570,43,138170.96,0,RENT,6000,DEBTCONSOLIDATION,36,12.69,684,3.92,34.27,9,0,0,0
APP-15571,50,119331.42,8,MORTGAGE,40000,DEBTCONSOLIDATION,36,13.87,571,6.53,16.1,9,0,0,0
APP-15572,53,57173.64,0,MORTGAGE,32000,DEBTCONSOLIDATION,36,10.73,753,49.11,50.75,12,3,0,0
APP-15573,29,48589.35,20,RENT,37000,PERSONAL,36,14.49,646,19.41,36.55,11,1,0,0
APP-15574,67,130555.75,20,RENT,4000,DEBTCONSOLIDATION,60,14.33,597,45.32,39.0,8,3,0,1
APP-15575,21,78886.84,12,OWN,39000,PERSONAL,36,15.37,617,27.32,30.27,7,0,0,0
APP-15576,64,54881.2,7,MORTGAGE,13000,DEBTCONSOLIDATION,60,14.03,685,28.07,30.11,7,0,0,0
APP-15577,55,22147.26,9,RENT,17000,PERSONAL,36,13.09,713,10.74,62.68,5,0,1,0
APP-15578,31,41037.86,15,OWN,9000,PERSONAL,36,14.87,666,5.39,59.99,13,0,1,0
APP-15579,54,39635.72,3,RENT,12000,PERSONAL,36,16.76,652,10.89,26.74,8,0,1,0
APP-15580,36,55648.46,8,MORTGAGE,15000,PERSONAL,36,16.55,632,41.58,50.42,11,0,0,1
APP-15581,29,81573.45,15,RENT,28000,EDUCATION,36,9.62,743,10.76,21.09,9,1,0,0
APP-15582,52,88047.05,7,RENT,19000,PERSONAL,60,11.5,724,7.44,51.51,11,0,0,0
APP-15583,35,126755.82,0,MORTGAGE,9000,HOMEIMPROVEMENT,36,12.74,705,8.63,37.09,12,0,0,0
APP-15584,32,95387.03,9,RENT,34000,PERSONAL,36,14.65,618,38.8,37.08,13,0,0,0
APP-15585,53,31249.73,15,RENT,5000,DEBTCONSOLIDATION,60,12.97,660,18.45,63.29,8,0,0,1
APP-15586,65,100208.05,20,OWN,31000,MEDICAL,36,14.96,660,19.39,60.14,15,0,0,0
APP-15587,34,142438.04,0,RENT,21000,HOMEIMPROVEMENT,36,7.09,792,9.11,25.16,12,0,0,0
APP-15588,28,138954.81,10,MORTGAGE,31000,PERSONAL,36,11.55,695,22.07,7.78,7,2,0,0
APP-15589,28,,8,RENT,28000,DEBTCONSOLIDATION,36,15.81,656,18.09,2.77,14,0,0,0
APP-15590,47,54418.08,3,OWN,26000,DEBTCONSOLIDATION,60,8.36,795,19.78,11.09,7,0,0,0
APP-15591,32,96808.19,12,OTHER,7000,DEBTCONSOLIDATION,36,11.45,736,10.32,46.7,8,0,0,0
APP-15592,21,33551.22,1,RENT,6000,PERSONAL,60,11.98,738,18.99,78.0,10,0,1,1
APP-15593,63,25274.28,4,MORTGAGE,15000,MEDICAL,36,11.31,768,56.86,22.26,10,3,1,0
APP-15594,60,70050.93,16,MORTGAGE,15000,MEDICAL,36,9.88,748,34.86,45.54,5,0,0,0
APP-15595,62,42710.68,8,RENT,35000,HOMEIMPROVEMENT,36,14.07,661,4.05,82.22,12,0,1,0
APP-15596,31,26483.43,20,MORTGAGE,26000,PERSONAL,36,11.57,679,8.94,44.73,8,0,0,0
APP-15597,59,110720.05,7,OWN,40000,DEBTCONSOLIDATION,60,12.01,713,5.76,13.6,15,0,0,0
APP-15598,63,65000.9,8,RENT,19000,PERSONAL,60,10.68,696,17.07,40.47,7,0,0,0
APP-15599,51,46150.07,5,MORTGAGE,21000,HOMEIMPROVEMENT,36,16.34,581,17.43,44.56,9,0,0,0
APP-15600,37,36980.94,3,RENT,9000,PERSONAL,36,16.18,605,37.92,60.74,14,0,0,1
APP-15601,53,65334.99,19,MORTGAGE,27000,PERSONAL,60,11.1,688,7.51,30.41,12,0,0,0
APP-15602,52,77474.85,15,RENT,22000,PERSONAL,36,18.0,584,24.34,50.93,10,1,0,0
APP-15603,49,70471.69,5,MORTGAGE,28000,VENTURE,36,14.47,611,3.86,15.57,10,2,0,0
APP-15604,41,28016.34,14,RENT,33000,VENTURE,36,12.64,660,7.61,59.19,15,1,0,0
APP-15605,41,75995.24,20,RENT,18000,HOMEIMPROVEMENT,60,10.81,694,28.39,13.69,12,0,0,0
APP-15606,60,84729.98,0,MORTGAGE,2000,MEDICAL,36,12.27,726,11.42,70.34,12,0,0,0
APP-15607,43,50427.8,4,RENT,28000,VENTURE,36,12.61,743,15.95,17.86,5,0,0,0
APP-15608,26,100690.34,2,RENT,37000,PERSONAL,36,11.73,707,18.58,57.66,7,0,0,0
APP-15609,42,39106.4,18,RENT,12000,HOMEIMPROVEMENT,36,8.39,749,33.52,2.8,7,0,0,0
APP-15610,58,114152.71,2,RENT,36000,PERSONAL,60,12.66,644,16.79,45.75,5,0,0,0
APP-15611,57,63969.25,5,MORTGAGE,39000,PERSONAL,60,14.42,630,4.26,44.15,15,0,0,0
APP-15612,65,46719.42,10,RENT,39000,MEDICAL,36,12.29,678,33.76,86.83,10,0,0,0
APP-15613,28,51060.97,12,MORTGAGE,37000,DEBTCONSOLIDATION,36,9.04,729,11.97,38.42,8,0,0,0
APP-15614,61,98680.48,16,MORTGAGE,11000,DEBTCONSOLIDATION,36,11.41,738,4.66,47.44,8,0,0,0
APP-15615,69,67414.89,7,MORTGAGE,2000,HOMEIMPROVEMENT,36,9.51,764,29.19,13.01,9,0,0,0
APP-15616,55,82663.52,10,RENT,23000,DEBTCONSOLIDATION,60,12.68,722,36.5,28.42,12,0,0,0
APP-15617,31,102470.95,20,MORTGAGE,18000,DEBTCONSOLIDATION,60,8.82,807,14.26,21.36,11,0,0,0
APP-15618,44,46028.29,5,RENT,13000,EDUCATION,36,11.22,736,15.76,37.44,13,0,0,0
APP-15619,69,63808.98,3,RENT,14000,DEBTCONSOLIDATION,60,12.55,686,12.89,41.36,5,0,0,0
APP-15620,41,,14,MORTGAGE,26000,DEBTCONSOLIDATION,36,10.72,749,2.27,60.76,11,0,0,0
APP-15621,22,99561.32,15,MORTGAGE,27000,DEBTCONSOLIDATION,60,11.66,783,17.97,20.01,6,0,0,0
APP-15622,60,49452.72,7,RENT,40000,PERSONAL,36,12.92,604,6.03,77.07,14,0,0,1
APP-15623,39,61323.35,3,OWN,34000,PERSONAL,36,14.08,664,23.06,43.45,11,0,0,0
APP-15624,59,188690.3,15,MORTGAGE,9000,HOMEIMPROVEMENT,36,14.63,629,28.23,21.44,18,0,0,0
APP-15625,48,113841.01,13,RENT,14000,DEBTCONSOLIDATION,36,11.85,681,8.99,48.04,8,0,0,0
APP-15626,37,35681.44,18,RENT,27000,HOMEIMPROVEMENT,36,14.82,657,35.75,34.92,4,0,0,1
APP-15627,26,,17,RENT,18000,PERSONAL,36,10.94,720,9.63,26.02,4,0,0,0
APP-15628,39,84489.68,2,RENT,25000,DEBTCONSOLIDATION,36,7.97,766,34.35,66.45,15,0,0,0
APP-15629,58,34533.39,17,RENT,25000,VENTURE,36,8.57,765,26.67,35.8,13,0,0,0
APP-15630,48,56668.41,2,RENT,13000,PERSONAL,36,11.63,742,5.3,18.02,7,1,0,0
APP-15631,22,37277.62,17,RENT,32000,HOMEIMPROVEMENT,36,12.38,709,6.26,45.61,9,0,0,0
APP-15632,58,18100.58,15,RENT,17000,MEDICAL,36,12.47,635,22.03,58.1,9,0,0,1
APP-15633,57,55659.84,11,RENT,17000,DEBTCONSOLIDATION,60,7.52,761,12.26,18.45,11,0,0,0
APP-15634,24,46488.25,12,RENT,31000,MEDICAL,36,9.31,769,19.51,68.42,2,0,0,0
APP-15635,42,34528.79,0,RENT,29000,DEBTCONSOLIDATION,36,13.67,494,7.46,13.02,9,2,1,0
APP-15636,46,,0,MORTGAGE,4000,DEBTCONSOLIDATION,36,10.38,818,12.71,46.27,10,0,0,0
APP-15637,69,20737.39,5,MORTGAGE,34000,HOMEIMPROVEMENT,36,15.75,599,6.4,69.96,16,2,0,1
APP-15638,63,61122.63,16,MORTGAGE,25000,DEBTCONSOLIDATION,36,15.75,639,9.63,37.55,15,0,0,0
APP-15639,56,60336.9,8,OTHER,31000,PERSONAL,60,12.65,727,17.01,49.87,14,3,0,0
APP-15640,33,,3,RENT,29000,DEBTCONSOLIDATION,36,13.64,624,10.65,73.06,7,0,0,0
APP-15641,52,26860.45,17,RENT,40000,PERSONAL,36,13.09,689,8.25,48.2,11,3,0,0
APP-15642,37,174505.6,3,MORTGAGE,3000,VENTURE,36,15.4,623,17.13,18.83,7,0,0,0
APP-15643,61,144047.89,16,RENT,14000,DEBTCONSOLIDATION,36,11.06,731,16.0,39.68,11,0,0,0
APP-15644,56,40675.96,8,RENT,38000,PERSONAL,36,11.47,676,40.48,49.46,5,0,2,1
APP-15645,66,124227.45,8,RENT,11000,HOMEIMPROVEMENT,36,14.85,664,18.48,24.24,10,0,1,0
APP-15646,39,91907.33,4,RENT,14000,DEBTCONSOLIDATION,60,10.33,733,27.05,42.61,11,1,0,0
APP-15647,55,48063.94,18,RENT,20000,DEBTCONSOLIDATION,36,12.33,665,21.01,30.12,9,0,0,0
APP-15648,66,44204.13,0,OWN,7000,PERSONAL,36,11.97,751,35.72,56.82,14,0,0,0
APP-15649,60,45907.68,1,MORTGAGE,19000,DEBTCONSOLIDATION,36,13.46,647,14.05,24.25,11,1,0,0
APP-15650,48,246024.02,12,MORTGAGE,10000,DEBTCONSOLIDATION,36,14.23,638,28.29,65.44,4,0,0,0
APP-15651,21,118191.29,17,MORTGAGE,18000,EDUCATION,36,13.09,699,25.04,61.04,10,0,0,0
APP-15652,62,54101.3,0,RENT,5000,DEBTCONSOLIDATION,36,12.28,713,23.19,34.3,11,0,0,0
APP-15653,38,56488.3,14,RENT,7000,VENTURE,36,10.91,685,5.53,57.06,8,0,0,0
APP-15654,68,91466.14,15,MORTGAGE,12000,MEDICAL,36,11.67,659,3.63,51.5,5,0,0,0
APP-15655,60,89484.63,11,RENT,27000,DEBTCONSOLIDATION,60,15.57,627,34.6,23.94,12,0,0,0
APP-15656,53,37107.04,9,RENT,12000,PERSONAL,60,12.59,700,7.71,39.26,14,0,0,0
APP-15657,32,69478.27,5,RENT,9000,MEDICAL,60,12.16,698,7.47,35.41,6,0,0,0
APP-15658,28,45420.93,6,RENT,4000,HOMEIMPROVEMENT,36,11.19,675,37.65,44.14,8,0,0,0
APP-15659,44,64608.41,13,RENT,3000,VENTURE,60,9.1,792,32.76,43.18,9,4,0,0
APP-15660,36,58453.89,0,MORTGAGE,19000,PERSONAL,60,14.64,648,15.05,19.06,11,2,0,0
APP-15661,24,99590.52,11,RENT,3000,HOMEIMPROVEMENT,60,5.0,812,9.94,44.52,6,2,0,0
APP-15662,58,52358.08,4,RENT,27000,DEBTCONSOLIDATION,36,12.73,672,29.26,15.17,10,0,0,0
APP-15663,64,63523.09,8,MORTGAGE,13000,VENTURE,36,10.51,756,10.88,44.08,7,1,1,0
APP-15664,47,23410.83,10,MORTGAGE,38000,HOMEIMPROVEMENT,60,12.17,710,10.59,24.68,9,1,0,0
APP-15665,29,70391.41,18,MORTGAGE,27000,DEBTCONSOLIDATION,60,12.99,764,29.49,11.16,5,0,0,0
APP-15666,67,40568.17,11,MORTGAGE,37000,PERSONAL,36,9.67,817,19.57,71.85,15,0,0,0
APP-15667,36,28041.27,3,RENT,17000,DEBTCONSOLIDATION,36,12.74,707,7.06,39.78,9,1,0,0
APP-15668,32,105298.78,0,MORTGAGE,15000,PERSONAL,60,15.91,641,29.1,51.66,9,0,0,0
APP-15669,51,58636.66,12,MORTGAGE,3000,DEBTCONSOLIDATION,60,16.34,597,20.72,15.41,9,0,0,0
APP-15670,44,21192.88,10,MORTGAGE,22000,VENTURE,36,14.58,662,18.15,33.92,7,1,3,0
APP-15671,34,40464.82,13,MORTGAGE,8000,PERSONAL,36,11.96,763,15.7,52.4,11,1,0,0
APP-15672,65,60024.07,8,MORTGAGE,12000,DEBTCONSOLIDATION,36,7.56,768,12.02,48.17,5,0,3,0
APP-15673,45,60923.52,17,MORTGAGE,30000,PERSONAL,36,13.0,763,16.2,40.1,14,0,1,0
APP-15674,54,46643.89,19,MORTGAGE,38000,MEDICAL,36,12.79,680,13.24,68.83,6,1,1,1
APP-15675,23,18000.0,0,MORTGAGE,40000,DEBTCONSOLIDATION,36,11.95,753,25.08,14.63,8,0,0,0
APP-15676,44,45435.27,15,MORTGAGE,29000,DEBTCONSOLIDATION,60,12.38,721,11.01,57.72,5,0,0,0
APP-15677,62,102284.83,0,RENT,5000,DEBTCONSOLIDATION,36,15.12,641,32.36,25.2,13,0,0,0
APP-15678,29,120716.15,8,RENT,5000,HOMEIMPROVEMENT,36,15.48,665,34.36,39.95,10,2,0,0
APP-15679,46,44190.03,8,MORTGAGE,28000,HOMEIMPROVEMENT,60,9.04,801,11.4,84.93,14,0,0,0
APP-15680,40,153532.42,14,OWN,7000,PERSONAL,36,17.47,604,44.38,51.3,16,2,0,1
APP-15681,60,26675.33,6,RENT,35000,EDUCATION,36,10.94,753,14.83,63.19,12,0,0,0
APP-15682,30,39934.03,16,MORTGAGE,19000,DEBTCONSOLIDATION,36,13.6,628,22.63,15.58,12,0,0,1
APP-15683,39,93502.93,6,MORTGAGE,31000,VENTURE,36,10.8,698,13.57,40.77,11,2,0,0
APP-15684,23,86424.6,6,MORTGAGE,34000,DEBTCONSOLIDATION,36,9.98,787,16.68,84.2,11,0,0,0
APP-15685,44,59586.87,3,OWN,21000,DEBTCONSOLIDATION,36,10.57,719,29.87,36.12,11,0,0,0
APP-15686,25,34215.6,13,MORTGAGE,37000,DEBTCONSOLIDATION,36,13.63,688,5.33,15.25,15,1,0,0
APP-15687,23,34169.92,0,OWN,6000,MEDICAL,36,11.83,678,19.67,24.82,6,0,0,0
APP-15688,47,41654.23,6,RENT,36000,PERSONAL,36,11.6,772,40.63,50.35,12,0,0,0
APP-15689,36,34920.5,4,RENT,20000,DEBTCONSOLIDATION,36,13.42,735,9.0,57.49,5,0,0,0
APP-15690,69,63917.7,3,RENT,13000,PERSONAL,60,11.26,760,9.14,19.77,8,0,0,0
APP-15691,35,57174.67,0,MORTGAGE,27000,HOMEIMPROVEMENT,60,10.32,752,18.82,27.0,9,0,0,0
APP-15692,55,33500.62,2,MORTGAGE,20000,PERSONAL,60,10.66,744,9.65,68.32,9,1,0,0
APP-15693,32,50139.21,8,RENT,12000,EDUCATION,36,12.68,708,17.71,20.84,7,2,0,0
APP-15694,61,18000.0,9,RENT,21000,DEBTCONSOLIDATION,36,17.11,649,29.58,39.9,10,0,0,0
APP-15695,64,70941.46,4,MORTGAGE,10000,PERSONAL,36,12.1,719,21.47,31.83,5,1,0,0
APP-15696,46,85678.98,13,MORTGAGE,21000,PERSONAL,36,14.64,675,31.25,74.65,8,0,0,0
APP-15697,67,37952.66,5,MORTGAGE,28000,HOMEIMPROVEMENT,36,15.14,591,7.58,28.02,8,0,0,1
APP-15698,54,40409.17,6,MORTGAGE,6000,EDUCATION,36,9.24,788,9.34,51.69,10,0,0,0
APP-15699,43,68114.43,16,RENT,11000,DEBTCONSOLIDATION,36,17.42,626,11.57,8.67,10,0,0,0
APP-15700,51,63141.47,10,RENT,10000,EDUCATION,36,16.3,667,8.18,26.11,12,0,1,0
APP-15701,40,88129.2,19,MORTGAGE,26000,VENTURE,60,13.15,634,2.42,74.45,11,0,2,0
APP-15702,32,40605.56,6,RENT,14000,VENTURE,60,14.55,641,21.83,79.09,6,0,0,0
APP-15703,43,43032.95,17,RENT,33000,DEBTCONSOLIDATION,36,16.64,629,18.83,48.78,4,0,0,1
APP-15704,24,53618.57,15,RENT,9000,MEDICAL,60,15.55,663,10.32,53.27,13,3,0,0
APP-15705,43,35134.5,18,RENT,28000,VENTURE,36,12.05,703,21.49,71.07,8,0,1,0
APP-15706,68,53037.82,20,RENT,23000,HOMEIMPROVEMENT,36,12.13,708,12.08,45.74,11,0,0,0
APP-15707,68,35422.89,0,MORTGAGE,29000,DEBTCONSOLIDATION,36,10.2,739,22.49,63.06,10,0,2,0
APP-15708,21,73775.73,0,OWN,19000,PERSONAL,36,11.44,664,6.5,29.84,13,0,3,0
APP-15709,45,37509.41,13,RENT,24000,VENTURE,36,18.05,534,13.85,52.53,14,0,0,1
APP-15710,22,67944.49,7,MORTGAGE,32000,PERSONAL,36,11.17,754,12.21,49.76,5,0,0,0
APP-15711,50,124033.64,16,RENT,35000,PERSONAL,36,8.53,745,10.63,12.95,7,0,1,0
APP-15712,23,74169.78,0,RENT,8000,DEBTCONSOLIDATION,36,18.27,652,27.17,93.94,8,0,0,0
APP-15713,41,65378.13,16,MORTGAGE,6000,DEBTCONSOLIDATION,60,11.04,738,12.27,49.33,9,0,0,0
APP-15714,45,30278.1,1,OTHER,22000,PERSONAL,36,14.88,703,16.35,60.94,12,0,0,0
APP-15715,40,119912.46,4,OWN,7000,VENTURE,36,13.21,704,13.11,64.94,7,0,0,0
APP-15716,69,104596.37,20,RENT,36000,DEBTCONSOLIDATION,36,13.89,711,3.03,52.9,8,0,2,0
APP-15717,42,55371.89,0,RENT,24000,MEDICAL,36,13.21,629,4.97,23.39,7,0,0,0
APP-15718,41,49411.65,6,OWN,4000,PERSONAL,36,15.29,652,25.56,30.45,6,0,0,0
APP-15719,53,39855.27,0,RENT,34000,VENTURE,36,10.95,714,6.67,45.21,12,1,0,0
APP-15720,58,146486.49,17,MORTGAGE,39000,HOMEIMPROVEMENT,60,13.05,686,17.53,38.23,7,0,0,0
APP-15721,35,88608.43,14,RENT,24000,DEBTCONSOLIDATION,60,13.85,688,40.95,78.75,15,0,0,0
APP-15722,66,40978.22,16,MORTGAGE,17000,MEDICAL,60,10.81,752,18.77,36.95,9,0,0,0
APP-15723,35,103739.15,10,MORTGAGE,26000,HOMEIMPROVEMENT,36,17.88,532,30.61,10.5,13,0,0,1
APP-15724,66,116958.49,6,MORTGAGE,17000,DEBTCONSOLIDATION,60,10.44,760,13.82,11.39,16,1,0,0
APP-15725,45,59242.44,0,MORTGAGE,26000,PERSONAL,60,13.85,695,10.85,41.53,4,0,0,0
APP-15726,41,50404.03,4,RENT,8000,PERSONAL,36,12.56,687,13.11,11.17,9,2,0,0
APP-15727,44,36441.31,9,RENT,9000,MEDICAL,36,12.59,710,44.92,29.74,14,0,0,0
APP-15728,25,85281.62,13,RENT,4000,DEBTCONSOLIDATION,36,13.51,666,10.6,72.61,9,0,0,0
APP-15729,26,48361.64,3,RENT,6000,PERSONAL,36,13.4,624,15.38,46.69,12,0,0,0
APP-15730,69,47372.07,1,RENT,20000,DEBTCONSOLIDATION,36,13.74,729,8.66,41.43,10,5,0,0
APP-15731,63,59529.99,2,RENT,8000,DEBTCONSOLIDATION,60,10.42,788,7.15,26.8,7,0,0,0
APP-15732,68,39775.1,6,RENT,23000,DEBTCONSOLIDATION,36,9.83,755,2.78,38.53,10,0,0,0
APP-15733,64,128567.8,1,OWN,27000,DEBTCONSOLIDATION,36,9.12,754,7.74,24.99,8,0,0,0
APP-15734,67,97144.6,1,MORTGAGE,26000,DEBTCONSOLIDATION,36,15.29,597,13.5,34.51,15,1,0,0
APP-15735,43,62210.47,0,MORTGAGE,7000,PERSONAL,60,11.84,739,8.48,51.04,12,0,0,0
APP-15736,24,39119.51,17,MORTGAGE,6000,HOMEIMPROVEMENT,60,14.03,661,15.23,29.76,5,0,0,0
APP-15737,47,40189.89,3,MORTGAGE,39000,PERSONAL,36,15.49,654,22.62,28.68,5,0,0,1
APP-15738,38,39313.4,16,MORTGAGE,39000,DEBTCONSOLIDATION,36,11.26,686,15.02,19.79,14,1,2,0
APP-15739,41,32359.13,8,RENT,23000,DEBTCONSOLIDATION,60,10.21,773,32.36,19.11,10,0,0,0
APP-15740,48,70357.38,12,RENT,32000,DEBTCONSOLIDATION,36,14.48,635,6.87,11.32,13,0,0,0
APP-15741,55,43424.59,0,RENT,23000,EDUCATION,36,12.75,667,22.66,31.56,12,0,0,0
APP-15742,42,42202.06,11,OWN,12000,DEBTCONSOLIDATION,36,18.12,606,6.32,11.7,12,0,0,0
APP-15743,60,39856.13,4,MORTGAGE,33000,DEBTCONSOLIDATION,36,16.13,581,15.67,59.78,9,0,0,1
APP-15744,43,98892.56,0,MORTGAGE,18000,PERSONAL,36,13.52,668,2.0,35.78,11,0,0,0
APP-15745,23,40974.81,18,RENT,23000,MEDICAL,60,7.63,756,23.09,52.0,15,0,0,0
APP-15746,60,112929.87,11,MORTGAGE,17000,DEBTCONSOLIDATION,60,12.26,761,29.6,42.62,6,0,0,0
APP-15747,30,51852.22,3,MORTGAGE,16000,DEBTCONSOLIDATION,36,10.98,702,24.09,39.82,6,0,0,0
APP-15748,45,32127.24,7,RENT,9000,EDUCATION,36,10.33,692,23.99,70.73,8,0,0,0
APP-15749,69,75707.61,6,RENT,4000,HOMEIMPROVEMENT,60,15.52,651,29.11,5.98,6,0,0,0
APP-15750,28,93305.85,14,MORTGAGE,14000,HOMEIMPROVEMENT,36,17.98,591,16.42,15.27,14,1,0,0
APP-15751,31,38986.99,12,MORTGAGE,31000,EDUCATION,36,16.79,606,32.61,39.61,9,2,0,1
APP-15752,25,61797.63,0,RENT,29000,PERSONAL,60,7.36,767,8.49,26.18,7,0,0,0
APP-15753,65,70208.97,2,RENT,10000,DEBTCONSOLIDATION,36,16.35,607,2.38,12.51,14,1,0,0
APP-15754,57,62806.69,9,RENT,13000,DEBTCONSOLIDATION,36,12.33,584,10.39,22.66,3,0,0,0
APP-15755,65,47616.18,8,MORTGAGE,26000,HOMEIMPROVEMENT,60,12.67,641,11.46,58.83,13,0,0,0
APP-15756,58,93042.36,10,MORTGAGE,38000,DEBTCONSOLIDATION,36,16.51,571,13.84,79.02,11,0,0,0
APP-15757,49,52809.25,14,MORTGAGE,22000,PERSONAL,60,12.12,752,5.6,18.86,12,0,0,0
APP-15758,25,44230.07,13,OWN,40000,PERSONAL,60,13.38,685,9.5,48.58,11,0,0,0
APP-15759,29,24771.73,6,MORTGAGE,40000,HOMEIMPROVEMENT,36,15.81,661,19.34,49.8,3,2,0,1
APP-15760,68,24887.5,18,MORTGAGE,20000,DEBTCONSOLIDATION,36,11.03,713,16.34,34.73,16,0,0,0
APP-15761,22,66699.45,0,RENT,9000,VENTURE,60,9.43,734,7.27,16.04,10,0,0,0
APP-15762,21,57611.36,11,RENT,39000,MEDICAL,60,12.61,692,10.26,28.74,15,5,0,0
APP-15763,60,93313.73,19,RENT,4000,DEBTCONSOLIDATION,36,12.21,689,19.61,22.24,8,0,0,0
APP-15764,50,105360.4,10,RENT,23000,DEBTCONSOLIDATION,36,15.9,610,17.52,80.68,17,0,0,0
APP-15765,31,52968.26,8,OWN,2000,HOMEIMPROVEMENT,36,15.14,648,17.21,22.06,12,0,0,0
APP-15766,48,96213.5,1,RENT,39000,DEBTCONSOLIDATION,36,12.87,730,19.23,68.67,14,0,0,0
APP-15767,64,45210.15,16,MORTGAGE,20000,PERSONAL,36,13.2,687,44.7,16.36,6,0,0,1
APP-15768,32,55550.9,6,MORTGAGE,22000,HOMEIMPROVEMENT,60,10.5,763,7.49,16.32,14,3,0,0
APP-15769,59,54762.31,14,RENT,14000,MEDICAL,36,10.41,742,28.96,31.77,15,0,0,0
APP-15770,46,131864.65,2,MORTGAGE,28000,DEBTCONSOLIDATION,36,17.54,569,2.65,74.07,10,0,2,0
APP-15771,33,31595.09,0,RENT,18000,PERSONAL,60,14.67,716,8.26,32.25,13,0,0,0
APP-15772,28,61670.98,5,RENT,21000,DEBTCONSOLIDATION,36,12.22,688,26.02,69.2,10,0,0,1
APP-15773,48,42276.32,4,MORTGAGE,31000,DEBTCONSOLIDATION,36,16.75,575,7.58,46.8,9,0,0,0
APP-15774,50,51559.54,18,MORTGAGE,39000,DEBTCONSOLIDATION,60,18.99,565,3.74,68.84,10,0,1,0
APP-15775,29,50468.7,17,RENT,12000,DEBTCONSOLIDATION,36,17.29,646,7.81,76.85,13,1,0,0
APP-15776,59,62070.86,10,OWN,28000,DEBTCONSOLIDATION,60,12.17,665,13.12,87.42,9,0,1,0
APP-15777,51,117413.69,0,RENT,39000,PERSONAL,36,9.75,734,30.58,13.22,11,1,0,0
APP-15778,41,154972.07,3,RENT,29000,HOMEIMPROVEMENT,60,13.8,623,6.38,48.53,12,0,0,0
APP-15779,67,83140.38,12,RENT,27000,PERSONAL,36,6.24,790,6.4,66.66,8,4,0,0
APP-15780,54,36696.38,0,RENT,40000,DEBTCONSOLIDATION,36,11.53,728,16.0,82.85,7,0,0,1
APP-15781,51,54868.06,14,RENT,34000,VENTURE,60,15.73,679,9.03,87.19,12,2,0,0
APP-15782,45,68206.9,0,MORTGAGE,33000,PERSONAL,36,13.44,711,19.27,14.67,17,0,0,0
APP-15783,32,48851.4,13,OTHER,26000,MEDICAL,36,8.65,802,5.53,6.53,7,0,0,0
APP-15784,21,52128.26,17,MORTGAGE,25000,HOMEIMPROVEMENT,36,15.1,675,18.55,13.36,11,0,0,0
APP-15785,42,57781.26,8,MORTGAGE,28000,PERSONAL,36,16.18,677,15.09,20.39,10,0,0,0
APP-15786,60,88089.28,17,MORTGAGE,23000,DEBTCONSOLIDATION,60,11.8,719,13.48,59.78,12,0,1,0
APP-15787,57,78048.9,16,MORTGAGE,21000,DEBTCONSOLIDATION,36,15.32,618,35.07,19.95,9,0,0,0
APP-15788,67,44130.97,13,RENT,34000,DEBTCONSOLIDATION,60,11.88,686,28.87,79.11,13,1,1,1
APP-15789,21,80532.58,8,MORTGAGE,6000,PERSONAL,36,15.53,649,8.15,48.37,7,0,0,0
APP-15790,21,141801.1,4,OWN,30000,DEBTCONSOLIDATION,60,13.35,739,8.47,7.67,13,0,0,0
APP-15791,62,28100.03,17,RENT,6000,VENTURE,36,14.51,685,4.4,33.32,11,0,0,0
APP-15792,62,48114.32,13,RENT,40000,VENTURE,36,9.51,738,16.02,61.28,11,0,1,0
APP-15793,41,46319.69,16,RENT,18000,HOMEIMPROVEMENT,60,14.56,674,6.13,53.33,11,0,0,0
APP-15794,35,62315.05,10,RENT,30000,DEBTCONSOLIDATION,36,14.8,601,24.22,26.34,8,0,0,0
APP-15795,37,24054.14,2,MORTGAGE,12000,DEBTCONSOLIDATION,36,6.26,782,15.47,27.32,8,0,0,0
APP-15796,42,118248.5,20,MORTGAGE,23000,HOMEIMPROVEMENT,36,14.81,635,29.83,27.35,8,0,0,1
APP-15797,58,61291.47,2,RENT,32000,HOMEIMPROVEMENT,60,14.45,693,18.93,35.29,8,0,0,0
APP-15798,55,69498.93,18,RENT,40000,DEBTCONSOLIDATION,36,11.25,706,14.3,18.86,7,0,0,0
APP-15799,65,65588.67,3,MORTGAGE,2000,DEBTCONSOLIDATION,60,10.08,740,8.26,57.88,18,0,0,0
APP-15800,36,46246.16,6,MORTGAGE,16000,DEBTCONSOLIDATION,36,10.71,778,2.29,35.07,12,0,0,0
APP-15801,28,84908.31,8,MORTGAGE,20000,DEBTCONSOLIDATION,60,13.64,669,27.76,43.89,18,0,0,0
APP-15802,67,60030.92,19,RENT,11000,PERSONAL,36,14.65,632,17.26,15.39,12,5,0,0
APP-15803,37,21113.49,18,RENT,10000,DEBTCONSOLIDATION,36,16.72,550,23.78,50.27,12,0,0,0
APP-15804,37,56722.04,16,RENT,14000,DEBTCONSOLIDATION,60,14.5,678,14.01,15.52,5,1,0,0
APP-15805,46,52115.3,6,RENT,27000,PERSONAL,36,17.52,547,23.22,19.68,7,1,0,0
APP-15806,33,84827.14,0,RENT,7000,PERSONAL,36,14.43,625,18.72,40.48,7,0,0,0
APP-15807,37,231123.28,13,RENT,3000,MEDICAL,36,13.56,682,21.52,6.87,10,0,0,0
APP-15808,58,72319.03,7,MORTGAGE,30000,DEBTCONSOLIDATION,36,7.82,775,8.06,62.13,9,1,0,0
APP-15809,37,172801.58,15,RENT,13000,DEBTCONSOLIDATION,36,12.98,676,10.17,36.62,8,1,0,0
APP-15810,68,42484.17,16,OWN,24000,MEDICAL,36,11.62,734,10.95,48.22,15,0,0,0
APP-15811,34,43867.9,8,RENT,4000,VENTURE,36,13.56,690,39.61,20.6,6,3,0,0
APP-15812,65,52933.04,15,RENT,12000,PERSONAL,60,13.44,686,17.57,17.99,11,0,0,0
APP-15813,26,74057.42,17,RENT,6000,VENTURE,36,9.05,746,20.0,48.76,10,0,0,0
APP-15814,55,43464.45,19,OWN,11000,PERSONAL,60,9.75,704,7.58,37.31,11,0,0,0
APP-15815,66,26744.3,11,MORTGAGE,7000,MEDICAL,36,13.52,660,24.56,63.39,6,0,0,0
APP-15816,34,60568.34,15,RENT,17000,PERSONAL,60,8.17,761,2.0,46.65,8,0,0,0
APP-15817,67,33809.7,9,RENT,32000,HOMEIMPROVEMENT,60,17.19,653,6.05,30.34,7,0,3,0
APP-15818,28,104601.64,0,MORTGAGE,24000,HOMEIMPROVEMENT,60,12.5,624,9.01,71.08,6,0,0,0
APP-15819,35,82614.06,1,MORTGAGE,31000,HOMEIMPROVEMENT,36,16.21,616,7.48,51.92,10,0,0,0
APP-15820,47,40955.35,1,RENT,21000,HOMEIMPROVEMENT,60,12.89,664,9.77,26.03,17,1,0,0
APP-15821,33,75199.21,2,MORTGAGE,26000,DEBTCONSOLIDATION,36,15.15,692,25.13,28.4,8,0,0,0
APP-15822,69,45520.62,0,RENT,36000,HOMEIMPROVEMENT,36,12.81,706,10.45,26.41,12,0,0,0
APP-15823,51,58331.87,17,RENT,6000,VENTURE,36,15.16,674,5.81,41.17,11,0,0,0
APP-15824,55,58639.53,11,MORTGAGE,4000,DEBTCONSOLIDATION,60,12.46,667,21.8,27.12,9,0,0,0
APP-15825,26,50624.19,6,OWN,35000,MEDICAL,36,10.41,705,18.54,43.96,8,0,0,0
APP-15826,25,90702.48,7,MORTGAGE,13000,EDUCATION,60,9.25,750,36.16,29.27,13,0,0,0
APP-15827,42,34214.96,8,RENT,28000,DEBTCONSOLIDATION,36,17.69,496,3.24,92.44,11,0,0,0
APP-15828,69,78314.5,0,RENT,6000,PERSONAL,60,16.9,571,22.67,49.77,10,0,0,0
APP-15829,43,69721.54,4,OWN,23000,DEBTCONSOLIDATION,60,8.88,744,11.75,61.77,8,0,0,0
APP-15830,45,29664.69,17,RENT,5000,DEBTCONSOLIDATION,60,13.52,663,29.15,73.25,5,0,0,0
APP-15831,54,40246.95,15,MORTGAGE,29000,HOMEIMPROVEMENT,36,10.44,737,21.72,26.62,7,0,0,0
APP-15832,46,34650.26,11,MORTGAGE,8000,DEBTCONSOLIDATION,36,18.03,606,15.66,41.66,8,0,0,0
APP-15833,67,49850.64,9,MORTGAGE,35000,DEBTCONSOLIDATION,36,12.32,685,45.75,74.2,13,3,2,0
APP-15834,25,61341.58,4,RENT,3000,HOMEIMPROVEMENT,36,16.24,609,5.33,26.2,6,0,0,0
APP-15835,46,37639.4,8,RENT,10000,PERSONAL,60,12.82,709,26.58,26.3,8,0,0,0
APP-15836,40,97203.72,11,MORTGAGE,16000,PERSONAL,36,13.95,667,9.0,35.99,8,0,0,0
APP-15837,26,101609.4,14,OTHER,32000,DEBTCONSOLIDATION,36,15.18,597,15.83,22.59,9,0,0,1
APP-15838,26,110991.6,2,RENT,37000,HOMEIMPROVEMENT,36,11.75,722,8.73,15.13,9,0,0,0
APP-15839,38,18000.0,16,MORTGAGE,16000,PERSONAL,36,13.44,720,20.35,39.24,8,0,1,0
APP-15840,24,158591.04,6,MORTGAGE,34000,MEDICAL,36,14.65,669,13.56,16.49,5,0,0,0
APP-15841,37,65057.53,9,MORTGAGE,32000,HOMEIMPROVEMENT,36,15.64,655,48.29,32.22,11,0,0,0
APP-15842,34,61307.03,12,MORTGAGE,28000,PERSONAL,36,9.73,744,30.44,90.32,16,0,0,0
APP-15843,34,56900.71,9,MORTGAGE,3000,VENTURE,60,14.04,708,12.16,57.79,6,0,0,0
APP-15844,33,30926.71,11,MORTGAGE,10000,PERSONAL,36,12.49,686,8.66,11.13,7,0,0,0
APP-15845,27,71673.69,0,RENT,2000,DEBTCONSOLIDATION,36,17.1,615,19.51,66.35,5,0,0,1
APP-15846,64,134050.54,8,OWN,20000,DEBTCONSOLIDATION,36,10.52,806,21.47,46.92,7,0,0,0
APP-15847,35,64667.36,4,MORTGAGE,10000,PERSONAL,60,10.62,684,27.64,13.47,9,0,0,0
APP-15848,39,34284.6,0,MORTGAGE,3000,PERSONAL,36,9.4,789,20.22,20.73,6,0,0,0
APP-15849,63,27926.93,2,RENT,38000,DEBTCONSOLIDATION,36,12.37,654,10.95,21.45,9,0,0,0
APP-15850,67,51688.37,11,MORTGAGE,2000,DEBTCONSOLIDATION,60,13.3,664,16.69,57.45,10,0,0,0
APP-15851,64,41273.94,2,RENT,13000,HOMEIMPROVEMENT,36,15.74,657,16.57,52.66,9,0,0,0
APP-15852,55,85074.91,2,RENT,27000,PERSONAL,60,10.55,699,7.77,65.28,13,0,1,1
APP-15853,37,118801.51,10,RENT,11000,PERSONAL,36,12.97,687,9.81,84.79,7,1,0,0
APP-15854,55,,18,OWN,2000,DEBTCONSOLIDATION,36,12.0,729,7.1,89.19,16,0,0,0
APP-15855,39,57380.16,16,MORTGAGE,2000,HOMEIMPROVEMENT,36,15.75,675,21.97,21.05,12,0,0,0
APP-15856,40,56035.14,18,MORTGAGE,32000,PERSONAL,36,9.75,711,43.19,37.53,9,1,0,0
APP-15857,56,62040.45,11,MORTGAGE,12000,VENTURE,36,12.11,720,3.37,44.55,12,1,0,0
APP-15858,55,33524.43,7,MORTGAGE,6000,PERSONAL,36,15.57,602,6.44,22.5,7,3,0,0
APP-15859,52,80913.23,14,MORTGAGE,36000,DEBTCONSOLIDATION,36,16.16,622,31.93,34.62,13,0,0,1
APP-15860,68,34877.3,4,RENT,12000,DEBTCONSOLIDATION,36,15.34,614,46.56,11.2,8,0,0,1
APP-15861,64,104619.41,0,RENT,5000,HOMEIMPROVEMENT,60,11.81,729,24.3,48.99,13,3,3,1
APP-15862,60,49929.96,6,MORTGAGE,39000,DEBTCONSOLIDATION,36,10.58,756,23.55,54.25,12,0,0,1
APP-15863,44,90708.34,5,RENT,40000,DEBTCONSOLIDATION,36,15.21,660,5.62,69.42,12,2,0,0
APP-15864,37,28663.09,13,OTHER,22000,MEDICAL,36,13.15,722,24.51,39.02,7,0,0,0
APP-15865,27,90389.18,10,RENT,37000,DEBTCONSOLIDATION,60,13.02,660,11.58,53.16,5,0,0,1
APP-15866,63,118333.68,1,MORTGAGE,29000,HOMEIMPROVEMENT,60,9.07,728,12.9,43.73,10,0,0,0
APP-15867,21,31546.29,18,MORTGAGE,9000,PERSONAL,36,7.6,850,13.11,26.03,13,0,0,0
APP-15868,55,56570.8,11,RENT,21000,MEDICAL,36,8.82,783,29.44,64.52,10,3,0,0
APP-15869,52,70787.88,8,RENT,22000,DEBTCONSOLIDATION,36,9.07,770,8.38,36.02,9,0,0,0
APP-15870,56,72542.94,19,RENT,36000,DEBTCONSOLIDATION,36,9.73,797,15.41,46.11,10,0,0,1
APP-15871,33,50525.0,0,MORTGAGE,33000,PERSONAL,36,16.21,721,13.57,39.47,15,0,0,0
APP-15872,26,46262.29,16,RENT,37000,DEBTCONSOLIDATION,60,9.26,757,5.93,48.76,7,0,0,0
APP-15873,34,67957.07,6,MORTGAGE,6000,HOMEIMPROVEMENT,36,13.14,659,8.36,27.03,9,0,0,0
APP-15874,57,71415.98,14,MORTGAGE,5000,HOMEIMPROVEMENT,36,9.72,733,23.68,9.02,11,0,0,0
APP-15875,68,43752.22,19,MORTGAGE,8000,DEBTCONSOLIDATION,36,14.16,633,13.27,47.94,8,0,0,0
APP-15876,35,39635.44,10,RENT,35000,HOMEIMPROVEMENT,36,5.21,782,8.23,70.55,9,3,0,0
APP-15877,67,109720.1,0,RENT,21000,VENTURE,36,15.13,635,7.17,51.08,11,0,0,0
APP-15878,24,63185.77,0,MORTGAGE,8000,DEBTCONSOLIDATION,36,10.49,684,8.56,61.27,8,0,0,0
APP-15879,60,19228.48,5,RENT,25000,DEBTCONSOLIDATION,60,13.09,666,18.34,37.37,9,0,0,0
APP-15880,36,110057.2,16,MORTGAGE,22000,HOMEIMPROVEMENT,60,12.88,694,18.43,13.45,12,0,0,0
APP-15881,48,44419.26,4,RENT,10000,MEDICAL,36,10.42,720,15.05,30.31,9,0,0,0
APP-15882,36,61905.86,5,MORTGAGE,20000,HOMEIMPROVEMENT,60,18.28,590,25.63,32.62,11,0,0,0
APP-15883,24,72217.1,16,MORTGAGE,21000,VENTURE,60,12.53,689,18.92,21.67,6,0,0,0
APP-15884,65,28514.22,0,MORTGAGE,29000,EDUCATION,36,8.71,769,5.93,31.06,9,0,0,0
APP-15885,46,51823.49,17,OTHER,33000,PERSONAL,60,12.81,687,17.37,60.48,11,0,0,0
APP-15886,48,115703.6,4,RENT,35000,MEDICAL,60,14.12,735,27.24,30.46,12,5,0,0
APP-15887,52,103226.38,0,OWN,17000,DEBTCONSOLIDATION,36,16.07,575,14.89,8.94,11,0,0,0
APP-15888,65,51783.17,0,RENT,39000,HOMEIMPROVEMENT,36,12.56,633,37.09,31.0,8,0,0,0
APP-15889,22,85640.78,19,RENT,18000,MEDICAL,36,9.33,789,17.89,52.2,9,0,0,0
APP-15890,51,91469.65,8,RENT,12000,PERSONAL,36,14.79,643,27.15,83.95,10,0,0,0
APP-15891,23,89165.61,4,MORTGAGE,5000,HOMEIMPROVEMENT,60,14.7,660,6.85,74.14,14,0,1,0
APP-15892,28,33758.49,10,MORTGAGE,19000,EDUCATION,60,9.96,675,17.81,61.06,6,0,0,0
APP-15893,44,136022.44,13,MORTGAGE,7000,DEBTCONSOLIDATION,36,17.11,667,20.73,40.15,22,0,0,0
APP-15894,35,47480.7,5,MORTGAGE,33000,DEBTCONSOLIDATION,36,18.23,508,11.65,70.64,6,1,0,1
APP-15895,63,63238.49,14,MORTGAGE,6000,VENTURE,60,14.58,735,12.67,41.3,9,0,0,0
APP-15896,51,50229.59,4,MORTGAGE,16000,DEBTCONSOLIDATION,36,10.5,715,29.66,49.34,9,0,0,0
APP-15897,29,67163.19,0,RENT,17000,PERSONAL,36,8.55,742,25.32,36.55,6,0,0,0
APP-15898,59,38865.72,10,RENT,18000,DEBTCONSOLIDATION,36,13.08,706,7.55,16.92,16,0,0,0
APP-15899,65,53500.09,1,RENT,38000,PERSONAL,36,13.07,652,31.01,79.93,13,2,0,1
APP-15900,22,65603.12,19,RENT,16000,HOMEIMPROVEMENT,36,12.86,713,7.86,69.38,9,0,0,0
APP-15901,28,110450.69,0,RENT,36000,DEBTCONSOLIDATION,36,15.34,652,9.73,19.42,13,0,0,0
APP-15902,27,103981.08,15,RENT,9000,DEBTCONSOLIDATION,36,9.65,715,11.54,6.07,15,0,0,0
APP-15903,64,106646.67,4,OTHER,36000,PERSONAL,60,10.03,758,13.57,46.46,10,0,0,0
APP-15904,59,92441.02,17,MORTGAGE,37000,VENTURE,36,11.51,749,12.01,50.35,12,0,0,0
APP-15905,62,150743.9,0,MORTGAGE,28000,DEBTCONSOLIDATION,36,15.27,674,26.49,76.19,11,0,0,1
APP-15906,36,51788.82,19,OWN,15000,DEBTCONSOLIDATION,36,14.34,611,35.01,65.49,9,0,0,0
APP-15907,55,55332.51,0,MORTGAGE,24000,DEBTCONSOLIDATION,36,11.24,708,33.03,45.8,10,0,0,1
APP-15908,50,54205.01,16,RENT,21000,PERSONAL,36,13.03,694,16.73,32.39,15,0,0,0
APP-15909,30,58071.75,10,MORTGAGE,7000,PERSONAL,36,12.9,650,14.49,20.88,6,0,0,0
APP-15910,58,29199.0,8,RENT,25000,VENTURE,36,9.76,755,4.43,40.55,13,0,0,0
APP-15911,38,68348.88,4,RENT,24000,DEBTCONSOLIDATION,36,10.62,702,31.44,23.48,9,1,0,0
APP-15912,25,76728.42,17,RENT,37000,VENTURE,36,10.36,733,16.7,69.83,11,0,0,0
APP-15913,49,52643.42,2,RENT,13000,MEDICAL,36,19.35,543,5.4,19.82,8,1,0,0
APP-15914,59,24867.82,14,MORTGAGE,3000,DEBTCONSOLIDATION,60,19.06,553,39.64,26.54,10,0,0,1
APP-15915,54,60519.16,8,OWN,28000,DEBTCONSOLIDATION,60,9.92,728,23.16,71.29,8,0,0,0
APP-15916,63,31339.88,20,RENT,33000,DEBTCONSOLIDATION,60,15.38,730,22.6,54.0,16,0,0,0
APP-15917,65,74135.93,12,RENT,30000,PERSONAL,36,16.09,635,3.26,23.64,7,0,0,0
APP-15918,43,63554.67,0,RENT,34000,HOMEIMPROVEMENT,36,9.72,758,38.74,7.35,9,0,0,0
APP-15919,25,66748.43,7,MORTGAGE,30000,DEBTCONSOLIDATION,36,9.18,761,5.08,39.56,4,0,0,0
APP-15920,50,35223.95,0,RENT,34000,HOMEIMPROVEMENT,60,13.43,684,30.95,49.78,8,0,3,1
APP-15921,26,112509.38,4,OWN,37000,DEBTCONSOLIDATION,60,10.73,743,5.47,48.46,12,0,0,0
APP-15922,66,65192.82,6,RENT,18000,HOMEIMPROVEMENT,36,10.22,735,3.99,22.09,7,0,0,0
APP-15923,64,37906.63,17,OTHER,11000,DEBTCONSOLIDATION,60,8.93,759,3.43,7.74,12,0,0,0
APP-15924,24,80003.11,17,RENT,2000,VENTURE,36,11.68,701,8.72,46.76,4,0,0,0
APP-15925,49,62872.72,0,MORTGAGE,18000,PERSONAL,60,13.34,718,15.06,32.69,12,0,0,0
APP-15926,43,150010.19,10,RENT,29000,PERSONAL,36,13.11,723,14.51,5.79,9,0,0,0
APP-15927,26,45413.41,3,MORTGAGE,39000,PERSONAL,60,17.09,645,13.19,42.19,6,0,0,0
APP-15928,52,32087.87,5,RENT,37000,VENTURE,36,17.01,611,10.48,72.99,13,1,0,1
APP-15929,62,69194.27,0,MORTGAGE,28000,PERSONAL,36,15.23,644,6.29,21.4,14,0,0,0
APP-15930,38,99321.06,15,RENT,38000,DEBTCONSOLIDATION,36,12.1,738,29.6,61.17,8,0,0,0
APP-15931,35,191278.26,19,MORTGAGE,26000,HOMEIMPROVEMENT,36,13.41,656,11.37,32.51,11,0,0,0
APP-15932,60,330812.19,3,RENT,35000,PERSONAL,36,16.75,592,5.29,30.13,12,0,0,0
APP-15933,52,27556.01,6,RENT,4000,DEBTCONSOLIDATION,36,18.19,541,4.46,45.04,14,0,0,0
APP-15934,29,55959.37,2,RENT,30000,PERSONAL,36,12.47,689,3.98,45.71,7,0,0,0
APP-15935,57,32141.19,19,OWN,36000,DEBTCONSOLIDATION,36,9.39,751,33.69,58.16,11,1,0,0
APP-15936,30,52907.91,0,RENT,11000,HOMEIMPROVEMENT,60,14.12,645,6.03,38.56,10,0,0,0
APP-15937,40,206616.95,11,RENT,39000,HOMEIMPROVEMENT,36,12.92,681,4.99,50.84,11,0,1,0
APP-15938,26,39741.22,18,RENT,39000,PERSONAL,60,13.74,647,21.03,21.33,11,0,0,0
APP-15939,68,59220.58,2,MORTGAGE,2000,HOMEIMPROVEMENT,36,14.98,665,2.4,46.43,13,0,0,0
APP-15940,23,44782.35,11,RENT,2000,DEBTCONSOLIDATION,36,13.32,661,6.38,16.21,15,4,1,0
APP-15941,62,36255.71,0,MORTGAGE,33000,PERSONAL,60,13.39,631,8.29,61.19,12,0,0,0
APP-15942,31,146736.69,16,MORTGAGE,23000,DEBTCONSOLIDATION,36,8.73,763,7.3,29.39,8,4,0,0
APP-15943,63,27732.81,4,MORTGAGE,20000,EDUCATION,36,11.26,719,10.32,18.06,11,0,0,0
APP-15944,37,57454.19,20,RENT,36000,DEBTCONSOLIDATION,60,13.93,618,4.63,19.42,10,0,1,0
APP-15945,52,62566.27,19,MORTGAGE,7000,DEBTCONSOLIDATION,60,14.28,651,17.76,74.44,9,0,0,0
APP-15946,24,58892.86,14,RENT,35000,PERSONAL,36,14.46,670,4.64,41.8,6,1,0,0
APP-15947,24,51130.97,9,RENT,16000,DEBTCONSOLIDATION,60,11.35,693,21.67,27.96,7,0,0,0
APP-15948,37,134211.4,15,RENT,4000,PERSONAL,36,13.8,703,24.28,34.7,12,0,0,0
APP-15949,61,20828.12,1,MORTGAGE,38000,VENTURE,60,11.55,667,16.49,32.68,10,0,0,0
APP-15950,39,74475.53,5,RENT,23000,DEBTCONSOLIDATION,36,13.41,678,2.0,47.65,7,0,0,0
APP-15951,25,76152.99,0,RENT,30000,HOMEIMPROVEMENT,60,10.02,705,20.8,44.59,14,2,0,0
APP-15952,52,69112.78,12,MORTGAGE,15000,DEBTCONSOLIDATION,36,16.11,659,18.64,32.43,10,0,2,0
APP-15953,42,39520.63,16,RENT,31000,VENTURE,36,10.43,766,29.85,17.19,8,0,0,0
APP-15954,26,109372.58,19,MORTGAGE,16000,VENTURE,36,12.2,747,33.4,31.67,7,3,0,0
APP-15955,55,106669.45,13,MORTGAGE,30000,DEBTCONSOLIDATION,36,14.34,677,4.01,55.24,8,0,0,0
APP-15956,42,38830.28,14,RENT,15000,DEBTCONSOLIDATION,36,13.13,760,7.7,54.04,8,0,1,0
APP-15957,21,32894.43,18,RENT,4000,VENTURE,60,11.56,717,4.03,12.52,11,0,1,0
APP-15958,40,29865.18,19,RENT,23000,MEDICAL,36,13.18,713,22.34,22.41,15,0,0,0
APP-15959,42,67017.07,9,MORTGAGE,34000,DEBTCONSOLIDATION,36,9.13,776,15.64,52.66,9,3,0,0
APP-15960,68,61291.17,0,OTHER,24000,PERSONAL,36,9.63,740,13.22,33.91,8,0,0,0
APP-15961,31,49983.39,8,RENT,8000,MEDICAL,36,10.86,750,24.47,22.22,13,0,0,0
APP-15962,33,169508.55,10,MORTGAGE,21000,HOMEIMPROVEMENT,36,17.32,618,10.1,21.22,10,2,0,0
APP-15963,62,47546.23,12,MORTGAGE,8000,VENTURE,36,12.42,685,12.03,44.79,17,0,0,0
APP-15964,23,65758.88,20,MORTGAGE,18000,DEBTCONSOLIDATION,36,13.33,645,13.83,50.6,17,0,0,0
APP-15965,29,54330.84,19,MORTGAGE,33000,DEBTCONSOLIDATION,36,14.97,605,22.81,13.07,6,0,0,0
APP-15966,32,159780.94,7,RENT,16000,DEBTCONSOLIDATION,36,14.67,590,3.3,26.9,9,0,1,0
APP-15967,43,22140.56,0,RENT,14000,DEBTCONSOLIDATION,36,10.6,732,22.49,41.9,18,0,0,0
APP-15968,34,51279.43,3,MORTGAGE,4000,VENTURE,36,10.78,701,37.6,10.28,10,0,0,0
APP-15969,53,81399.77,2,MORTGAGE,26000,PERSONAL,36,16.38,602,13.82,23.12,6,0,0,0
APP-15970,38,53573.29,6,RENT,33000,DEBTCONSOLIDATION,36,13.73,688,19.3,16.79,14,0,0,0
APP-15971,69,31189.4,18,RENT,17000,MEDICAL,36,16.36,657,7.62,78.53,15,2,3,1
APP-15972,61,65401.37,8,RENT,2000,VENTURE,36,15.82,627,6.91,27.04,14,4,0,1
APP-15973,29,26617.87,11,MORTGAGE,4000,HOMEIMPROVEMENT,60,10.71,732,6.56,33.02,6,0,0,0
APP-15974,43,83710.31,2,MORTGAGE,21000,DEBTCONSOLIDATION,60,11.75,674,11.03,58.5,8,0,0,0
APP-15975,30,48696.8,9,MORTGAGE,29000,DEBTCONSOLIDATION,36,11.03,745,26.75,42.79,15,0,0,0
APP-15976,39,44768.68,18,RENT,23000,PERSONAL,36,12.54,656,10.25,43.69,8,1,0,0
APP-15977,67,101020.43,15,RENT,37000,PERSONAL,60,19.51,550,8.68,55.04,15,0,0,0
APP-15978,25,36257.01,0,RENT,2000,DEBTCONSOLIDATION,36,11.87,694,20.32,57.97,12,0,0,1
APP-15979,67,27688.34,17,RENT,15000,DEBTCONSOLIDATION,60,14.22,707,11.51,8.37,7,0,0,0
APP-15980,43,,4,RENT,16000,DEBTCONSOLIDATION,60,13.46,679,65.0,6.83,10,0,0,0
APP-15981,50,166624.88,13,RENT,33000,PERSONAL,36,11.27,704,14.79,28.58,7,0,0,0
APP-15982,45,36248.61,1,RENT,19000,DEBTCONSOLIDATION,60,14.38,660,35.22,73.22,7,0,2,1
APP-15983,48,71880.6,13,MORTGAGE,39000,PERSONAL,36,12.99,677,21.41,22.89,14,0,0,0
APP-15984,54,91279.06,0,RENT,23000,DEBTCONSOLIDATION,60,11.96,693,5.09,33.09,7,0,0,0
APP-15985,65,37426.15,11,RENT,17000,DEBTCONSOLIDATION,60,12.49,741,18.22,22.11,13,0,0,0
APP-15986,68,37450.4,12,MORTGAGE,12000,DEBTCONSOLIDATION,60,13.25,678,23.28,30.5,10,0,0,0
APP-15987,67,65517.94,3,RENT,8000,HOMEIMPROVEMENT,36,13.82,642,18.93,30.66,14,1,0,0
APP-15988,45,67014.29,19,RENT,10000,PERSONAL,36,15.96,658,25.36,52.23,8,1,0,0
APP-15989,30,117454.76,0,OWN,2000,VENTURE,36,14.72,681,22.26,41.96,7,0,0,0
APP-15990,34,40757.06,18,MORTGAGE,9000,DEBTCONSOLIDATION,36,14.22,611,4.19,56.7,9,0,0,0
APP-15991,62,49581.51,6,MORTGAGE,12000,DEBTCONSOLIDATION,36,14.27,632,12.36,52.89,7,0,0,0
APP-15992,66,247508.0,14,RENT,6000,VENTURE,36,12.0,686,15.72,54.09,12,0,0,0
APP-15993,50,24432.94,13,OTHER,30000,PERSONAL,36,13.39,791,17.91,41.66,8,0,0,0
APP-15994,61,22051.94,2,RENT,7000,DEBTCONSOLIDATION,60,11.15,735,52.56,63.61,9,0,0,0
APP-15995,45,29985.81,5,OWN,13000,PERSONAL,36,13.12,682,14.29,52.76,8,0,0,0
APP-15996,34,103860.38,10,OWN,40000,PERSONAL,36,14.13,632,17.91,50.31,6,0,0,0
APP-15997,55,48091.35,17,MORTGAGE,8000,PERSONAL,36,14.27,602,4.04,5.81,5,0,1,0
APP-15998,68,48082.65,19,MORTGAGE,13000,DEBTCONSOLIDATION,60,12.32,754,20.36,43.49,15,0,0,0
APP-15999,54,36952.5,0,MORTGAGE,34000,DEBTCONSOLIDATION,36,11.24,737,7.94,22.69,12,0,0,0
APP-16000,30,94770.09,6,RENT,20000,PERSONAL,36,13.7,723,23.69,32.88,10,0,0,0
APP-16001,55,30218.91,13,MORTGAGE,37000,PERSONAL,36,13.13,676,26.62,86.77,9,0,0,0
APP-16002,31,44768.01,10,OWN,20000,DEBTCONSOLIDATION,36,13.94,642,30.19,66.29,13,0,0,0
APP-16003,31,37691.08,19,RENT,22000,DEBTCONSOLIDATION,36,13.9,614,16.15,38.8,13,0,0,0
APP-16004,41,18000.0,0,OWN,20000,HOMEIMPROVEMENT,36,11.75,700,4.99,13.9,9,0,0,0
APP-16005,41,47140.16,8,MORTGAGE,10000,VENTURE,36,15.81,606,10.29,49.38,12,0,0,0
APP-16006,42,58128.45,13,MORTGAGE,23000,DEBTCONSOLIDATION,36,12.98,711,35.54,37.39,9,0,0,0
APP-16007,65,40629.07,3,RENT,20000,EDUCATION,36,13.6,688,13.45,86.24,8,0,0,0
APP-16008,27,52358.13,14,RENT,38000,PERSONAL,36,13.25,687,21.6,15.17,9,1,0,0
APP-16009,37,53033.92,0,OWN,12000,PERSONAL,36,12.79,685,11.96,51.82,6,0,0,0
APP-16010,22,56021.29,8,RENT,26000,PERSONAL,36,13.73,695,11.35,41.12,9,1,0,0
APP-16011,32,35347.25,13,MORTGAGE,36000,DEBTCONSOLIDATION,60,10.9,764,21.32,23.04,10,0,0,0
APP-16012,62,34346.49,4,MORTGAGE,6000,PERSONAL,36,14.38,689,10.27,74.82,9,0,0,1
APP-16013,38,61296.21,0,RENT,32000,PERSONAL,60,13.85,681,17.34,56.52,9,0,2,0
APP-16014,31,28622.72,20,MORTGAGE,15000,VENTURE,36,15.99,693,15.04,42.23,12,0,0,0
APP-16015,36,53795.09,19,RENT,14000,HOMEIMPROVEMENT,36,12.91,668,21.88,77.21,13,0,0,0
APP-16016,69,135638.06,19,MORTGAGE,35000,PERSONAL,36,15.78,618,4.01,22.04,10,2,0,0
APP-16017,38,58723.09,20,RENT,35000,DEBTCONSOLIDATION,36,15.68,721,15.08,33.95,7,0,0,0
APP-16018,55,24021.79,2,MORTGAGE,19000,DEBTCONSOLIDATION,36,16.39,575,10.34,1.11,11,1,0,0
APP-16019,46,65506.79,1,OWN,7000,HOMEIMPROVEMENT,60,15.8,668,8.91,55.65,9,0,0,0
APP-16020,36,90151.35,0,RENT,22000,PERSONAL,36,13.94,650,25.23,52.85,9,1,0,0
APP-16021,26,40228.92,18,MORTGAGE,6000,EDUCATION,60,15.86,601,9.53,6.23,14,0,1,0
APP-16022,64,51561.13,15,RENT,3000,DEBTCONSOLIDATION,36,10.22,757,14.09,53.64,10,0,0,0
APP-16023,63,38605.72,12,RENT,7000,DEBTCONSOLIDATION,36,13.08,676,8.13,39.87,8,0,0,0
APP-16024,67,47520.15,19,MORTGAGE,9000,DEBTCONSOLIDATION,36,13.46,714,20.89,34.63,7,0,0,0
APP-16025,67,42925.74,11,OWN,3000,DEBTCONSOLIDATION,36,12.82,721,20.01,52.48,7,0,0,0
APP-16026,68,74446.37,1,OWN,24000,DEBTCONSOLIDATION,36,11.52,688,23.22,22.41,11,0,2,0
APP-16027,62,137191.25,2,RENT,21000,PERSONAL,60,9.63,785,11.59,28.5,7,0,1,0
APP-16028,32,61611.74,1,MORTGAGE,5000,DEBTCONSOLIDATION,36,13.5,716,10.4,30.67,11,0,0,0
APP-16029,33,27698.37,5,MORTGAGE,16000,EDUCATION,60,9.26,711,11.65,12.68,9,4,0,0
APP-16030,24,212079.54,6,OTHER,31000,EDUCATION,60,10.9,746,12.03,69.04,6,0,0,0
APP-16031,59,80133.5,16,RENT,21000,DEBTCONSOLIDATION,36,13.17,689,14.93,42.22,9,0,0,0
APP-16032,22,88719.52,2,MORTGAGE,25000,VENTURE,36,14.29,685,8.01,28.5,9,0,0,0
APP-16033,46,57996.44,14,OWN,10000,DEBTCONSOLIDATION,36,11.54,740,16.32,63.47,8,0,0,0
APP-16034,47,67262.93,9,OWN,22000,DEBTCONSOLIDATION,36,14.09,664,21.48,19.55,8,0,0,0
APP-16035,47,50467.61,20,MORTGAGE,39000,DEBTCONSOLIDATION,36,13.44,658,44.52,30.8,4,1,0,0
APP-16036,35,94075.03,15,RENT,14000,DEBTCONSOLIDATION,60,15.42,626,17.79,34.26,13,0,0,0
APP-16037,28,47159.86,20,MORTGAGE,6000,HOMEIMPROVEMENT,60,15.01,640,13.95,33.17,6,0,0,0
APP-16038,27,76472.56,6,RENT,15000,DEBTCONSOLIDATION,36,15.03,697,6.9,41.0,8,5,0,0
APP-16039,67,97217.1,1,RENT,8000,VENTURE,36,7.29,809,16.69,36.8,9,0,0,0
APP-16040,66,111632.49,9,RENT,7000,MEDICAL,36,12.74,645,45.69,52.74,11,0,0,0
APP-16041,60,100305.05,1,RENT,13000,DEBTCONSOLIDATION,36,11.5,699,17.51,75.49,9,0,0,0
APP-16042,32,35889.52,9,RENT,17000,DEBTCONSOLIDATION,36,11.32,715,18.45,70.94,13,0,0,0
APP-16043,33,131448.85,4,RENT,33000,DEBTCONSOLIDATION,60,14.55,650,20.81,25.72,7,0,0,0
APP-16044,63,83460.56,9,RENT,12000,PERSONAL,60,13.19,724,13.68,53.4,10,0,0,0
APP-16045,37,69758.65,19,MORTGAGE,5000,DEBTCONSOLIDATION,36,15.57,620,3.04,51.72,5,0,1,0
APP-16046,37,73897.8,4,RENT,30000,DEBTCONSOLIDATION,60,14.08,631,27.13,6.05,11,0,0,0
APP-16047,56,55315.31,20,MORTGAGE,35000,HOMEIMPROVEMENT,60,11.16,679,11.08,16.73,7,1,0,0
APP-16048,41,47414.77,3,MORTGAGE,10000,VENTURE,36,15.33,619,15.74,17.53,11,2,1,0
APP-16049,28,49798.86,3,MORTGAGE,11000,DEBTCONSOLIDATION,36,17.87,603,6.05,29.89,9,0,0,0
APP-16050,25,114012.53,10,RENT,9000,PERSONAL,36,16.11,581,5.75,76.45,12,0,0,0
APP-16051,46,62350.43,17,MORTGAGE,37000,DEBTCONSOLIDATION,36,13.73,665,8.58,21.53,11,4,0,0
APP-16052,36,68930.84,15,OWN,33000,HOMEIMPROVEMENT,36,9.82,818,21.33,22.79,6,1,0,0
APP-16053,56,61701.96,14,RENT,7000,PERSONAL,60,8.11,753,14.04,20.13,9,2,2,0
APP-16054,48,42874.71,4,RENT,7000,VENTURE,36,16.49,582,6.63,59.27,14,2,0,0
APP-16055,49,20467.42,0,MORTGAGE,28000,MEDICAL,60,16.21,616,2.48,26.26,11,1,0,0
APP-16056,67,87935.6,1,MORTGAGE,3000,PERSONAL,36,13.28,662,5.08,53.81,13,0,0,0
APP-16057,32,83398.77,6,RENT,10000,MEDICAL,36,12.61,699,18.9,29.44,14,0,2,0
APP-16058,57,59532.17,20,OWN,39000,DEBTCONSOLIDATION,36,13.06,696,12.38,52.82,7,0,0,0
APP-16059,50,34713.4,19,MORTGAGE,6000,PERSONAL,36,13.9,675,9.46,57.98,13,0,0,0
APP-16060,43,148807.59,2,MORTGAGE,35000,PERSONAL,60,16.04,663,4.56,25.04,9,0,0,0
APP-16061,36,50484.62,14,RENT,15000,PERSONAL,60,15.86,595,26.37,7.87,14,0,0,0
APP-16062,34,67787.0,11,RENT,11000,DEBTCONSOLIDATION,36,15.19,637,19.6,20.6,17,0,0,0
APP-16063,30,42126.23,0,RENT,8000,HOMEIMPROVEMENT,60,14.27,648,15.41,57.74,13,0,0,0
APP-16064,27,30489.59,6,RENT,21000,PERSONAL,36,19.95,567,11.99,55.67,10,1,0,0
APP-16065,65,80403.78,9,OTHER,12000,DEBTCONSOLIDATION,36,15.16,633,18.91,23.93,18,1,0,0
APP-16066,57,28271.11,13,MORTGAGE,14000,EDUCATION,60,10.84,768,9.25,58.95,13,0,0,0
APP-16067,49,67138.92,4,MORTGAGE,18000,MEDICAL,36,14.36,671,21.98,11.21,12,0,0,0
APP-16068,23,67236.51,19,OWN,38000,DEBTCONSOLIDATION,36,11.13,709,12.4,36.6,11,0,0,0
APP-16069,35,34204.7,8,RENT,37000,DEBTCONSOLIDATION,60,9.85,788,13.01,47.2,8,0,1,0
APP-16070,56,31313.09,3,RENT,34000,HOMEIMPROVEMENT,60,11.18,778,6.39,26.2,10,0,0,0
APP-16071,67,40732.52,5,OWN,11000,DEBTCONSOLIDATION,60,11.86,619,14.15,85.78,12,1,0,1
APP-16072,66,43748.81,15,MORTGAGE,35000,PERSONAL,36,10.94,708,22.54,32.6,13,1,0,0
APP-16073,39,,12,MORTGAGE,14000,HOMEIMPROVEMENT,36,13.27,741,15.41,34.13,8,0,1,0
APP-16074,33,34112.85,15,RENT,26000,PERSONAL,60,11.4,642,7.52,46.56,11,0,0,0
APP-16075,62,62190.19,4,MORTGAGE,34000,EDUCATION,36,14.11,717,4.61,28.08,8,2,0,0
APP-16076,41,161912.55,5,MORTGAGE,11000,HOMEIMPROVEMENT,36,12.33,684,10.92,51.58,16,0,0,0
APP-16077,57,99093.98,7,MORTGAGE,25000,MEDICAL,60,12.01,720,24.37,11.02,9,0,0,0
APP-16078,47,64877.74,2,OTHER,6000,MEDICAL,36,13.48,703,29.57,41.68,3,1,0,0
APP-16079,49,105258.12,13,MORTGAGE,11000,DEBTCONSOLIDATION,36,11.46,747,5.82,43.38,11,2,0,0
APP-16080,40,106695.23,5,MORTGAGE,40000,HOMEIMPROVEMENT,36,14.66,638,25.62,58.54,7,0,0,0
APP-16081,45,51405.99,5,RENT,28000,PERSONAL,36,11.8,704,22.5,21.28,11,0,0,0
APP-16082,26,68114.67,4,RENT,37000,DEBTCONSOLIDATION,36,8.56,789,15.29,61.5,11,0,0,0
APP-16083,56,97630.86,8,MORTGAGE,34000,DEBTCONSOLIDATION,60,9.26,722,13.68,8.78,13,0,0,0
APP-16084,22,104530.72,15,RENT,29000,PERSONAL,36,12.37,735,12.06,68.68,13,0,0,0
APP-16085,42,105033.68,17,OWN,4000,PERSONAL,36,16.24,624,14.09,18.11,10,0,0,0
APP-16086,52,35828.35,16,MORTGAGE,32000,VENTURE,36,15.86,570,6.69,54.98,10,0,0,0
APP-16087,36,107745.34,12,OWN,30000,PERSONAL,36,12.68,684,18.78,18.78,16,0,0,0
APP-16088,38,151605.72,4,RENT,22000,PERSONAL,36,8.12,756,16.2,13.56,9,0,0,0
APP-16089,25,126337.71,14,OWN,33000,VENTURE,36,14.71,667,15.14,37.52,14,0,0,0
APP-16090,56,34795.35,0,MORTGAGE,29000,PERSONAL,36,12.99,669,34.94,57.53,13,0,1,1
APP-16091,50,30684.47,16,MORTGAGE,22000,MEDICAL,36,13.52,639,13.33,61.46,7,0,0,0
APP-16092,65,75554.75,16,RENT,36000,MEDICAL,36,15.28,655,10.4,21.71,15,0,0,0
APP-16093,39,125168.61,13,MORTGAGE,31000,HOMEIMPROVEMENT,36,13.62,673,5.96,73.92,18,0,0,0
APP-16094,43,67042.63,0,MORTGAGE,18000,PERSONAL,36,11.56,752,16.71,36.06,11,0,0,0
APP-16095,54,53237.12,20,RENT,30000,HOMEIMPROVEMENT,36,8.7,772,19.18,44.2,8,0,2,0
APP-16096,33,57234.12,15,RENT,3000,HOMEIMPROVEMENT,60,11.86,647,11.43,12.33,8,0,0,0
APP-16097,63,99732.42,14,OWN,34000,HOMEIMPROVEMENT,36,14.5,611,12.05,21.4,11,1,0,0
APP-16098,49,50980.38,0,RENT,5000,HOMEIMPROVEMENT,60,13.85,653,25.49,81.38,5,0,0,0
APP-16099,56,76151.29,7,RENT,40000,VENTURE,60,12.87,689,7.76,44.96,11,0,0,0
APP-16100,42,,0,RENT,26000,DEBTCONSOLIDATION,60,10.78,715,3.62,70.59,12,0,0,0
APP-16101,67,38400.7,6,OWN,6000,VENTURE,36,14.01,630,31.7,85.93,5,3,0,1
APP-16102,56,36925.38,11,MORTGAGE,5000,DEBTCONSOLIDATION,36,8.84,840,13.83,74.19,11,0,0,0
APP-16103,29,77858.99,18,RENT,30000,MEDICAL,60,13.18,668,14.55,37.22,8,1,0,0
APP-16104,59,18000.0,4,RENT,38000,DEBTCONSOLIDATION,36,15.73,694,11.7,54.1,12,0,0,0
APP-16105,39,76086.9,12,MORTGAGE,9000,DEBTCONSOLIDATION,36,11.35,715,50.1,55.12,5,0,0,0
APP-16106,58,54978.09,2,RENT,21000,DEBTCONSOLIDATION,60,15.28,625,22.29,32.66,8,0,0,0
APP-16107,26,96090.1,6,RENT,7000,DEBTCONSOLIDATION,36,11.39,755,25.15,53.69,8,0,0,0
APP-16108,67,80880.83,19,RENT,37000,DEBTCONSOLIDATION,60,8.4,794,31.91,42.29,11,0,0,0
APP-16109,35,61224.97,15,MORTGAGE,33000,PERSONAL,36,11.36,638,13.88,20.25,7,0,0,0
APP-16110,40,35112.68,10,MORTGAGE,6000,PERSONAL,36,13.12,739,11.61,60.33,8,0,0,0
APP-16111,29,36075.97,3,MORTGAGE,21000,HOMEIMPROVEMENT,36,13.33,668,40.44,51.32,13,0,0,1
APP-16112,52,43369.75,6,MORTGAGE,5000,DEBTCONSOLIDATION,36,13.36,660,45.56,19.28,9,0,0,0
APP-16113,24,92438.34,1,RENT,40000,VENTURE,60,12.87,682,23.42,29.87,7,0,0,0
APP-16114,38,144980.21,6,RENT,23000,HOMEIMPROVEMENT,60,14.1,689,21.87,21.43,7,0,0,0
APP-16115,25,70611.31,1,RENT,34000,DEBTCONSOLIDATION,60,12.64,711,9.59,59.14,13,0,0,0
APP-16116,40,44595.6,16,RENT,32000,DEBTCONSOLIDATION,60,9.46,734,18.63,42.45,10,1,0,0
APP-16117,43,46980.5,0,RENT,30000,HOMEIMPROVEMENT,36,13.38,673,42.95,19.41,6,0,0,0
APP-16118,31,48073.95,2,MORTGAGE,6000,HOMEIMPROVEMENT,36,12.88,687,11.7,29.11,7,0,0,0
APP-16119,57,100715.73,13,RENT,11000,PERSONAL,60,8.58,773,13.35,30.37,4,0,0,0
APP-16120,42,47605.66,18,MORTGAGE,12000,EDUCATION,36,12.85,637,17.22,48.01,4,0,0,0
APP-16121,24,58580.47,20,MORTGAGE,38000,DEBTCONSOLIDATION,36,10.49,715,9.78,62.16,18,0,0,0
APP-16122,49,117289.35,17,RENT,23000,PERSONAL,60,14.44,621,12.69,31.18,12,0,0,0
APP-16123,64,45083.03,3,MORTGAGE,25000,HOMEIMPROVEMENT,60,9.93,732,41.08,38.6,3,0,0,0
APP-16124,54,79104.91,4,MORTGAGE,22000,EDUCATION,60,14.19,680,33.54,74.76,7,0,0,1
APP-16125,33,93922.71,18,MORTGAGE,37000,PERSONAL,36,16.02,665,6.69,54.63,9,0,1,0
APP-16126,62,61803.85,18,MORTGAGE,17000,PERSONAL,36,16.17,602,17.83,61.29,12,0,0,0
APP-16127,29,159063.52,12,RENT,3000,MEDICAL,36,12.12,697,20.32,32.64,11,1,0,0
APP-16128,62,137685.39,5,MORTGAGE,16000,PERSONAL,36,11.07,687,11.49,56.15,5,2,0,0
APP-16129,51,68292.04,3,RENT,27000,MEDICAL,36,10.65,723,14.47,48.05,10,0,0,0
APP-16130,27,40058.32,17,MORTGAGE,31000,VENTURE,36,15.67,629,6.55,57.5,10,0,0,0
APP-16131,24,41016.13,2,OWN,3000,DEBTCONSOLIDATION,60,11.45,773,18.22,42.41,9,3,0,0
APP-16132,39,66590.73,13,MORTGAGE,30000,DEBTCONSOLIDATION,36,12.66,653,7.16,10.08,8,0,0,0
APP-16133,62,34717.0,20,RENT,7000,DEBTCONSOLIDATION,60,16.49,632,31.56,15.84,17,2,0,0
APP-16134,50,68491.91,14,MORTGAGE,2000,DEBTCONSOLIDATION,36,9.91,734,44.27,14.31,14,0,0,0
APP-16135,51,139253.01,4,OWN,12000,PERSONAL,36,15.21,661,16.54,57.09,10,0,0,0
APP-16136,55,61774.34,4,RENT,24000,MEDICAL,60,7.77,784,17.18,16.12,7,1,0,0
APP-16137,41,59309.58,0,MORTGAGE,27000,PERSONAL,60,16.92,603,15.82,28.07,7,3,1,0
APP-16138,51,91729.25,13,RENT,32000,HOMEIMPROVEMENT,60,12.11,679,22.5,26.62,7,0,0,0
APP-16139,39,77840.55,10,RENT,16000,EDUCATION,36,13.02,772,18.27,34.27,10,0,0,0
APP-16140,51,33719.94,2,RENT,10000,DEBTCONSOLIDATION,60,13.04,695,20.39,66.47,9,0,0,0
APP-16141,52,47685.51,3,RENT,35000,DEBTCONSOLIDATION,60,13.02,636,14.76,48.15,7,5,0,0
APP-16142,22,154349.87,0,RENT,40000,DEBTCONSOLIDATION,36,12.54,694,19.72,25.26,9,0,0,0
APP-16143,30,70454.51,20,RENT,18000,DEBTCONSOLIDATION,36,13.55,685,3.66,22.1,12,0,0,0
APP-16144,22,36198.88,17,MORTGAGE,36000,VENTURE,36,10.06,755,17.09,58.53,9,0,0,0
APP-16145,22,54397.7,7,RENT,37000,HOMEIMPROVEMENT,36,9.35,794,10.93,53.92,9,1,0,0
APP-16146,44,24555.87,19,OTHER,4000,VENTURE,36,11.4,677,36.26,54.25,8,1,0,1
APP-16147,37,23652.85,13,RENT,12000,PERSONAL,36,12.99,675,13.05,64.06,12,0,0,0
APP-16148,52,97844.58,15,MORTGAGE,29000,HOMEIMPROVEMENT,36,11.33,665,21.56,91.13,10,0,0,0
APP-16149,36,59740.42,13,RENT,29000,PERSONAL,36,11.85,704,22.45,30.38,10,0,0,0
APP-16150,36,77608.98,15,RENT,20000,DEBTCONSOLIDATION,36,14.66,722,7.38,40.74,9,0,0,0
APP-16151,66,106824.49,2,MORTGAGE,3000,PERSONAL,36,12.43,709,25.89,25.03,7,0,0,0
APP-16152,59,70950.44,11,MORTGAGE,33000,PERSONAL,36,13.96,609,9.63,33.18,10,0,0,0
APP-16153,51,86383.42,17,MORTGAGE,12000,EDUCATION,36,14.58,625,10.68,28.2,9,3,0,0
APP-16154,63,68094.69,0,MORTGAGE,17000,MEDICAL,36,9.3,767,7.89,66.04,8,3,0,0
APP-16155,44,113914.0,1,MORTGAGE,12000,EDUCATION,36,18.19,612,7.77,24.11,6,0,1,0
APP-16156,21,145324.39,3,RENT,4000,DEBTCONSOLIDATION,60,12.17,661,10.94,57.69,7,0,0,0
APP-16157,31,66156.96,4,MORTGAGE,30000,HOMEIMPROVEMENT,36,8.13,803,22.38,13.86,11,0,0,0
APP-16158,41,64784.26,2,MORTGAGE,6000,MEDICAL,60,10.95,696,23.71,64.63,5,0,0,0
APP-16159,24,70268.58,12,RENT,29000,HOMEIMPROVEMENT,36,14.44,696,20.35,11.33,14,1,1,0
APP-16160,27,56796.92,4,RENT,32000,PERSONAL,36,10.99,664,33.67,49.08,18,3,0,0
APP-16161,46,49013.93,1,RENT,14000,HOMEIMPROVEMENT,60,10.39,714,10.04,1.34,6,1,0,0
APP-16162,67,101130.6,18,RENT,26000,PERSONAL,36,11.04,747,25.43,27.65,10,0,0,0
APP-16163,32,49047.04,14,MORTGAGE,7000,HOMEIMPROVEMENT,36,13.68,714,12.75,37.01,10,0,0,0
APP-16164,51,47652.84,3,MORTGAGE,4000,VENTURE,60,14.79,676,27.18,45.44,3,0,0,0
APP-16165,37,93824.86,6,RENT,23000,VENTURE,36,14.83,669,35.0,57.2,11,0,1,0
APP-16166,53,97494.85,15,OWN,40000,HOMEIMPROVEMENT,36,13.21,688,16.07,16.3,9,0,0,0
APP-16167,31,192285.35,16,RENT,33000,DEBTCONSOLIDATION,36,12.07,714,18.13,17.67,10,0,0,0
APP-16168,48,110175.73,2,RENT,31000,MEDICAL,36,19.34,561,8.44,9.3,11,0,0,0
APP-16169,52,90536.99,19,MORTGAGE,8000,DEBTCONSOLIDATION,36,13.84,715,12.72,52.86,9,0,0,0
APP-16170,21,97311.47,16,OWN,26000,DEBTCONSOLIDATION,36,10.38,741,41.73,53.82,7,3,0,1
APP-16171,67,55606.66,17,MORTGAGE,3000,PERSONAL,36,12.8,675,20.11,8.05,12,0,0,0
APP-16172,48,79309.05,1,MORTGAGE,9000,HOMEIMPROVEMENT,36,12.18,649,31.58,14.62,11,0,0,0
APP-16173,62,81212.22,1,MORTGAGE,34000,HOMEIMPROVEMENT,36,15.06,636,9.64,21.75,8,0,0,0
APP-16174,27,45659.36,5,MORTGAGE,29000,EDUCATION,60,17.44,571,5.94,66.13,11,0,0,1
APP-16175,22,58426.67,0,MORTGAGE,11000,DEBTCONSOLIDATION,36,10.95,690,10.88,41.07,9,0,0,0
APP-16176,62,96393.71,0,MORTGAGE,39000,PERSONAL,60,12.98,706,22.46,83.61,10,0,0,0
APP-16177,44,59322.58,1,RENT,19000,DEBTCONSOLIDATION,36,9.46,739,42.63,47.16,7,3,0,0
APP-16178,24,81290.61,14,OWN,14000,HOMEIMPROVEMENT,36,7.06,840,35.93,56.01,10,0,1,0
APP-16179,64,93751.11,0,RENT,22000,DEBTCONSOLIDATION,36,14.24,695,29.6,15.31,15,0,0,0
APP-16180,39,91589.48,0,OWN,34000,MEDICAL,60,12.5,753,25.93,36.65,10,0,0,0
APP-16181,46,142247.7,19,RENT,24000,EDUCATION,36,14.66,593,24.61,54.18,14,0,1,0
APP-16182,31,44772.94,0,MORTGAGE,2000,DEBTCONSOLIDATION,60,12.89,661,5.9,56.89,7,2,0,0
APP-16183,60,136115.53,10,OWN,22000,HOMEIMPROVEMENT,60,12.02,750,25.48,18.64,9,0,0,0
APP-16184,63,75897.43,12,RENT,6000,PERSONAL,36,13.34,698,14.85,44.91,14,0,0,0
APP-16185,31,90855.36,20,MORTGAGE,36000,DEBTCONSOLIDATION,60,11.36,757,3.58,8.29,6,0,0,0
APP-16186,65,84836.05,18,RENT,19000,DEBTCONSOLIDATION,36,6.12,755,26.17,34.03,14,0,0,0
APP-16187,23,82716.7,8,RENT,39000,HOMEIMPROVEMENT,36,7.33,792,24.51,27.64,11,0,2,0
APP-16188,32,43534.74,19,OWN,37000,DEBTCONSOLIDATION,36,11.96,734,3.35,56.52,12,1,0,0
APP-16189,23,89200.58,8,RENT,30000,DEBTCONSOLIDATION,60,15.36,681,26.98,30.64,7,0,0,0
APP-16190,62,29160.91,13,MORTGAGE,27000,MEDICAL,36,9.92,743,5.12,15.24,8,1,0,0
APP-16191,47,170694.9,4,RENT,37000,PERSONAL,60,14.9,630,10.54,29.9,9,0,0,0
APP-16192,69,72468.68,12,MORTGAGE,39000,MEDICAL,60,6.51,817,10.98,21.51,7,0,0,0
APP-16193,22,106935.95,10,MORTGAGE,19000,VENTURE,36,16.2,660,11.08,39.5,11,0,0,0
APP-16194,69,84196.5,12,MORTGAGE,30000,DEBTCONSOLIDATION,36,11.25,688,18.87,57.47,8,2,0,0
APP-16195,36,60979.47,13,OWN,32000,DEBTCONSOLIDATION,36,13.42,708,13.16,20.08,4,0,0,0
APP-16196,22,45689.57,2,RENT,14000,DEBTCONSOLIDATION,36,9.84,730,41.21,26.84,4,0,0,0
APP-16197,50,41557.42,5,MORTGAGE,31000,EDUCATION,60,6.57,764,29.14,37.45,5,0,0,0
APP-16198,40,88404.95,15,MORTGAGE,8000,DEBTCONSOLIDATION,36,15.05,642,4.88,16.73,6,0,0,0
APP-16199,58,86119.92,1,RENT,7000,HOMEIMPROVEMENT,60,15.17,619,7.99,58.89,14,2,0,0
APP-16200,48,79159.83,6,MORTGAGE,3000,HOMEIMPROVEMENT,36,15.48,639,19.46,9.02,10,0,0,0
APP-16201,45,56450.36,13,MORTGAGE,9000,DEBTCONSOLIDATION,60,12.67,701,3.51,14.91,11,0,0,0
APP-16202,52,73616.02,19,MORTGAGE,11000,HOMEIMPROVEMENT,36,9.76,730,19.26,52.15,7,0,0,0
APP-16203,30,48463.84,0,RENT,23000,DEBTCONSOLIDATION,36,11.07,726,15.8,54.67,7,0,0,0
APP-16204,62,42599.11,10,RENT,11000,PERSONAL,36,13.76,710,16.71,14.69,10,0,0,0
APP-16205,60,52121.75,0,RENT,36000,DEBTCONSOLIDATION,36,13.23,708,24.19,26.84,16,0,0,0
APP-16206,53,53280.99,6,RENT,20000,MEDICAL,36,11.26,755,32.66,60.62,12,1,0,0
APP-16207,33,,2,RENT,5000,EDUCATION,36,14.06,741,18.24,62.49,9,0,2,0
APP-16208,61,30257.06,13,MORTGAGE,20000,DEBTCONSOLIDATION,36,16.67,605,30.78,44.91,10,0,0,1
APP-16209,62,58893.41,15,RENT,21000,HOMEIMPROVEMENT,36,13.23,717,40.66,22.9,5,0,0,0
APP-16210,67,82139.41,3,OWN,5000,HOMEIMPROVEMENT,60,9.17,726,50.31,39.51,12,0,0,0
APP-16211,57,161581.87,14,MORTGAGE,27000,DEBTCONSOLIDATION,36,15.83,646,12.43,23.97,11,0,0,0
APP-16212,36,44191.29,8,RENT,4000,HOMEIMPROVEMENT,36,11.59,738,10.4,18.54,11,0,0,0
APP-16213,65,34270.53,4,RENT,31000,DEBTCONSOLIDATION,36,13.99,686,6.39,28.53,13,0,1,0
APP-16214,42,85948.14,10,MORTGAGE,37000,DEBTCONSOLIDATION,60,11.51,734,27.23,31.34,19,1,0,0
APP-16215,40,65018.62,6,MORTGAGE,7000,MEDICAL,36,16.83,612,28.89,12.44,7,1,0,0
APP-16216,63,53615.9,3,MORTGAGE,40000,PERSONAL,36,15.48,625,5.47,65.89,12,1,0,0
APP-16217,47,74519.34,15,MORTGAGE,28000,DEBTCONSOLIDATION,60,10.89,750,24.89,29.05,8,0,0,0
APP-16218,61,92126.89,16,RENT,17000,PERSONAL,60,13.71,738,24.17,30.93,6,0,0,0
APP-16219,36,86553.67,16,MORTGAGE,17000,PERSONAL,36,17.81,564,7.24,13.63,15,0,1,0
APP-16220,54,69623.91,6,MORTGAGE,37000,VENTURE,36,15.63,679,12.08,27.04,10,0,0,0
APP-16221,52,115659.14,2,RENT,35000,MEDICAL,60,18.84,545,9.3,72.41,9,0,0,0
APP-16222,46,66085.04,17,MORTGAGE,40000,PERSONAL,60,10.61,809,11.67,48.52,4,0,0,0
APP-16223,45,61179.07,5,RENT,25000,DEBTCONSOLIDATION,36,14.07,658,6.38,62.08,11,0,0,0
APP-16224,22,85557.66,15,MORTGAGE,40000,HOMEIMPROVEMENT,36,12.55,672,30.02,54.49,9,0,0,0
APP-16225,32,31880.03,16,MORTGAGE,7000,MEDICAL,60,13.51,646,10.62,41.75,17,5,0,0
APP-16226,60,81460.84,15,MORTGAGE,21000,DEBTCONSOLIDATION,36,13.12,669,7.56,0.58,7,0,0,0
APP-16227,29,51451.28,7,MORTGAGE,10000,VENTURE,36,11.04,654,18.53,16.36,9,0,0,0
APP-16228,32,30791.91,19,MORTGAGE,22000,PERSONAL,60,8.85,761,9.24,8.23,13,4,0,0
APP-16229,46,74057.14,13,OTHER,12000,MEDICAL,36,14.75,679,37.47,60.37,8,0,0,0
APP-16230,29,47613.13,11,MORTGAGE,31000,PERSONAL,60,15.35,656,23.17,25.18,10,0,0,0
APP-16231,30,26709.05,14,MORTGAGE,2000,MEDICAL,36,12.43,715,4.93,37.03,8,0,0,0
APP-16232,52,38732.33,0,RENT,28000,PERSONAL,36,19.96,573,13.37,65.72,16,0,0,0
APP-16233,54,139361.38,7,MORTGAGE,7000,DEBTCONSOLIDATION,36,13.13,652,11.44,32.79,8,2,0,0
APP-16234,68,45326.73,18,RENT,8000,DEBTCONSOLIDATION,36,13.97,676,12.78,47.91,4,0,0,0
APP-16235,40,70367.32,1,RENT,23000,HOMEIMPROVEMENT,60,16.34,621,7.56,67.11,9,0,0,0
APP-16236,59,34819.6,7,RENT,35000,PERSONAL,60,11.27,722,14.71,61.79,8,0,0,1
APP-16237,22,171178.87,7,MORTGAGE,21000,DEBTCONSOLIDATION,60,12.26,686,8.34,67.42,10,0,0,0
APP-16238,21,61986.28,6,MORTGAGE,16000,MEDICAL,36,11.46,724,11.13,73.12,7,1,0,0
APP-16239,56,42530.35,11,OWN,10000,MEDICAL,36,10.95,722,15.55,57.45,8,0,0,0
APP-16240,44,93204.12,20,MORTGAGE,19000,VENTURE,36,12.99,776,27.64,17.24,9,0,2,0
APP-16241,47,166891.59,4,RENT,37000,MEDICAL,36,14.74,631,48.59,66.82,8,0,0,0
APP-16242,22,48818.78,14,MORTGAGE,31000,PERSONAL,60,11.5,747,13.54,51.79,9,2,0,1
APP-16243,51,42107.35,15,MORTGAGE,12000,HOMEIMPROVEMENT,36,13.35,658,11.03,56.58,13,0,0,0
APP-16244,34,188637.1,11,MORTGAGE,34000,MEDICAL,60,15.49,696,15.88,35.01,10,0,0,0
APP-16245,22,56311.89,0,RENT,7000,PERSONAL,60,11.85,717,51.24,18.61,9,0,0,0
APP-16246,49,53193.89,11,RENT,40000,HOMEIMPROVEMENT,36,8.55,754,29.41,22.63,15,1,0,0
APP-16247,35,20492.41,19,MORTGAGE,23000,PERSONAL,60,11.35,694,21.63,74.89,12,0,0,0
APP-16248,32,58874.78,6,MORTGAGE,40000,EDUCATION,60,12.1,746,41.66,38.77,7,0,0,1
APP-16249,57,30394.81,12,OWN,20000,PERSONAL,36,9.92,777,16.45,75.73,12,0,0,0
APP-16250,48,45249.8,20,RENT,23000,DEBTCONSOLIDATION,36,15.03,668,14.95,24.14,6,0,0,0
APP-16251,40,21869.52,16,MORTGAGE,32000,HOMEIMPROVEMENT,36,14.98,673,7.65,31.15,7,0,0,0
APP-16252,59,111032.06,13,MORTGAGE,26000,DEBTCONSOLIDATION,36,14.17,641,11.52,39.99,11,0,0,0
APP-16253,44,28758.67,20,RENT,31000,MEDICAL,36,13.91,658,18.25,53.74,12,0,0,1
APP-16254,41,22688.75,2,MORTGAGE,5000,MEDICAL,60,11.76,704,40.59,33.55,11,3,0,0
APP-16255,30,38020.9,15,MORTGAGE,27000,DEBTCONSOLIDATION,36,13.81,681,20.1,28.8,9,0,0,0
APP-16256,66,111710.75,7,MORTGAGE,8000,DEBTCONSOLIDATION,36,11.11,678,29.52,81.95,11,0,0,0
APP-16257,34,47930.31,6,RENT,13000,DEBTCONSOLIDATION,36,11.94,708,10.57,28.74,9,0,0,0
APP-16258,57,51244.86,10,RENT,2000,DEBTCONSOLIDATION,36,12.62,677,16.8,50.61,10,0,0,0
APP-16259,38,76055.94,0,RENT,7000,DEBTCONSOLIDATION,60,16.03,605,9.08,52.21,16,0,0,0
APP-16260,44,55501.81,5,RENT,2000,VENTURE,60,14.22,637,2.0,39.46,11,2,0,0
APP-16261,34,111188.19,2,MORTGAGE,9000,DEBTCONSOLIDATION,36,12.64,713,10.03,17.69,8,1,1,0
APP-16262,54,53113.42,1,MORTGAGE,34000,DEBTCONSOLIDATION,60,14.03,707,18.06,65.75,17,0,0,0
APP-16263,32,53550.26,5,MORTGAGE,5000,DEBTCONSOLIDATION,36,16.71,639,7.92,53.09,7,3,0,0
APP-16264,42,185738.8,16,MORTGAGE,7000,DEBTCONSOLIDATION,36,13.72,651,11.21,62.31,7,0,0,0
APP-16265,26,61548.62,2,MORTGAGE,4000,PERSONAL,60,15.9,648,19.58,61.5,10,0,0,0
APP-16266,56,67190.38,10,MORTGAGE,16000,MEDICAL,36,9.99,670,27.32,78.76,13,0,0,0
APP-16267,65,53894.68,15,RENT,7000,DEBTCONSOLIDATION,60,11.74,743,21.93,35.07,8,1,0,0
APP-16268,56,18000.0,3,RENT,7000,HOMEIMPROVEMENT,60,7.38,785,12.94,56.39,12,2,2,0
APP-16269,42,92636.19,19,RENT,38000,MEDICAL,36,13.86,704,10.15,39.84,5,0,0,0
APP-16270,34,137347.06,17,MORTGAGE,28000,MEDICAL,36,11.46,780,35.65,74.38,7,0,0,0
APP-16271,36,112179.74,3,OWN,6000,DEBTCONSOLIDATION,60,14.63,668,16.84,18.83,11,0,0,0
APP-16272,56,45295.33,20,MORTGAGE,40000,DEBTCONSOLIDATION,36,11.54,711,19.48,48.93,9,2,0,0
APP-16273,45,54907.01,13,MORTGAGE,18000,DEBTCONSOLIDATION,36,11.84,676,12.54,34.24,13,0,0,0
APP-16274,52,71295.87,4,MORTGAGE,24000,PERSONAL,36,11.39,731,14.03,15.85,12,0,0,0
APP-16275,53,70050.22,13,MORTGAGE,18000,PERSONAL,36,10.7,741,13.86,44.08,12,0,2,0
APP-16276,65,84160.83,13,RENT,24000,PERSONAL,36,14.07,656,30.35,20.48,9,1,2,1
APP-16277,56,66272.52,12,RENT,40000,PERSONAL,36,10.77,755,43.22,46.12,8,0,1,0
APP-16278,40,49977.89,14,OTHER,34000,HOMEIMPROVEMENT,60,15.66,658,9.48,13.84,11,0,0,0
APP-16279,38,64117.51,4,RENT,3000,HOMEIMPROVEMENT,60,14.14,623,12.4,50.19,6,0,0,0
APP-16280,58,98655.83,20,MORTGAGE,11000,PERSONAL,60,8.75,754,13.47,77.34,11,1,0,0
APP-16281,23,257336.34,17,MORTGAGE,20000,DEBTCONSOLIDATION,36,12.08,710,15.36,48.13,9,0,0,0
APP-16282,43,46654.72,15,MORTGAGE,10000,DEBTCONSOLIDATION,36,12.36,699,11.19,27.73,10,1,0,0
APP-16283,52,67043.86,0,MORTGAGE,16000,DEBTCONSOLIDATION,60,12.33,709,13.14,48.91,12,1,0,0
APP-16284,65,49929.11,11,MORTGAGE,25000,DEBTCONSOLIDATION,36,14.0,670,12.84,53.89,5,0,0,0
APP-16285,36,69826.98,14,MORTGAGE,13000,DEBTCONSOLIDATION,36,11.57,726,15.57,66.51,8,1,1,0
APP-16286,25,,17,MORTGAGE,23000,EDUCATION,36,14.33,614,20.25,27.2,6,0,0,0
APP-16287,24,53956.75,19,RENT,19000,VENTURE,36,9.05,805,23.23,38.72,5,0,0,0
APP-16288,41,21525.29,19,MORTGAGE,3000,VENTURE,60,16.97,637,16.11,24.02,8,0,0,0
APP-16289,60,100136.23,7,RENT,16000,VENTURE,36,15.25,622,9.91,63.26,13,0,1,0
APP-16290,34,63908.62,18,RENT,40000,MEDICAL,60,11.76,728,9.75,11.71,10,0,0,0
APP-16291,59,,0,MORTGAGE,10000,DEBTCONSOLIDATION,36,16.7,633,6.13,66.53,4,0,0,0
APP-16292,51,45132.43,6,RENT,23000,DEBTCONSOLIDATION,36,9.48,744,12.57,53.07,7,0,0,0
APP-16293,34,69954.65,0,MORTGAGE,18000,DEBTCONSOLIDATION,60,11.1,733,12.21,84.93,11,0,0,0
APP-16294,26,42279.75,18,RENT,15000,VENTURE,36,16.91,622,17.22,20.96,12,0,2,0
APP-16295,32,44823.89,19,MORTGAGE,32000,VENTURE,36,14.26,683,41.38,51.38,12,2,0,0
APP-16296,36,32070.46,4,RENT,8000,DEBTCONSOLIDATION,36,10.64,782,5.4,50.62,11,0,0,0
APP-16297,37,42566.31,6,OWN,36000,MEDICAL,36,10.42,660,20.01,15.14,14,1,0,0
APP-16298,65,82078.54,20,RENT,35000,DEBTCONSOLIDATION,60,13.41,645,8.58,31.96,15,0,0,0
APP-16299,43,30013.87,11,RENT,4000,HOMEIMPROVEMENT,36,10.91,682,19.67,11.07,8,0,0,0
APP-16300,34,106514.21,9,MORTGAGE,3000,HOMEIMPROVEMENT,60,13.82,721,50.05,55.25,14,1,0,0
APP-16301,27,33207.25,9,OWN,28000,DEBTCONSOLIDATION,60,14.6,661,19.85,9.14,8,0,0,0
APP-16302,66,64535.32,14,OWN,3000,HOMEIMPROVEMENT,60,14.4,644,15.44,36.41,10,0,1,1
APP-16303,52,76303.52,19,RENT,6000,PERSONAL,36,10.21,731,15.85,13.4,13,0,0,0
APP-16304,35,90429.06,6,MORTGAGE,22000,HOMEIMPROVEMENT,60,8.11,806,9.9,56.91,10,0,0,0
APP-16305,64,90440.37,2,MORTGAGE,8000,PERSONAL,60,16.13,689,40.42,6.49,12,0,0,0
APP-16306,37,57410.73,2,MORTGAGE,26000,VENTURE,36,14.11,654,39.66,25.22,14,2,0,1
APP-16307,61,54952.48,0,MORTGAGE,2000,HOMEIMPROVEMENT,36,12.46,674,7.9,81.63,12,0,0,0
APP-16308,67,80681.71,10,MORTGAGE,10000,DEBTCONSOLIDATION,60,14.36,598,17.26,37.89,9,0,0,0
APP-16309,64,68803.76,19,OWN,3000,VENTURE,36,15.67,687,22.84,53.58,9,0,0,0
APP-16310,54,50366.89,14,MORTGAGE,4000,PERSONAL,36,11.63,722,14.85,19.79,12,0,0,0
APP-16311,25,72076.71,20,MORTGAGE,38000,DEBTCONSOLIDATION,60,13.65,652,23.44,33.72,9,0,0,0
APP-16312,65,55074.17,18,MORTGAGE,5000,DEBTCONSOLIDATION,36,14.3,593,19.31,19.07,6,0,0,0
APP-16313,47,44343.98,9,MORTGAGE,22000,PERSONAL,36,9.48,744,32.14,73.58,9,0,0,0
APP-16314,43,49554.57,9,RENT,27000,VENTURE,60,17.87,599,35.49,48.05,12,0,0,0
APP-16315,60,76359.63,12,MORTGAGE,38000,DEBTCONSOLIDATION,36,10.89,677,27.03,17.95,11,0,0,0
APP-16316,34,37645.03,0,MORTGAGE,15000,PERSONAL,36,7.57,783,8.04,6.21,9,4,0,0
APP-16317,35,104106.31,12,RENT,11000,DEBTCONSOLIDATION,36,11.46,712,16.25,46.62,7,0,0,0
APP-16318,63,45313.63,8,MORTGAGE,27000,MEDICAL,60,17.73,573,20.35,62.26,9,0,0,0
APP-16319,53,19342.38,12,MORTGAGE,11000,PERSONAL,36,15.57,618,11.42,50.14,15,0,3,0
APP-16320,51,78926.41,11,OWN,38000,MEDICAL,36,13.78,641,14.41,11.68,8,0,2,0
APP-16321,55,18000.0,5,RENT,19000,HOMEIMPROVEMENT,36,14.44,621,9.78,44.64,11,0,0,1
APP-16322,37,36099.72,12,MORTGAGE,28000,DEBTCONSOLIDATION,36,14.89,606,17.32,35.85,6,0,0,1
APP-16323,48,201033.78,6,OWN,18000,HOMEIMPROVEMENT,36,14.93,627,3.42,61.36,5,0,0,0
APP-16324,39,101721.76,2,RENT,11000,PERSONAL,36,10.21,727,8.92,51.1,17,0,0,0
APP-16325,66,97605.38,13,MORTGAGE,12000,DEBTCONSOLIDATION,60,11.33,742,7.0,88.56,10,0,1,0
APP-16326,43,34220.85,5,OTHER,25000,HOMEIMPROVEMENT,36,18.3,590,19.38,58.34,10,0,0,1
APP-16327,52,54539.73,18,MORTGAGE,20000,VENTURE,36,9.86,817,15.05,42.4,7,1,1,0
APP-16328,60,111381.33,2,OTHER,17000,HOMEIMPROVEMENT,36,8.47,744,4.32,17.62,9,0,0,0
APP-16329,33,82439.4,11,MORTGAGE,24000,PERSONAL,36,7.45,796,5.97,27.14,12,0,0,0
APP-16330,40,105654.38,11,RENT,13000,DEBTCONSOLIDATION,36,15.96,623,50.44,46.5,11,0,0,0
APP-16331,55,145913.25,2,RENT,20000,VENTURE,36,15.74,615,24.57,56.11,13,0,0,0
APP-16332,25,83287.6,8,MORTGAGE,26000,DEBTCONSOLIDATION,36,11.31,741,14.06,30.76,5,0,0,0
APP-16333,29,32359.34,13,RENT,4000,HOMEIMPROVEMENT,36,14.05,718,47.75,19.46,15,0,0,0
APP-16334,49,80756.27,5,MORTGAGE,14000,DEBTCONSOLIDATION,60,15.37,712,17.4,25.6,10,0,0,0
APP-16335,26,53222.4,0,RENT,22000,HOMEIMPROVEMENT,60,14.69,670,3.35,32.34,11,0,0,0
APP-16336,45,31400.22,12,OTHER,23000,EDUCATION,60,11.06,676,27.49,40.89,5,0,0,0
APP-16337,51,93646.18,3,RENT,30000,PERSONAL,36,10.71,741,19.8,61.85,10,0,0,0
APP-16338,42,109210.93,13,MORTGAGE,26000,PERSONAL,36,16.28,651,11.92,77.38,7,5,0,1
APP-16339,22,57128.03,17,MORTGAGE,24000,MEDICAL,36,18.73,599,9.53,33.13,7,0,0,0
APP-16340,65,70279.69,1,MORTGAGE,13000,VENTURE,36,11.79,709,23.33,62.76,7,0,0,1
APP-16341,25,21240.51,8,MORTGAGE,24000,EDUCATION,36,10.61,772,10.17,17.15,8,4,0,0
APP-16342,47,105017.95,8,OWN,6000,DEBTCONSOLIDATION,36,17.1,600,16.85,45.47,8,0,0,0
APP-16343,45,89021.28,12,MORTGAGE,30000,PERSONAL,36,14.18,688,25.55,7.71,6,0,0,0
APP-16344,28,67853.89,5,RENT,6000,PERSONAL,36,19.18,560,9.43,42.07,10,0,0,0
APP-16345,21,32009.09,7,MORTGAGE,40000,PERSONAL,36,6.38,759,20.94,8.11,10,5,0,0
APP-16346,40,26312.85,0,MORTGAGE,36000,MEDICAL,36,15.8,636,28.75,42.71,17,0,0,0
APP-16347,64,164931.86,1,MORTGAGE,36000,DEBTCONSOLIDATION,36,12.66,690,28.47,15.03,12,0,0,0
APP-16348,43,36323.3,11,MORTGAGE,18000,MEDICAL,60,12.98,693,14.83,55.31,11,0,0,0
APP-16349,52,64029.04,3,RENT,31000,PERSONAL,60,11.19,695,6.23,35.1,11,1,0,0
APP-16350,31,36888.45,1,RENT,3000,PERSONAL,36,10.45,721,10.06,49.87,6,0,0,0
APP-16351,59,19063.78,5,RENT,16000,PERSONAL,60,9.07,783,7.38,68.35,10,0,0,0
APP-16352,67,74907.07,1,OWN,24000,PERSONAL,36,14.41,670,14.44,52.61,6,0,0,0
APP-16353,44,80977.8,0,MORTGAGE,27000,VENTURE,36,11.18,676,15.0,40.44,12,2,0,0
APP-16354,31,25993.49,4,RENT,12000,PERSONAL,36,15.32,622,13.35,35.0,7,0,0,0
APP-16355,49,104207.84,2,RENT,25000,VENTURE,36,19.15,582,4.24,46.76,8,0,0,0
APP-16356,46,46013.92,16,RENT,10000,PERSONAL,36,17.39,654,10.33,16.99,14,0,0,0
APP-16357,36,34846.39,0,MORTGAGE,15000,DEBTCONSOLIDATION,36,12.04,715,14.51,72.63,12,0,0,0
APP-16358,55,33722.12,15,RENT,25000,PERSONAL,36,12.85,675,15.79,22.03,10,0,0,0
APP-16359,40,92560.07,6,MORTGAGE,8000,HOMEIMPROVEMENT,36,9.46,768,17.23,27.61,17,1,0,0
APP-16360,66,22882.57,13,RENT,11000,MEDICAL,36,13.85,688,18.57,73.48,10,0,0,1
APP-16361,23,32174.0,0,MORTGAGE,34000,VENTURE,36,10.67,775,5.43,30.81,13,0,0,0
APP-16362,21,74295.07,19,RENT,34000,DEBTCONSOLIDATION,36,12.15,697,20.11,29.99,15,0,0,0
APP-16363,67,69517.85,15,RENT,28000,PERSONAL,36,12.85,656,5.45,31.98,12,0,0,0
APP-16364,21,35918.55,1,MORTGAGE,9000,DEBTCONSOLIDATION,36,13.9,611,12.62,52.65,11,0,0,0
APP-16365,37,113910.73,3,MORTGAGE,15000,HOMEIMPROVEMENT,36,17.62,549,21.37,76.26,7,0,1,1
APP-16366,22,34319.42,12,MORTGAGE,8000,PERSONAL,36,16.04,649,30.13,23.54,7,0,0,0
APP-16367,49,53945.33,19,RENT,19000,VENTURE,60,10.16,731,29.31,43.89,7,0,3,0
APP-16368,40,50490.25,8,MORTGAGE,27000,DEBTCONSOLIDATION,60,13.0,663,6.46,26.29,12,1,0,0
APP-16369,26,,9,RENT,16000,DEBTCONSOLIDATION,36,14.65,632,10.59,71.16,11,0,0,0
APP-16370,28,54302.99,3,MORTGAGE,34000,MEDICAL,36,11.83,683,25.91,30.55,10,0,0,0
APP-16371,49,53498.06,6,RENT,12000,DEBTCONSOLIDATION,36,16.0,685,8.1,49.31,17,0,0,0
APP-16372,68,53169.64,4,RENT,20000,DEBTCONSOLIDATION,36,14.67,660,17.11,62.4,7,0,0,0
APP-16373,53,54668.14,6,RENT,19000,VENTURE,36,12.83,722,15.78,71.54,9,1,0,0
APP-16374,23,103020.01,0,RENT,23000,DEBTCONSOLIDATION,36,11.54,677,18.88,64.28,10,0,0,0
APP-16375,55,53305.41,0,MORTGAGE,37000,DEBTCONSOLIDATION,60,9.1,782,3.82,36.54,7,0,0,0
APP-16376,25,84623.98,13,MORTGAGE,19000,VENTURE,60,15.02,659,6.5,41.51,5,0,1,0
APP-16377,47,64496.18,13,MORTGAGE,19000,EDUCATION,36,14.79,647,14.95,21.84,11,0,0,0
APP-16378,64,71906.02,5,RENT,23000,VENTURE,60,17.64,671,37.22,56.68,6,0,0,0
APP-16379,32,88340.65,18,RENT,26000,DEBTCONSOLIDATION,60,12.17,738,39.15,29.56,4,0,0,0
APP-16380,40,33855.75,4,RENT,32000,VENTURE,36,10.74,721,16.3,28.06,8,5,0,0
APP-16381,65,81936.51,7,RENT,10000,PERSONAL,36,14.03,657,10.8,50.72,9,1,0,0
APP-16382,40,53848.13,14,RENT,39000,VENTURE,36,15.6,629,12.42,52.27,9,0,0,0
APP-16383,29,37030.49,15,RENT,20000,DEBTCONSOLIDATION,60,17.24,610,21.91,14.63,13,0,0,0
APP-16384,59,88246.56,17,MORTGAGE,26000,DEBTCONSOLIDATION,36,11.66,619,9.47,34.1,9,0,0,0
APP-16385,24,48402.27,0,MORTGAGE,16000,MEDICAL,36,8.14,783,35.88,4.29,7,0,0,0
APP-16386,39,72312.15,2,MORTGAGE,6000,MEDICAL,60,14.97,643,28.76,33.57,7,3,0,0
APP-16387,58,18000.0,12,MORTGAGE,12000,DEBTCONSOLIDATION,36,11.06,641,11.66,7.91,17,0,0,1
APP-16388,47,86080.77,5,OWN,14000,DEBTCONSOLIDATION,60,13.06,733,9.47,65.59,5,0,0,0
APP-16389,65,218610.33,0,RENT,35000,MEDICAL,36,12.97,690,10.01,17.09,10,0,0,0
APP-16390,63,59645.12,11,RENT,9000,DEBTCONSOLIDATION,60,10.39,751,23.46,22.09,12,0,0,0
APP-16391,33,52481.84,7,OWN,26000,DEBTCONSOLIDATION,60,7.88,767,13.3,65.93,9,1,0,0
APP-16392,33,47541.32,6,MORTGAGE,28000,DEBTCONSOLIDATION,60,12.85,757,27.07,32.36,9,0,0,0
APP-16393,42,,4,MORTGAGE,12000,DEBTCONSOLIDATION,60,11.93,660,14.89,31.49,6,0,0,0
APP-16394,48,51428.46,0,MORTGAGE,19000,DEBTCONSOLIDATION,36,20.08,535,15.69,28.15,11,0,0,0
APP-16395,67,82766.54,2,MORTGAGE,11000,EDUCATION,36,19.65,593,13.66,31.6,8,1,0,0
APP-16396,65,141665.52,9,MORTGAGE,34000,DEBTCONSOLIDATION,36,15.29,694,16.82,19.28,10,0,0,0
APP-16397,42,91173.49,4,MORTGAGE,37000,DEBTCONSOLIDATION,36,10.84,755,19.0,41.64,11,0,0,1
APP-16398,63,54866.97,18,RENT,18000,PERSONAL,36,14.48,633,22.16,52.85,11,0,1,0
APP-16399,39,34278.11,1,MORTGAGE,6000,PERSONAL,36,13.34,714,8.67,23.78,8,0,0,0
APP-16400,28,48819.77,18,OWN,24000,PERSONAL,36,13.56,665,27.99,27.37,16,0,0,0
APP-16401,28,55251.83,7,MORTGAGE,4000,MEDICAL,36,9.78,787,11.7,21.38,13,0,0,0
APP-16402,62,,4,RENT,40000,DEBTCONSOLIDATION,36,12.23,656,33.44,60.8,8,0,0,1
APP-16403,46,103101.33,5,MORTGAGE,38000,MEDICAL,36,12.38,738,9.12,4.39,9,0,0,0
APP-16404,68,79581.99,5,RENT,11000,HOMEIMPROVEMENT,36,12.12,681,27.08,2.84,15,0,0,0
APP-16405,46,35443.83,9,OWN,28000,HOMEIMPROVEMENT,60,14.28,707,10.94,17.61,7,0,0,0
APP-16406,43,24597.31,6,MORTGAGE,8000,DEBTCONSOLIDATION,36,12.02,659,28.81,38.44,11,0,1,1
APP-16407,63,85727.24,12,RENT,30000,DEBTCONSOLIDATION,36,11.31,710,24.34,7.24,12,0,0,0
APP-16408,33,26326.43,7,MORTGAGE,40000,DEBTCONSOLIDATION,60,16.89,567,43.06,21.69,16,0,3,1
APP-16409,48,62440.3,13,MORTGAGE,7000,HOMEIMPROVEMENT,60,14.74,611,29.85,24.42,10,0,0,0
APP-16410,29,48788.03,12,RENT,10000,DEBTCONSOLIDATION,36,14.09,631,27.52,41.52,12,0,0,0
APP-16411,40,,3,RENT,9000,PERSONAL,60,11.6,727,16.79,63.26,12,0,0,0
APP-16412,39,89839.73,16,MORTGAGE,15000,VENTURE,60,12.62,669,12.37,9.22,16,0,0,0
APP-16413,68,39710.15,16,MORTGAGE,39000,PERSONAL,36,16.53,555,22.46,33.89,8,0,0,0
APP-16414,59,93338.06,20,RENT,10000,DEBTCONSOLIDATION,36,12.38,691,17.64,35.38,6,0,0,0
APP-16415,32,51806.3,2,MORTGAGE,12000,DEBTCONSOLIDATION,36,17.39,599,6.85,33.39,10,0,0,0
APP-16416,35,60444.57,17,RENT,12000,MEDICAL,60,12.82,741,13.18,24.28,10,0,0,0
APP-16417,51,61067.18,18,RENT,36000,DEBTCONSOLIDATION,36,10.79,720,14.93,11.4,13,0,0,0
APP-16418,34,184256.39,12,RENT,12000,DEBTCONSOLIDATION,36,16.3,602,31.62,17.21,8,0,0,0
APP-16419,31,56404.34,9,RENT,37000,DEBTCONSOLIDATION,60,12.49,714,19.8,40.32,13,0,0,0
APP-16420,46,25953.16,20,OWN,4000,HOMEIMPROVEMENT,36,11.46,787,16.21,48.1,12,0,0,0
APP-16421,62,41883.33,20,OTHER,20000,DEBTCONSOLIDATION,36,18.83,608,5.24,28.86,7,0,0,0
APP-16422,47,86597.16,12,RENT,9000,PERSONAL,60,9.15,695,21.03,43.92,11,0,0,0
APP-16423,31,51946.31,6,RENT,29000,HOMEIMPROVEMENT,36,9.5,704,8.07,71.77,9,4,0,0
APP-16424,58,60323.56,16,OWN,2000,HOMEIMPROVEMENT,36,13.98,652,7.17,68.76,11,0,0,0
APP-16425,54,48243.87,0,RENT,31000,VENTURE,36,10.38,708,19.01,15.21,13,0,0,0
APP-16426,63,18000.0,4,RENT,39000,HOMEIMPROVEMENT,60,12.71,656,19.04,64.97,8,0,0,0
APP-16427,39,40578.62,20,RENT,12000,PERSONAL,60,13.54,607,19.78,29.55,10,0,0,0
APP-16428,26,57604.38,16,MORTGAGE,30000,DEBTCONSOLIDATION,36,11.98,724,10.77,45.23,12,0,0,0
APP-16429,66,24717.4,19,RENT,32000,DEBTCONSOLIDATION,36,13.43,657,7.5,22.44,9,0,2,0
APP-16430,58,33209.08,11,MORTGAGE,11000,HOMEIMPROVEMENT,36,17.2,614,7.41,60.38,12,0,1,1
APP-16431,69,50513.64,7,MORTGAGE,36000,DEBTCONSOLIDATION,36,11.55,716,41.91,35.68,9,5,0,0
APP-16432,62,50733.53,20,RENT,30000,PERSONAL,36,12.47,703,13.91,6.41,9,0,0,0
APP-16433,48,72926.76,5,RENT,38000,DEBTCONSOLIDATION,36,11.86,782,33.09,29.63,10,0,0,0
APP-16434,21,52133.94,15,OWN,3000,DEBTCONSOLIDATION,36,12.11,719,32.96,26.48,5,0,0,0
APP-16435,55,71597.6,10,OWN,2000,DEBTCONSOLIDATION,60,13.89,664,17.75,6.92,8,0,0,0
APP-16436,60,42191.73,3,MORTGAGE,33000,DEBTCONSOLIDATION,36,9.6,729,18.81,45.31,5,0,0,0
APP-16437,28,66555.0,0,RENT,25000,DEBTCONSOLIDATION,36,15.15,629,32.1,47.12,7,0,0,0
APP-16438,67,124936.09,6,RENT,3000,PERSONAL,36,8.75,777,13.89,38.12,9,0,0,0
APP-16439,27,69181.13,10,MORTGAGE,4000,HOMEIMPROVEMENT,36,14.19,654,33.95,18.61,12,0,0,0
APP-16440,31,53236.1,2,RENT,10000,DEBTCONSOLIDATION,36,14.15,589,13.55,12.03,11,0,0,0
APP-16441,59,37370.31,7,OWN,25000,HOMEIMPROVEMENT,36,13.72,653,22.78,25.47,13,0,0,0
APP-16442,24,62535.38,12,RENT,13000,DEBTCONSOLIDATION,36,12.17,658,19.31,29.94,14,3,0,0
APP-16443,45,53691.11,14,MORTGAGE,35000,DEBTCONSOLIDATION,36,13.29,745,30.56,56.33,14,1,0,1
APP-16444,32,79300.47,0,RENT,35000,DEBTCONSOLIDATION,36,16.51,627,11.01,20.02,12,1,0,0
APP-16445,46,24077.73,13,MORTGAGE,24000,DEBTCONSOLIDATION,36,13.86,661,23.06,71.13,4,1,0,0
APP-16446,58,54499.48,0,MORTGAGE,20000,VENTURE,60,12.82,692,25.46,49.95,14,0,0,0
APP-16447,66,73838.86,0,RENT,33000,PERSONAL,36,12.79,689,32.78,28.79,8,1,0,0
APP-16448,32,63875.5,1,RENT,29000,VENTURE,36,11.12,785,14.07,53.21,8,2,0,0
APP-16449,63,50702.99,13,MORTGAGE,27000,PERSONAL,60,10.6,727,14.92,29.05,11,1,0,0
APP-16450,57,50353.5,0,OWN,13000,VENTURE,60,19.81,640,5.71,13.75,11,0,0,0
APP-16451,66,34564.3,0,MORTGAGE,32000,DEBTCONSOLIDATION,36,11.07,729,2.0,34.05,20,1,0,0
APP-16452,44,72361.95,0,RENT,12000,VENTURE,36,11.15,668,27.77,86.67,15,0,0,0
APP-16453,36,74046.06,19,MORTGAGE,5000,PERSONAL,36,9.29,795,27.34,38.17,6,0,0,0
APP-16454,33,29538.43,18,RENT,19000,HOMEIMPROVEMENT,36,13.57,674,3.24,19.41,13,0,0,0
APP-16455,45,87756.28,0,RENT,30000,DEBTCONSOLIDATION,36,10.46,735,26.91,55.79,8,0,0,0
APP-16456,24,43161.13,5,RENT,40000,PERSONAL,36,8.98,755,43.76,18.08,10,0,0,0
APP-16457,31,49612.76,19,RENT,32000,HOMEIMPROVEMENT,36,11.0,671,13.8,22.68,10,2,0,0
APP-16458,52,151289.16,0,RENT,29000,PERSONAL,60,12.15,681,12.76,26.7,14,0,0,0
APP-16459,69,133380.33,0,MORTGAGE,28000,PERSONAL,60,14.37,664,14.31,35.16,8,0,0,0
APP-16460,27,29047.89,0,RENT,31000,VENTURE,36,12.8,727,30.9,21.89,8,0,3,0
APP-16461,66,31587.02,20,MORTGAGE,12000,DEBTCONSOLIDATION,36,10.26,838,22.02,17.64,14,2,0,0
APP-16462,31,35401.34,15,RENT,15000,PERSONAL,36,14.24,725,33.61,44.41,8,1,1,0
APP-16463,48,132337.7,3,MORTGAGE,5000,VENTURE,36,10.23,710,16.55,46.33,11,3,0,0
APP-16464,61,44196.27,0,RENT,37000,VENTURE,36,12.49,642,4.79,19.98,13,0,0,0
APP-16465,43,28650.31,20,RENT,2000,DEBTCONSOLIDATION,36,9.27,754,13.78,24.51,10,1,0,0
APP-16466,65,110882.16,7,RENT,40000,MEDICAL,60,12.67,700,21.91,44.1,5,0,0,0
APP-16467,43,80577.15,11,RENT,38000,DEBTCONSOLIDATION,36,6.57,828,9.43,35.49,7,0,1,0
APP-16468,48,184511.88,4,RENT,34000,MEDICAL,36,8.86,793,4.3,3.14,8,0,2,0
APP-16469,63,80496.24,15,MORTGAGE,22000,DEBTCONSOLIDATION,36,12.22,697,23.48,38.98,15,0,0,0
APP-16470,67,58927.23,2,RENT,25000,PERSONAL,60,12.7,709,12.27,28.89,8,0,0,0
APP-16471,46,,16,RENT,14000,DEBTCONSOLIDATION,36,12.88,689,18.37,9.91,15,0,0,0
APP-16472,45,47738.94,3,RENT,35000,HOMEIMPROVEMENT,36,16.05,631,26.28,63.72,13,0,0,0
APP-16473,49,115006.96,0,MORTGAGE,39000,PERSONAL,36,10.63,737,13.94,14.13,10,0,0,0
APP-16474,39,118082.39,9,MORTGAGE,30000,VENTURE,36,14.65,677,14.68,31.6,15,0,0,0
APP-16475,53,27133.91,16,MORTGAGE,37000,PERSONAL,36,5.43,817,6.04,39.16,18,0,0,0
APP-16476,56,95919.4,7,OWN,6000,VENTURE,36,12.02,694,19.38,82.08,7,0,3,0
APP-16477,34,35047.71,0,OWN,21000,HOMEIMPROVEMENT,36,16.1,615,12.83,57.11,10,0,0,0
APP-16478,34,200159.15,10,RENT,30000,HOMEIMPROVEMENT,36,11.6,716,11.69,34.33,10,0,1,0
APP-16479,55,127838.31,13,RENT,12000,HOMEIMPROVEMENT,36,8.4,740,10.81,6.9,8,0,0,0
APP-16480,50,33893.77,15,MORTGAGE,9000,DEBTCONSOLIDATION,60,9.82,722,4.38,26.69,15,0,0,0
APP-16481,48,67474.12,7,RENT,29000,PERSONAL,36,10.85,708,20.83,46.3,9,2,0,0
APP-16482,37,98375.12,0,MORTGAGE,19000,MEDICAL,36,11.51,682,6.52,39.11,9,0,2,0
APP-16483,23,43833.5,11,OWN,31000,MEDICAL,60,12.2,706,17.94,49.34,14,0,0,0
APP-16484,36,30237.21,5,MORTGAGE,15000,DEBTCONSOLIDATION,60,10.68,700,24.64,25.23,10,0,0,0
APP-16485,66,63000.2,19,RENT,10000,DEBTCONSOLIDATION,36,16.79,621,22.39,16.2,9,0,0,0
APP-16486,50,55288.38,9,MORTGAGE,11000,HOMEIMPROVEMENT,36,7.36,809,27.76,67.38,8,0,0,0
APP-16487,49,37905.81,9,RENT,26000,VENTURE,36,10.56,708,21.73,34.09,18,0,0,0
APP-16488,65,111084.45,5,OWN,28000,DEBTCONSOLIDATION,60,14.21,691,11.68,38.6,7,0,0,0
APP-16489,35,31430.14,5,RENT,3000,DEBTCONSOLIDATION,60,8.97,791,11.14,12.91,10,0,1,0
APP-16490,66,56730.51,9,MORTGAGE,4000,VENTURE,36,14.38,606,22.39,55.59,7,0,0,0
APP-16491,45,65572.6,5,MORTGAGE,30000,PERSONAL,36,8.75,824,9.76,47.63,10,0,0,0
APP-16492,58,69876.61,18,RENT,38000,HOMEIMPROVEMENT,36,13.13,642,13.96,19.83,16,0,0,0
APP-16493,62,105380.89,8,RENT,28000,VENTURE,36,10.34,776,20.58,48.27,8,0,0,0
APP-16494,67,53102.64,4,RENT,5000,VENTURE,36,14.29,631,14.47,42.0,17,0,0,0
APP-16495,58,18000.0,1,MORTGAGE,36000,VENTURE,36,11.77,636,9.98,49.29,9,0,0,1
APP-16496,43,49345.97,13,OWN,28000,PERSONAL,36,10.74,726,19.61,35.5,11,0,0,0
APP-16497,45,86062.72,0,RENT,20000,DEBTCONSOLIDATION,36,15.6,703,7.72,19.31,14,5,0,0
APP-16498,62,55710.54,8,RENT,11000,PERSONAL,60,17.38,634,16.0,76.78,10,0,0,1
APP-16499,27,55917.1,10,MORTGAGE,27000,EDUCATION,36,15.79,639,40.34,18.37,10,0,0,0
APP-16500,42,77894.19,5,RENT,8000,DEBTCONSOLIDATION,36,16.17,666,11.42,22.5,6,0,3,0
APP-16501,37,83201.59,15,MORTGAGE,28000,PERSONAL,60,10.49,755,9.92,37.34,8,0,0,0
APP-16502,38,24509.27,13,RENT,31000,VENTURE,36,12.89,707,15.64,17.61,6,0,0,0
APP-16503,69,59317.4,20,MORTGAGE,13000,DEBTCONSOLIDATION,36,11.47,723,8.28,15.3,11,0,0,0
APP-16504,61,54306.16,9,RENT,6000,VENTURE,36,12.59,658,9.93,31.47,14,0,0,0
APP-16505,30,62165.76,10,RENT,14000,DEBTCONSOLIDATION,36,10.29,718,11.31,30.74,13,0,0,0
APP-16506,30,22362.08,3,MORTGAGE,5000,DEBTCONSOLIDATION,36,16.8,607,24.63,38.22,11,0,0,1
APP-16507,27,116022.87,7,RENT,3000,PERSONAL,36,12.36,638,21.42,34.25,7,0,0,0
APP-16508,68,60075.77,0,MORTGAGE,38000,DEBTCONSOLIDATION,60,9.93,747,28.62,15.87,9,0,0,0
APP-16509,58,,13,MORTGAGE,35000,HOMEIMPROVEMENT,36,13.41,708,13.38,49.63,6,0,0,0
APP-16510,47,144783.11,5,RENT,7000,MEDICAL,60,11.46,799,12.89,45.96,14,0,0,0
APP-16511,53,74408.57,10,OWN,27000,PERSONAL,36,12.87,728,27.62,33.06,14,0,0,0
APP-16512,21,27723.8,4,RENT,12000,MEDICAL,36,14.18,614,2.33,27.38,12,0,0,0
APP-16513,64,57341.4,12,MORTGAGE,2000,MEDICAL,60,11.23,738,27.35,33.15,11,0,0,0
APP-16514,54,83905.3,8,RENT,35000,DEBTCONSOLIDATION,36,14.54,610,26.72,36.43,10,0,0,0
APP-16515,24,61593.67,9,RENT,22000,PERSONAL,36,11.24,731,29.51,28.68,11,2,0,0
APP-16516,37,140562.95,19,OWN,11000,EDUCATION,36,14.87,675,28.4,30.3,5,0,0,0
APP-16517,24,39027.39,14,OWN,6000,DEBTCONSOLIDATION,60,12.57,648,12.19,10.87,6,0,0,0
APP-16518,63,111587.16,4,MORTGAGE,27000,PERSONAL,60,12.39,691,29.65,46.07,11,0,1,1
APP-16519,46,91083.66,9,MORTGAGE,20000,PERSONAL,36,11.74,618,13.09,44.4,7,0,0,0
APP-16520,24,62591.41,8,OWN,22000,VENTURE,36,12.83,670,9.94,44.08,9,0,0,0
APP-16521,21,70662.1,16,MORTGAGE,35000,DEBTCONSOLIDATION,36,17.4,565,15.3,59.81,5,2,0,1
APP-16522,27,36722.9,17,RENT,30000,DEBTCONSOLIDATION,36,9.07,755,22.17,7.94,7,1,0,0
APP-16523,50,51347.51,4,RENT,39000,DEBTCONSOLIDATION,60,9.33,707,24.69,27.83,13,0,0,0
APP-16524,29,79902.21,16,MORTGAGE,16000,DEBTCONSOLIDATION,60,11.99,681,24.93,32.27,7,0,0,0
APP-16525,55,55572.37,2,MORTGAGE,17000,DEBTCONSOLIDATION,36,9.62,719,34.51,65.7,12,1,0,0
APP-16526,28,61704.95,15,OWN,19000,PERSONAL,60,19.14,622,8.35,55.87,13,0,0,0
APP-16527,44,98343.49,3,RENT,2000,HOMEIMPROVEMENT,36,13.0,675,13.27,76.8,13,0,1,0
APP-16528,39,23072.07,5,MORTGAGE,12000,DEBTCONSOLIDATION,36,12.99,726,9.67,25.56,9,0,0,0
APP-16529,56,72019.51,17,RENT,37000,PERSONAL,36,12.98,639,15.84,50.74,7,0,0,0
APP-16530,63,145549.17,7,MORTGAGE,33000,VENTURE,60,8.81,760,9.18,24.83,15,0,0,0
APP-16531,47,49591.1,20,MORTGAGE,29000,PERSONAL,60,11.31,676,6.71,59.21,9,0,0,0
APP-16532,52,32140.12,1,RENT,7000,PERSONAL,36,17.01,582,24.97,12.44,13,0,0,0
APP-16533,34,49288.86,8,MORTGAGE,8000,PERSONAL,60,10.97,704,12.16,26.43,8,0,0,0
APP-16534,38,28042.0,14,RENT,25000,VENTURE,36,13.53,671,13.63,53.34,7,0,0,0
APP-16535,48,67026.45,0,RENT,11000,DEBTCONSOLIDATION,36,8.41,809,19.55,37.94,12,0,0,0
APP-16536,49,57708.11,1,RENT,31000,EDUCATION,36,14.0,673,6.94,68.57,10,0,0,0
APP-16537,36,70218.42,0,MORTGAGE,18000,MEDICAL,36,9.95,740,7.18,20.49,21,0,0,0
APP-16538,55,56071.46,20,RENT,9000,PERSONAL,36,13.0,666,13.44,61.45,2,0,0,0
APP-16539,67,66035.49,15,RENT,13000,PERSONAL,36,19.39,593,35.34,30.08,10,0,0,0
APP-16540,51,74999.89,6,RENT,27000,VENTURE,60,10.29,707,5.56,29.13,7,0,0,0
APP-16541,24,32898.3,1,MORTGAGE,18000,PERSONAL,60,12.17,709,6.37,13.99,5,0,0,0
APP-16542,57,71185.36,0,RENT,36000,PERSONAL,60,10.9,745,4.78,15.87,17,0,0,0
APP-16543,37,123513.23,10,MORTGAGE,6000,HOMEIMPROVEMENT,60,15.74,587,30.86,41.96,14,0,0,0
APP-16544,59,37017.23,20,OWN,12000,DEBTCONSOLIDATION,60,9.44,719,13.04,31.42,6,1,0,0
APP-16545,68,69854.04,13,MORTGAGE,17000,PERSONAL,60,10.49,715,5.85,65.46,9,0,0,0
APP-16546,66,114387.77,6,MORTGAGE,31000,DEBTCONSOLIDATION,36,11.26,710,12.25,29.1,11,0,0,0
APP-16547,46,33606.59,9,MORTGAGE,7000,DEBTCONSOLIDATION,60,17.55,538,15.76,35.51,14,0,0,0
APP-16548,68,89225.96,20,RENT,21000,PERSONAL,60,9.05,751,26.07,37.74,12,0,1,0
APP-16549,59,53583.04,10,RENT,21000,DEBTCONSOLIDATION,60,14.58,625,15.15,75.83,11,0,0,0
APP-16550,61,99276.98,20,MORTGAGE,25000,DEBTCONSOLIDATION,36,11.13,744,31.62,19.98,15,0,3,0
APP-16551,24,39647.03,0,OWN,28000,PERSONAL,36,6.99,793,20.21,38.77,12,2,0,0
APP-16552,50,59603.67,14,OWN,4000,DEBTCONSOLIDATION,60,10.82,738,16.78,36.15,6,0,0,0
APP-16553,50,28022.29,12,OWN,25000,DEBTCONSOLIDATION,36,12.09,705,4.65,51.82,9,0,0,0
APP-16554,42,74506.71,13,OWN,11000,DEBTCONSOLIDATION,36,12.86,679,21.79,38.38,10,0,0,0
APP-16555,31,74934.4,11,RENT,26000,PERSONAL,36,14.05,699,12.67,12.4,11,0,0,0
APP-16556,22,78464.47,0,RENT,29000,DEBTCONSOLIDATION,60,16.66,628,5.45,56.8,9,0,0,0
APP-16557,64,76557.69,1,RENT,19000,HOMEIMPROVEMENT,36,12.58,715,7.47,25.69,9,0,0,0
APP-16558,32,57208.76,19,MORTGAGE,15000,PERSONAL,36,14.42,679,8.66,7.55,10,0,0,0
APP-16559,50,28600.66,3,RENT,2000,DEBTCONSOLIDATION,36,16.0,620,17.07,42.18,9,1,0,1
APP-16560,56,98325.52,20,OWN,21000,DEBTCONSOLIDATION,36,15.46,632,26.37,34.84,14,0,0,0
APP-16561,38,58734.52,13,MORTGAGE,26000,MEDICAL,36,11.31,687,17.79,5.29,11,0,0,0
APP-16562,46,72892.57,8,MORTGAGE,13000,DEBTCONSOLIDATION,36,15.51,610,23.1,20.1,8,0,0,0
APP-16563,27,54578.33,19,RENT,40000,VENTURE,36,14.74,692,15.87,52.95,11,0,0,0
APP-16564,21,159433.18,16,RENT,10000,DEBTCONSOLIDATION,60,9.53,764,2.44,6.18,9,1,0,0
APP-16565,46,45079.18,8,RENT,10000,DEBTCONSOLIDATION,36,12.13,701,8.06,17.19,9,0,0,0
APP-16566,43,44220.54,0,OWN,26000,DEBTCONSOLIDATION,60,14.8,678,12.06,62.24,4,0,1,0
APP-16567,46,27424.12,18,RENT,31000,PERSONAL,60,14.36,643,5.96,56.85,7,0,0,0
APP-16568,65,63351.69,15,MORTGAGE,29000,PERSONAL,36,11.74,714,20.46,50.49,9,0,0,0
APP-16569,26,151630.74,16,OTHER,3000,HOMEIMPROVEMENT,36,15.96,601,11.07,68.67,9,0,0,0
APP-16570,26,63736.89,15,RENT,26000,MEDICAL,36,12.47,683,17.87,68.06,13,0,0,0
APP-16571,64,67074.4,4,RENT,19000,PERSONAL,36,12.94,697,14.61,62.86,13,0,0,0
APP-16572,28,97402.49,17,MORTGAGE,25000,EDUCATION,36,13.43,651,3.31,21.92,12,0,0,0
APP-16573,44,64928.91,0,MORTGAGE,19000,DEBTCONSOLIDATION,36,11.26,706,18.62,17.96,16,0,0,0
APP-16574,42,109059.05,3,OWN,28000,DEBTCONSOLIDATION,36,9.52,806,14.68,8.7,9,0,0,0
APP-16575,39,117462.13,0,RENT,36000,VENTURE,36,10.37,720,20.67,86.59,13,0,0,0
APP-16576,57,44511.55,0,RENT,35000,PERSONAL,36,12.44,761,12.88,53.66,10,1,0,0
APP-16577,38,29283.66,10,RENT,39000,PERSONAL,36,8.5,741,26.22,18.73,8,0,0,0
APP-16578,51,84524.34,0,MORTGAGE,7000,PERSONAL,36,6.35,779,8.89,35.2,17,0,0,0
APP-16579,57,70355.46,2,RENT,17000,DEBTCONSOLIDATION,60,13.22,661,19.07,58.71,10,0,0,0
APP-16580,50,35492.26,3,MORTGAGE,24000,DEBTCONSOLIDATION,36,17.54,569,12.48,11.16,9,0,0,0
APP-16581,62,42658.46,13,MORTGAGE,29000,DEBTCONSOLIDATION,36,11.21,671,16.18,53.4,10,0,0,0
APP-16582,53,42592.28,8,MORTGAGE,14000,DEBTCONSOLIDATION,36,15.24,632,35.28,16.77,12,0,0,0
APP-16583,30,64455.42,8,RENT,13000,DEBTCONSOLIDATION,60,13.92,658,20.78,47.14,11,0,2,0
APP-16584,57,98586.79,15,MORTGAGE,12000,DEBTCONSOLIDATION,36,15.93,644,34.28,17.57,17,0,1,0
APP-16585,32,101385.62,8,OWN,23000,HOMEIMPROVEMENT,36,11.57,719,59.97,25.14,13,0,0,0
APP-16586,50,88912.81,6,RENT,32000,DEBTCONSOLIDATION,36,9.46,775,17.55,3.49,9,0,0,0
APP-16587,47,51738.44,20,RENT,28000,PERSONAL,36,10.86,760,15.13,21.19,12,0,0,0
APP-16588,59,181689.82,0,MORTGAGE,28000,DEBTCONSOLIDATION,60,13.44,684,20.78,17.51,17,0,0,0
APP-16589,29,60876.97,5,MORTGAGE,27000,DEBTCONSOLIDATION,60,16.54,579,10.42,55.43,6,1,0,1
APP-16590,41,49295.86,12,RENT,8000,MEDICAL,36,12.49,643,11.77,72.16,13,0,0,0
APP-16591,32,30241.39,16,MORTGAGE,12000,DEBTCONSOLIDATION,36,16.39,603,9.81,45.25,7,0,0,0
APP-16592,49,50323.64,16,RENT,23000,MEDICAL,36,14.45,686,8.69,83.88,12,0,0,0
APP-16593,53,74562.03,0,RENT,20000,VENTURE,60,8.86,735,12.07,14.13,14,0,0,0
APP-16594,63,27088.93,14,RENT,39000,MEDICAL,36,6.64,816,23.63,59.92,8,0,0,0
APP-16595,35,,14,OWN,21000,VENTURE,60,11.48,695,6.14,44.39,12,0,1,0
APP-16596,22,47397.72,3,MORTGAGE,20000,VENTURE,36,18.53,559,6.88,33.23,17,0,0,1
APP-16597,59,40631.75,0,RENT,20000,DEBTCONSOLIDATION,36,16.53,596,25.38,37.47,7,1,1,0
APP-16598,64,38990.14,15,RENT,37000,VENTURE,36,11.48,679,11.61,40.19,14,0,0,0
APP-16599,38,105062.12,3,RENT,28000,PERSONAL,36,8.8,803,10.89,41.08,6,0,0,0
APP-16600,23,26230.03,0,RENT,18000,DEBTCONSOLIDATION,36,9.6,752,15.6,55.79,7,0,1,0
APP-16601,27,65361.26,3,MORTGAGE,19000,DEBTCONSOLIDATION,36,15.89,585,24.67,16.77,12,0,0,0
APP-16602,63,77616.81,0,RENT,21000,DEBTCONSOLIDATION,36,14.96,598,24.14,16.02,16,0,0,0
APP-16603,38,47002.48,3,RENT,9000,HOMEIMPROVEMENT,36,16.77,543,20.19,58.24,8,0,0,1
APP-16604,64,53451.26,5,RENT,12000,HOMEIMPROVEMENT,36,8.98,730,36.53,57.56,8,0,0,0
APP-16605,58,58672.51,4,RENT,31000,DEBTCONSOLIDATION,60,14.98,651,5.66,49.5,18,4,0,0
APP-16606,57,82219.94,19,MORTGAGE,13000,DEBTCONSOLIDATION,36,17.59,649,14.11,37.98,12,0,0,0
APP-16607,53,128713.67,3,MORTGAGE,24000,DEBTCONSOLIDATION,36,10.47,748,6.81,33.58,9,0,0,0
APP-16608,64,31500.28,8,RENT,7000,DEBTCONSOLIDATION,36,15.52,629,14.89,20.07,12,0,1,0
APP-16609,51,37868.32,20,RENT,36000,DEBTCONSOLIDATION,60,15.26,632,8.81,23.7,14,0,0,0
APP-16610,31,38833.77,18,MORTGAGE,16000,DEBTCONSOLIDATION,36,13.0,701,18.5,31.46,10,3,0,0
APP-16611,24,59499.11,5,MORTGAGE,39000,HOMEIMPROVEMENT,36,11.64,679,23.9,71.27,10,0,0,0
APP-16612,38,49026.18,5,RENT,29000,PERSONAL,36,10.39,744,7.55,46.58,8,0,0,0
APP-16613,24,83550.98,11,RENT,8000,DEBTCONSOLIDATION,36,14.44,626,17.05,42.39,9,0,0,0
APP-16614,69,43120.51,19,RENT,7000,VENTURE,36,13.12,706,10.88,36.89,8,1,0,0
APP-16615,54,38402.39,0,RENT,28000,DEBTCONSOLIDATION,36,13.95,661,18.81,50.41,5,0,0,0
APP-16616,49,40881.43,7,RENT,3000,HOMEIMPROVEMENT,36,14.62,678,34.79,45.35,7,0,0,0
APP-16617,44,63439.65,17,RENT,7000,DEBTCONSOLIDATION,36,13.6,678,12.22,31.23,15,2,0,0
APP-16618,42,96951.06,7,RENT,33000,PERSONAL,60,15.66,658,13.61,37.23,10,0,0,0
APP-16619,22,58558.55,14,RENT,30000,DEBTCONSOLIDATION,36,12.17,740,28.37,43.89,16,0,0,0
APP-16620,64,45293.52,13,RENT,35000,HOMEIMPROVEMENT,36,12.36,698,16.27,43.99,13,0,0,0
APP-16621,26,35756.29,2,MORTGAGE,2000,PERSONAL,36,13.24,613,27.97,19.38,6,1,0,0
APP-16622,62,124345.21,8,MORTGAGE,16000,PERSONAL,36,13.18,702,19.25,57.05,12,0,0,0
APP-16623,45,24822.79,11,RENT,11000,DEBTCONSOLIDATION,60,15.28,665,18.4,46.91,11,0,0,0
APP-16624,41,54554.93,14,MORTGAGE,11000,PERSONAL,36,13.87,661,28.0,45.81,12,0,0,0
APP-16625,36,86669.94,16,MORTGAGE,11000,MEDICAL,36,11.18,729,13.17,34.98,6,0,0,0
APP-16626,51,54180.18,15,OTHER,38000,DEBTCONSOLIDATION,60,13.07,673,7.6,84.24,11,0,0,0
APP-16627,34,45109.09,0,MORTGAGE,33000,HOMEIMPROVEMENT,36,12.27,697,12.05,36.5,10,3,0,0
APP-16628,59,78262.9,13,MORTGAGE,37000,DEBTCONSOLIDATION,36,11.36,727,28.91,11.77,10,0,0,0
APP-16629,48,34651.94,9,MORTGAGE,26000,DEBTCONSOLIDATION,36,14.32,688,29.36,37.45,9,0,0,0
APP-16630,52,25074.45,11,MORTGAGE,16000,HOMEIMPROVEMENT,36,17.28,548,7.52,74.87,10,0,2,0
APP-16631,48,71437.78,6,RENT,10000,PERSONAL,60,11.39,750,5.96,77.24,8,0,0,0
APP-16632,69,36403.08,14,RENT,17000,HOMEIMPROVEMENT,36,17.71,573,65.0,25.58,6,0,3,0
APP-16633,29,63950.16,13,RENT,20000,EDUCATION,36,15.48,622,27.57,20.18,8,0,0,0
APP-16634,65,56295.34,11,RENT,13000,EDUCATION,36,15.47,666,10.79,57.45,8,1,0,0
APP-16635,42,68222.02,17,RENT,36000,MEDICAL,36,11.0,686,11.7,22.72,12,0,0,0
APP-16636,52,53447.76,0,RENT,6000,PERSONAL,60,14.28,591,30.28,22.74,8,0,0,0
APP-16637,25,78886.02,5,OWN,39000,DEBTCONSOLIDATION,36,11.17,702,3.67,14.8,11,1,0,0
APP-16638,43,42117.81,9,RENT,7000,DEBTCONSOLIDATION,60,10.04,745,10.87,53.49,13,0,0,1
APP-16639,25,88487.73,20,MORTGAGE,15000,PERSONAL,36,14.05,675,11.99,44.71,13,1,0,0
APP-16640,62,32571.35,0,OWN,13000,PERSONAL,60,13.08,668,17.76,34.94,7,0,0,0
APP-16641,52,107614.64,5,MORTGAGE,23000,EDUCATION,36,9.41,760,12.66,40.87,8,0,0,0
APP-16642,30,167012.36,19,MORTGAGE,5000,PERSONAL,36,15.92,660,44.23,58.85,12,0,0,0
APP-16643,59,63199.76,18,MORTGAGE,19000,DEBTCONSOLIDATION,36,17.72,542,20.8,31.54,11,0,0,0
APP-16644,35,131214.26,17,RENT,32000,HOMEIMPROVEMENT,60,12.63,705,23.22,83.84,13,0,0,0
APP-16645,27,149373.36,5,RENT,36000,DEBTCONSOLIDATION,60,13.68,657,14.29,28.12,11,0,0,0
APP-16646,49,,17,MORTGAGE,5000,DEBTCONSOLIDATION,36,16.93,648,47.26,43.88,12,1,0,0
APP-16647,67,61324.36,9,RENT,10000,HOMEIMPROVEMENT,36,9.92,786,15.34,18.64,9,0,0,0
APP-16648,23,39852.53,12,MORTGAGE,16000,DEBTCONSOLIDATION,60,15.91,630,16.29,38.09,9,0,0,0
APP-16649,39,41158.92,3,RENT,22000,VENTURE,36,13.48,650,38.25,34.22,9,0,0,1
APP-16650,30,67267.67,14,MORTGAGE,33000,DEBTCONSOLIDATION,36,17.24,631,24.12,36.35,16,0,0,0
APP-16651,48,26425.53,5,MORTGAGE,10000,PERSONAL,36,12.34,729,10.21,60.25,13,0,0,0
APP-16652,49,90888.76,6,OTHER,33000,HOMEIMPROVEMENT,60,9.39,746,21.62,27.17,11,0,0,0
APP-16653,35,65097.56,12,RENT,17000,VENTURE,36,11.64,728,2.06,76.96,11,0,0,0
APP-16654,55,84176.07,3,OWN,6000,MEDICAL,36,14.88,700,26.19,42.38,8,0,0,0
APP-16655,26,54665.3,3,RENT,32000,DEBTCONSOLIDATION,36,14.19,711,26.79,45.19,19,0,0,0
APP-16656,32,83806.3,6,MORTGAGE,26000,HOMEIMPROVEMENT,36,8.28,720,13.77,27.68,11,0,0,0
APP-16657,67,67766.46,15,MORTGAGE,2000,DEBTCONSOLIDATION,36,10.01,756,6.57,42.36,6,0,0,0
APP-16658,58,77158.15,3,RENT,4000,VENTURE,36,7.86,819,14.88,51.28,10,0,0,0
APP-16659,33,93981.77,16,MORTGAGE,22000,MEDICAL,36,11.67,716,13.4,70.04,16,0,0,0
APP-16660,49,31809.67,14,RENT,29000,HOMEIMPROVEMENT,60,12.4,651,15.89,15.89,9,0,1,0
APP-16661,39,42127.78,13,RENT,4000,DEBTCONSOLIDATION,60,17.5,562,13.48,35.92,9,0,0,0
APP-16662,23,190500.63,9,MORTGAGE,33000,DEBTCONSOLIDATION,36,9.7,748,33.36,46.11,10,0,0,0
APP-16663,28,66412.22,15,OWN,33000,PERSONAL,36,12.07,763,26.0,47.62,12,0,0,0
APP-16664,28,25377.07,0,MORTGAGE,31000,DEBTCONSOLIDATION,36,13.49,656,35.74,74.31,15,1,0,1
APP-16665,40,25447.65,5,MORTGAGE,14000,PERSONAL,36,9.8,697,20.53,35.55,11,0,0,0
APP-16666,67,57670.69,13,MORTGAGE,35000,DEBTCONSOLIDATION,60,12.82,735,14.13,26.72,10,0,0,0
APP-16667,24,46096.01,20,MORTGAGE,5000,DEBTCONSOLIDATION,60,14.53,596,16.14,21.47,16,0,0,0
APP-16668,41,40007.17,0,OTHER,19000,VENTURE,60,18.52,567,13.84,25.91,12,0,0,0
APP-16669,23,146762.74,9,MORTGAGE,33000,MEDICAL,36,11.53,662,10.37,14.43,11,1,0,0
APP-16670,65,49783.73,19,RENT,15000,VENTURE,60,12.55,643,24.59,22.13,13,0,0,0
APP-16671,28,90263.31,17,RENT,33000,DEBTCONSOLIDATION,36,6.93,779,12.54,45.64,12,0,0,0
APP-16672,43,67850.52,0,RENT,7000,PERSONAL,60,12.76,694,21.33,37.31,8,0,0,0
APP-16673,36,51666.01,10,MORTGAGE,18000,DEBTCONSOLIDATION,60,13.11,743,12.49,12.86,5,0,0,0
APP-16674,33,33831.17,0,OTHER,9000,HOMEIMPROVEMENT,36,14.79,563,19.81,74.88,16,0,0,1
APP-16675,23,87958.09,16,MORTGAGE,36000,VENTURE,60,11.83,677,9.41,43.37,10,0,0,0
APP-16676,68,18542.46,5,OWN,25000,PERSONAL,36,15.61,661,23.89,92.47,13,0,0,0
APP-16677,29,92534.68,15,RENT,4000,PERSONAL,60,14.59,701,15.59,44.19,7,0,0,0
APP-16678,34,64578.88,19,MORTGAGE,18000,HOMEIMPROVEMENT,36,11.44,737,13.23,26.65,8,0,0,0
APP-16679,33,81575.84,20,MORTGAGE,37000,DEBTCONSOLIDATION,36,12.67,668,5.01,35.03,11,0,0,0
APP-16680,27,60107.0,18,MORTGAGE,18000,DEBTCONSOLIDATION,60,11.22,751,9.09,39.35,7,0,0,0
APP-16681,35,32300.18,2,MORTGAGE,31000,DEBTCONSOLIDATION,60,12.84,686,5.65,79.65,9,0,0,1
APP-16682,27,73187.02,2,RENT,26000,PERSONAL,36,15.26,649,15.38,42.49,8,0,0,0
APP-16683,58,91532.55,12,MORTGAGE,23000,EDUCATION,36,13.3,673,42.22,15.24,14,1,0,0
APP-16684,54,47118.72,10,MORTGAGE,38000,MEDICAL,36,16.69,555,10.47,20.41,10,0,0,0
APP-16685,61,83174.49,0,MORTGAGE,12000,DEBTCONSOLIDATION,60,8.72,757,23.35,78.84,7,0,0,0
APP-16686,42,69443.99,7,MORTGAGE,13000,DEBTCONSOLIDATION,36,11.69,684,13.86,50.79,13,0,0,0
APP-16687,44,75002.45,18,RENT,22000,PERSONAL,60,11.93,721,31.27,44.05,8,0,0,0
APP-16688,69,38957.74,18,MORTGAGE,16000,EDUCATION,60,8.65,762,4.89,80.38,11,0,0,0
APP-16689,57,113673.02,2,RENT,13000,DEBTCONSOLIDATION,60,18.03,582,27.29,10.79,12,0,2,0
APP-16690,64,69425.91,6,RENT,23000,EDUCATION,60,16.82,535,5.6,43.43,14,0,0,0
APP-16691,21,90749.19,11,MORTGAGE,40000,DEBTCONSOLIDATION,36,9.21,779,18.08,80.05,10,0,0,0
APP-16692,30,49312.11,17,RENT,36000,MEDICAL,36,10.9,633,29.57,48.95,14,0,0,0
APP-16693,63,97845.54,10,MORTGAGE,17000,VENTURE,60,12.72,690,7.41,8.13,14,0,0,0
APP-16694,36,48485.93,20,RENT,34000,MEDICAL,60,14.49,660,15.4,25.72,13,0,0,0
APP-16695,66,38335.13,16,RENT,15000,MEDICAL,60,13.7,694,10.08,43.93,13,0,0,0
APP-16696,28,145207.82,19,RENT,19000,DEBTCONSOLIDATION,36,10.74,752,29.06,48.54,7,0,0,0
APP-16697,69,18281.91,14,RENT,17000,VENTURE,36,15.27,622,9.38,15.58,8,1,0,0
APP-16698,45,266984.18,18,RENT,4000,HOMEIMPROVEMENT,36,9.07,792,20.27,25.91,9,0,0,0
APP-16699,32,85039.41,17,RENT,27000,MEDICAL,36,12.52,670,12.17,32.74,11,0,0,0
APP-16700,45,51153.98,4,RENT,16000,PERSONAL,36,9.59,789,10.29,61.61,6,0,0,0
APP-16701,37,70476.73,3,RENT,37000,PERSONAL,36,20.36,551,13.44,32.08,14,0,0,1
APP-16702,46,85064.56,17,RENT,28000,HOMEIMPROVEMENT,36,15.86,641,9.61,38.32,8,0,0,0
APP-16703,66,50704.75,0,RENT,18000,DEBTCONSOLIDATION,60,15.98,616,17.16,15.82,3,5,1,0
APP-16704,68,165648.18,7,RENT,15000,VENTURE,36,15.46,612,13.58,54.75,10,1,0,0
APP-16705,34,125214.34,16,RENT,3000,DEBTCONSOLIDATION,36,10.11,765,7.03,51.64,7,0,0,0
APP-16706,61,234078.87,16,MORTGAGE,28000,DEBTCONSOLIDATION,36,16.46,631,5.86,50.23,11,0,0,0
APP-16707,56,32509.23,1,RENT,25000,PERSONAL,60,11.93,750,27.62,32.9,11,0,0,0
APP-16708,43,66679.48,9,MORTGAGE,36000,VENTURE,60,12.6,734,32.16,53.02,10,0,0,0
APP-16709,63,29926.33,9,RENT,5000,HOMEIMPROVEMENT,36,12.97,757,18.67,47.27,9,0,0,0
APP-16710,26,34691.98,5,OTHER,27000,EDUCATION,36,17.44,587,6.07,36.36,10,0,0,1
APP-16711,67,50861.74,19,RENT,37000,DEBTCONSOLIDATION,36,13.93,729,18.39,46.94,7,0,0,0
APP-16712,25,51323.85,13,MORTGAGE,5000,DEBTCONSOLIDATION,36,14.08,767,4.02,46.6,11,0,1,0
APP-16713,63,72038.2,20,RENT,35000,DEBTCONSOLIDATION,36,8.25,750,14.1,58.61,10,0,0,0
APP-16714,45,56651.34,0,MORTGAGE,14000,DEBTCONSOLIDATION,60,12.97,686,14.72,25.66,7,0,0,0
APP-16715,38,89320.59,7,MORTGAGE,2000,DEBTCONSOLIDATION,36,15.33,586,8.35,12.52,11,0,1,1
APP-16716,33,70224.5,17,RENT,2000,DEBTCONSOLIDATION,60,12.56,693,15.46,24.42,10,0,0,0
APP-16717,63,136457.24,7,RENT,10000,PERSONAL,60,14.38,724,13.12,42.39,11,1,0,0
APP-16718,34,90617.42,4,OWN,12000,VENTURE,36,16.14,660,34.95,68.65,15,0,0,0
APP-16719,48,33207.12,20,OWN,17000,HOMEIMPROVEMENT,36,13.47,684,27.97,64.07,11,0,0,0
APP-16720,38,55673.3,18,MORTGAGE,30000,PERSONAL,36,11.3,748,19.96,30.08,10,0,0,0
APP-16721,48,57583.68,10,MORTGAGE,37000,DEBTCONSOLIDATION,60,11.43,702,20.99,51.69,10,0,0,1
APP-16722,47,74604.22,11,RENT,16000,DEBTCONSOLIDATION,60,11.47,778,26.89,57.37,3,0,0,0
APP-16723,52,102502.2,0,MORTGAGE,40000,DEBTCONSOLIDATION,36,11.46,703,3.83,15.01,12,0,0,0
APP-16724,67,68961.39,20,RENT,3000,DEBTCONSOLIDATION,60,14.25,676,7.05,46.91,3,0,0,0
APP-16725,29,79943.94,16,MORTGAGE,11000,DEBTCONSOLIDATION,36,9.8,746,17.02,37.08,16,0,0,0
APP-16726,60,33958.23,0,MORTGAGE,12000,DEBTCONSOLIDATION,36,10.17,735,5.17,46.45,7,0,0,0
APP-16727,52,47591.01,2,RENT,31000,EDUCATION,36,14.7,680,10.72,16.06,11,1,0,0
APP-16728,40,23015.86,16,MORTGAGE,24000,PERSONAL,36,9.57,765,10.91,34.23,11,0,3,0
APP-16729,48,74680.53,0,RENT,23000,DEBTCONSOLIDATION,36,15.85,615,17.2,22.3,10,1,0,0
APP-16730,53,91194.42,19,RENT,37000,PERSONAL,36,12.84,672,5.25,15.28,7,0,1,0
APP-16731,24,30961.76,20,OWN,30000,DEBTCONSOLIDATION,36,8.18,831,3.41,52.16,15,0,0,0
APP-16732,66,64810.57,18,MORTGAGE,33000,DEBTCONSOLIDATION,36,9.87,772,8.73,35.62,8,2,0,0
APP-16733,54,56889.22,15,RENT,34000,DEBTCONSOLIDATION,36,11.05,747,27.65,50.6,8,0,0,0
APP-16734,68,139276.99,9,MORTGAGE,40000,DEBTCONSOLIDATION,36,15.26,634,39.14,54.09,11,0,0,0
APP-16735,23,38285.06,0,RENT,10000,PERSONAL,60,19.14,573,24.26,11.51,16,0,0,0
APP-16736,46,94757.73,14,RENT,2000,PERSONAL,36,12.51,673,15.94,30.0,7,0,0,0
APP-16737,28,106036.24,7,MORTGAGE,19000,DEBTCONSOLIDATION,60,15.71,718,15.24,52.87,5,1,0,0
APP-16738,26,54313.3,11,RENT,23000,VENTURE,36,9.57,761,28.11,42.16,6,0,2,1
APP-16739,36,69303.35,4,RENT,38000,DEBTCONSOLIDATION,36,14.17,623,7.89,33.62,5,0,0,1
APP-16740,44,102613.88,3,RENT,15000,VENTURE,60,12.07,702,39.08,13.81,14,0,0,0
APP-16741,68,34552.96,5,RENT,23000,DEBTCONSOLIDATION,36,14.3,672,30.69,41.19,9,0,1,0
APP-16742,59,48359.83,16,RENT,34000,DEBTCONSOLIDATION,36,10.98,698,10.59,38.16,12,0,0,0
APP-16743,50,65717.42,7,MORTGAGE,7000,DEBTCONSOLIDATION,36,13.41,718,22.13,37.42,11,0,0,0
APP-16744,65,168049.28,5,RENT,28000,DEBTCONSOLIDATION,60,13.17,672,31.97,52.61,10,0,0,0
APP-16745,33,49026.42,8,RENT,7000,EDUCATION,60,10.61,653,19.96,54.14,5,2,0,0
APP-16746,25,52348.2,0,RENT,17000,DEBTCONSOLIDATION,36,14.66,679,5.15,34.04,13,0,0,0
APP-16747,45,129773.28,18,RENT,3000,PERSONAL,60,11.1,722,6.9,85.04,11,1,0,0
APP-16748,40,83407.17,10,RENT,38000,HOMEIMPROVEMENT,36,10.8,722,6.35,29.77,14,1,0,0
APP-16749,38,178308.85,0,RENT,30000,DEBTCONSOLIDATION,36,16.16,627,7.12,35.77,8,0,0,0
APP-16750,67,103427.14,4,RENT,24000,DEBTCONSOLIDATION,36,15.27,616,14.14,15.04,11,1,0,0
APP-16751,38,,20,RENT,22000,VENTURE,60,9.46,748,27.46,40.09,11,0,0,0
APP-16752,22,51837.64,11,RENT,14000,DEBTCONSOLIDATION,36,14.81,610,13.9,48.42,12,0,0,1
APP-16753,30,39644.31,4,MORTGAGE,2000,MEDICAL,36,12.23,651,2.0,56.98,12,0,0,0
APP-16754,65,31178.61,7,RENT,30000,PERSONAL,36,13.43,678,5.2,23.74,8,0,0,0
APP-16755,67,70998.06,4,RENT,8000,HOMEIMPROVEMENT,60,13.85,692,47.21,75.98,11,0,3,0
APP-16756,32,81917.84,0,MORTGAGE,32000,EDUCATION,36,15.61,687,13.1,20.51,12,0,0,0
APP-16757,67,,17,OWN,23000,MEDICAL,36,9.08,729,43.59,86.17,10,0,0,0
APP-16758,33,56289.39,4,MORTGAGE,17000,VENTURE,36,9.8,783,11.71,18.93,11,1,0,0
APP-16759,67,157165.92,17,OWN,29000,PERSONAL,36,12.32,686,18.14,33.8,13,0,0,0
APP-16760,31,30356.85,9,MORTGAGE,40000,DEBTCONSOLIDATION,36,15.45,634,19.15,61.91,8,0,0,1
APP-16761,39,28686.02,2,MORTGAGE,26000,VENTURE,36,12.28,706,13.15,43.21,11,0,1,0
APP-16762,55,39743.01,16,MORTGAGE,15000,DEBTCONSOLIDATION,36,11.54,673,16.22,24.2,9,0,0,0
APP-16763,59,,6,MORTGAGE,22000,MEDICAL,36,13.11,663,14.6,59.85,6,0,0,0
APP-16764,46,34594.22,14,RENT,20000,VENTURE,36,11.66,733,28.57,62.19,3,0,0,0
APP-16765,66,117414.94,17,RENT,14000,VENTURE,36,14.95,618,8.36,47.13,8,0,0,0
APP-16766,34,41378.52,20,MORTGAGE,3000,DEBTCONSOLIDATION,36,11.22,657,12.66,10.77,10,0,0,0
APP-16767,65,37844.09,0,MORTGAGE,37000,DEBTCONSOLIDATION,36,12.68,678,13.53,28.24,9,0,0,0
APP-16768,64,101472.13,0,RENT,15000,HOMEIMPROVEMENT,36,12.02,739,12.22,73.57,12,0,1,0
APP-16769,44,66417.64,10,RENT,35000,EDUCATION,36,12.72,726,13.16,19.53,10,0,0,0
APP-16770,61,88641.07,4,MORTGAGE,19000,MEDICAL,36,12.11,748,20.27,49.13,10,0,1,0
APP-16771,21,,8,MORTGAGE,25000,VENTURE,36,14.13,648,25.25,44.66,13,0,0,0
APP-16772,63,68588.26,0,MORTGAGE,31000,HOMEIMPROVEMENT,60,8.23,792,12.17,32.08,9,2,0,0
APP-16773,42,29238.02,9,OWN,20000,DEBTCONSOLIDATION,36,14.05,670,13.33,35.63,7,0,0,0
APP-16774,43,55607.86,1,RENT,37000,MEDICAL,36,11.26,725,7.78,16.32,8,0,0,0
APP-16775,39,35453.31,17,RENT,22000,DEBTCONSOLIDATION,36,10.32,701,32.64,36.77,6,1,1,0
APP-16776,38,159085.29,15,RENT,20000,DEBTCONSOLIDATION,36,12.87,646,14.49,25.93,8,1,0,0
APP-16777,32,114280.44,0,MORTGAGE,27000,VENTURE,60,14.39,670,34.23,67.88,11,1,0,0
APP-16778,48,43175.92,17,RENT,36000,HOMEIMPROVEMENT,60,11.13,725,10.96,58.49,10,1,0,0
APP-16779,48,53972.08,5,RENT,5000,DEBTCONSOLIDATION,36,10.08,722,13.58,39.03,10,0,0,0
APP-16780,53,55259.22,6,RENT,22000,DEBTCONSOLIDATION,36,10.79,711,11.06,24.9,12,0,0,0
APP-16781,39,175778.21,2,RENT,4000,VENTURE,36,10.87,759,31.58,47.74,8,0,0,0
APP-16782,48,72998.86,17,RENT,6000,MEDICAL,36,7.25,766,11.0,34.26,11,0,0,0
APP-16783,69,48342.49,7,MORTGAGE,30000,DEBTCONSOLIDATION,60,13.08,678,8.02,48.62,9,0,0,0
APP-16784,57,64430.51,0,MORTGAGE,20000,VENTURE,36,15.19,642,11.5,49.53,12,5,0,0
APP-16785,46,27764.25,20,MORTGAGE,18000,PERSONAL,36,16.68,621,25.2,43.2,11,2,0,0
APP-16786,55,57708.71,4,RENT,35000,DEBTCONSOLIDATION,36,11.8,718,28.32,53.33,10,0,0,0
APP-16787,54,34875.96,19,MORTGAGE,21000,MEDICAL,36,6.89,774,9.6,51.25,6,0,0,0
APP-16788,55,23769.7,5,MORTGAGE,29000,PERSONAL,36,13.11,703,5.44,49.6,9,0,2,0
APP-16789,60,161665.89,17,MORTGAGE,10000,HOMEIMPROVEMENT,36,13.73,679,14.87,8.26,13,1,2,0
APP-16790,36,59071.48,13,RENT,4000,PERSONAL,36,12.75,751,24.09,28.43,12,0,0,0
APP-16791,58,40709.09,17,MORTGAGE,11000,HOMEIMPROVEMENT,60,16.87,639,15.6,39.77,11,1,0,0
APP-16792,33,25627.22,20,MORTGAGE,22000,PERSONAL,36,13.05,684,9.99,16.75,10,0,0,0
APP-16793,43,53607.38,18,RENT,5000,PERSONAL,60,13.63,626,21.49,25.5,12,0,0,0
APP-16794,42,55570.72,7,RENT,23000,MEDICAL,60,12.2,729,8.3,29.91,11,0,0,0
APP-16795,36,87774.46,16,RENT,8000,DEBTCONSOLIDATION,60,16.67,622,31.42,49.31,16,0,0,0
APP-16796,48,37163.52,14,RENT,13000,HOMEIMPROVEMENT,60,10.76,749,3.21,35.48,19,5,0,0
APP-16797,68,45849.56,0,RENT,12000,DEBTCONSOLIDATION,60,13.37,665,5.84,53.57,10,0,0,0
APP-16798,55,37710.89,19,RENT,23000,DEBTCONSOLIDATION,36,11.03,807,17.87,27.25,5,0,0,0
APP-16799,65,53689.62,8,RENT,30000,MEDICAL,36,16.27,556,36.41,36.42,11,0,0,1
APP-16800,66,22103.76,1,MORTGAGE,28000,PERSONAL,36,11.48,706,7.45,35.28,12,0,0,0
APP-16801,28,40050.63,7,OWN,21000,HOMEIMPROVEMENT,36,12.6,713,23.91,15.29,7,0,0,0
APP-16802,64,82031.46,11,RENT,15000,VENTURE,60,13.39,662,15.6,39.78,5,0,0,0
APP-16803,42,32444.22,11,RENT,8000,VENTURE,36,8.76,814,22.02,11.08,13,0,2,0
APP-16804,41,98691.39,11,MORTGAGE,16000,DEBTCONSOLIDATION,36,10.86,784,28.01,19.9,13,2,0,0
APP-16805,46,92658.95,4,MORTGAGE,29000,HOMEIMPROVEMENT,60,9.64,728,14.0,48.25,5,0,0,0
APP-16806,60,96617.17,12,MORTGAGE,11000,VENTURE,36,13.0,661,30.95,39.19,10,0,0,0
APP-16807,41,59738.89,18,MORTGAGE,4000,DEBTCONSOLIDATION,36,16.18,663,32.79,70.19,7,0,0,0
APP-16808,45,57113.73,7,MORTGAGE,13000,DEBTCONSOLIDATION,36,15.14,634,30.45,20.41,12,0,0,0
APP-16809,61,70249.23,12,MORTGAGE,14000,DEBTCONSOLIDATION,36,11.56,720,11.34,36.75,9,0,2,0
APP-16810,21,115859.49,3,OTHER,40000,DEBTCONSOLIDATION,36,15.81,586,13.02,69.07,10,0,0,0
APP-16811,26,110706.58,0,MORTGAGE,35000,VENTURE,36,13.77,695,17.28,52.31,7,0,3,0
APP-16812,43,26078.91,11,OTHER,2000,HOMEIMPROVEMENT,36,11.23,697,13.23,59.29,12,0,0,0
APP-16813,43,38671.09,0,MORTGAGE,39000,PERSONAL,60,16.5,625,12.16,14.86,7,0,0,1
APP-16814,63,35349.17,14,MORTGAGE,26000,DEBTCONSOLIDATION,60,11.02,718,13.84,43.12,10,0,0,0
APP-16815,63,86110.49,13,MORTGAGE,20000,DEBTCONSOLIDATION,36,12.33,666,23.33,18.43,12,0,0,0
APP-16816,43,42631.87,6,OWN,26000,PERSONAL,60,10.94,691,10.8,27.68,12,0,0,0
APP-16817,52,54084.59,7,OWN,7000,MEDICAL,36,12.86,684,17.75,26.52,8,0,0,0
APP-16818,50,140642.19,19,RENT,5000,VENTURE,36,13.94,658,15.05,15.2,6,0,0,0
APP-16819,33,104866.2,0,MORTGAGE,27000,MEDICAL,60,12.02,672,3.42,23.23,8,0,0,0
APP-16820,63,119145.35,11,OWN,27000,PERSONAL,60,10.56,722,44.12,22.74,8,0,0,0
APP-16821,38,41836.44,19,RENT,27000,DEBTCONSOLIDATION,60,7.37,756,10.49,50.83,16,0,0,0
APP-16822,43,18000.0,19,RENT,15000,DEBTCONSOLIDATION,36,10.45,738,29.29,31.63,11,0,0,0
APP-16823,35,49130.62,11,RENT,33000,MEDICAL,36,14.31,750,15.23,46.43,10,3,0,0
APP-16824,53,29144.62,6,MORTGAGE,29000,PERSONAL,36,12.76,600,15.44,60.19,8,0,0,0
APP-16825,41,22651.36,0,MORTGAGE,3000,MEDICAL,36,15.1,639,13.92,28.66,9,0,0,0
APP-16826,59,105275.54,2,RENT,22000,HOMEIMPROVEMENT,36,15.58,628,8.4,51.89,12,0,1,0
APP-16827,43,38333.35,13,MORTGAGE,15000,VENTURE,36,14.57,622,15.21,31.18,8,0,0,0
APP-16828,47,40003.36,0,OWN,38000,DEBTCONSOLIDATION,36,13.87,665,17.73,62.49,12,0,1,0
APP-16829,65,49867.17,18,RENT,3000,HOMEIMPROVEMENT,60,14.28,617,27.66,47.34,13,0,0,0
APP-16830,64,136386.39,11,RENT,6000,HOMEIMPROVEMENT,36,12.44,670,21.71,54.24,12,0,0,0
APP-16831,38,55226.21,0,MORTGAGE,39000,PERSONAL,36,15.06,651,23.78,15.5,10,2,0,0
APP-16832,44,96355.02,3,OWN,3000,VENTURE,60,6.27,768,45.37,49.51,15,0,0,0
APP-16833,67,51140.25,11,RENT,2000,EDUCATION,60,12.43,680,14.5,33.2,9,0,0,0
APP-16834,60,27167.29,0,MORTGAGE,23000,DEBTCONSOLIDATION,60,9.58,792,36.39,33.67,16,0,0,0
APP-16835,62,33027.04,15,MORTGAGE,26000,PERSONAL,36,9.08,782,12.26,94.36,12,0,3,0
APP-16836,27,59760.89,19,RENT,31000,VENTURE,36,14.96,677,20.13,7.29,6,1,0,0
APP-16837,68,63184.72,20,MORTGAGE,10000,HOMEIMPROVEMENT,60,13.17,683,15.3,34.49,14,0,0,0
APP-16838,40,78539.34,14,MORTGAGE,38000,PERSONAL,36,11.4,736,16.68,20.19,3,3,0,0
APP-16839,47,78555.64,17,MORTGAGE,11000,VENTURE,36,16.46,602,8.42,48.01,16,0,1,0
APP-16840,26,93908.99,12,RENT,16000,HOMEIMPROVEMENT,36,9.63,738,13.47,46.18,15,0,0,0
APP-16841,47,40758.68,8,MORTGAGE,4000,PERSONAL,36,10.21,781,19.65,57.34,11,0,0,0
APP-16842,29,149284.53,14,RENT,9000,DEBTCONSOLIDATION,36,17.11,641,21.84,28.63,6,0,0,1
APP-16843,65,156275.97,3,RENT,26000,DEBTCONSOLIDATION,60,9.67,696,18.51,31.74,12,0,0,0
APP-16844,51,46153.69,0,RENT,37000,EDUCATION,60,12.52,656,10.86,19.31,11,0,0,0
APP-16845,41,40257.05,15,RENT,22000,MEDICAL,36,11.18,750,15.6,30.88,11,2,0,0
APP-16846,46,24528.6,20,MORTGAGE,35000,HOMEIMPROVEMENT,36,8.72,791,19.55,41.09,12,0,0,0
APP-16847,60,65214.99,11,RENT,28000,MEDICAL,60,15.5,610,4.0,21.38,16,0,0,0
APP-16848,68,75073.17,9,MORTGAGE,10000,DEBTCONSOLIDATION,36,12.89,695,41.73,59.91,9,0,0,0
APP-16849,65,44816.72,10,MORTGAGE,11000,DEBTCONSOLIDATION,36,10.13,711,18.04,39.58,8,0,0,0
APP-16850,33,,9,MORTGAGE,28000,MEDICAL,36,10.08,732,25.1,65.72,9,0,0,0
APP-16851,69,29914.34,8,RENT,26000,PERSONAL,36,14.62,650,12.12,23.85,5,0,0,0
APP-16852,43,97133.04,19,MORTGAGE,14000,PERSONAL,36,13.05,658,4.73,56.18,12,5,0,0
APP-16853,40,45913.34,9,MORTGAGE,5000,MEDICAL,36,7.36,781,27.04,31.38,7,1,0,0
APP-16854,57,69173.96,0,RENT,17000,PERSONAL,36,15.37,596,15.49,15.11,5,0,2,0
APP-16855,48,66508.07,15,RENT,13000,PERSONAL,60,12.84,697,26.04,8.78,16,2,0,0
APP-16856,37,22466.47,7,MORTGAGE,26000,DEBTCONSOLIDATION,60,16.41,658,43.45,80.12,12,0,1,1
APP-16857,48,90854.65,14,MORTGAGE,17000,EDUCATION,60,12.98,669,18.82,33.2,13,1,0,0
APP-16858,61,40448.24,11,MORTGAGE,40000,EDUCATION,36,9.27,793,13.73,55.13,13,0,0,0
APP-16859,22,66254.08,14,RENT,3000,DEBTCONSOLIDATION,36,11.04,691,10.21,76.12,11,2,0,0
APP-16860,45,29586.1,0,MORTGAGE,10000,MEDICAL,60,6.48,778,20.24,23.9,4,0,0,0
APP-16861,61,47113.34,0,RENT,14000,HOMEIMPROVEMENT,36,8.05,774,11.69,28.85,11,0,0,0
APP-16862,26,71798.9,6,RENT,15000,DEBTCONSOLIDATION,60,10.15,756,12.36,36.85,16,0,0,0
APP-16863,31,34903.72,14,OWN,13000,DEBTCONSOLIDATION,36,16.88,603,3.48,21.25,14,0,0,1
APP-16864,58,35872.88,3,RENT,36000,DEBTCONSOLIDATION,36,11.74,689,22.47,64.76,10,0,3,1
APP-16865,26,63737.86,8,RENT,23000,DEBTCONSOLIDATION,36,10.11,760,23.32,15.96,5,0,0,0
APP-16866,65,55063.52,20,OWN,22000,HOMEIMPROVEMENT,36,10.72,763,3.24,47.3,9,2,0,0
APP-16867,31,71300.05,3,RENT,4000,PERSONAL,60,9.07,699,17.24,42.15,6,2,0,0
APP-16868,34,49816.24,17,MORTGAGE,23000,EDUCATION,36,13.41,705,38.54,16.75,10,0,0,0
APP-16869,22,82516.15,17,MORTGAGE,10000,DEBTCONSOLIDATION,36,13.57,632,22.74,21.38,10,0,0,0
APP-16870,60,45094.8,18,RENT,4000,HOMEIMPROVEMENT,60,19.18,538,27.88,22.58,9,0,0,0
APP-16871,23,80703.1,19,MORTGAGE,32000,DEBTCONSOLIDATION,36,15.35,643,23.23,31.11,11,0,0,0
APP-16872,55,38048.2,9,MORTGAGE,38000,DEBTCONSOLIDATION,36,10.81,794,4.06,46.48,11,0,0,0
APP-16873,53,44112.77,13,MORTGAGE,7000,MEDICAL,60,15.78,617,32.96,31.94,11,0,0,0
APP-16874,44,86278.48,12,RENT,15000,PERSONAL,60,12.76,707,9.96,5.26,6,0,0,0
APP-16875,39,46295.95,5,OWN,20000,MEDICAL,36,13.03,735,8.58,56.69,5,0,0,0
APP-16876,38,33335.72,4,MORTGAGE,19000,MEDICAL,36,12.75,651,5.85,48.85,15,1,0,0
APP-16877,69,142209.69,6,MORTGAGE,8000,VENTURE,36,13.99,664,19.02,29.71,5,0,0,0
APP-16878,44,58831.54,3,OWN,37000,DEBTCONSOLIDATION,60,13.54,668,7.05,33.18,11,0,0,0
APP-16879,65,75790.33,15,RENT,30000,EDUCATION,36,14.97,688,9.93,16.0,16,0,0,0
APP-16880,55,19321.23,20,MORTGAGE,4000,DEBTCONSOLIDATION,60,10.79,722,20.79,27.26,6,0,0,0
APP-16881,21,116530.03,17,MORTGAGE,14000,MEDICAL,36,12.96,724,14.41,30.25,9,0,0,0
APP-16882,56,224833.51,3,RENT,37000,HOMEIMPROVEMENT,60,14.97,629,12.31,14.15,11,0,0,0
APP-16883,45,111423.24,0,MORTGAGE,26000,DEBTCONSOLIDATION,36,8.82,772,6.55,27.51,12,0,0,0
APP-16884,65,119653.02,15,RENT,29000,HOMEIMPROVEMENT,36,14.7,685,25.83,24.16,4,0,1,0
APP-16885,69,,7,MORTGAGE,39000,PERSONAL,36,17.37,549,15.19,50.57,10,0,0,0
APP-16886,63,67908.16,17,MORTGAGE,12000,VENTURE,60,14.15,620,24.42,32.12,13,0,0,0
APP-16887,54,76422.97,15,RENT,10000,PERSONAL,36,12.23,669,39.61,42.18,11,1,0,0
APP-16888,45,42243.04,12,RENT,23000,DEBTCONSOLIDATION,60,15.8,646,5.49,29.54,9,0,0,0
APP-16889,36,56273.01,4,MORTGAGE,22000,DEBTCONSOLIDATION,36,15.73,621,27.03,39.31,3,0,0,1
APP-16890,54,36297.47,0,MORTGAGE,20000,DEBTCONSOLIDATION,36,11.7,682,12.97,21.46,10,0,0,0
APP-16891,49,49131.07,4,MORTGAGE,34000,PERSONAL,60,10.18,769,26.62,31.26,16,0,1,0
APP-16892,39,91166.77,9,MORTGAGE,5000,DEBTCONSOLIDATION,36,11.63,724,10.24,67.56,13,0,0,0
APP-16893,43,24763.32,20,RENT,34000,HOMEIMPROVEMENT,60,15.97,633,15.38,41.17,12,0,0,0
APP-16894,39,96427.99,0,MORTGAGE,17000,DEBTCONSOLIDATION,60,10.78,796,41.0,48.48,11,0,0,0
APP-16895,45,27209.45,2,RENT,2000,PERSONAL,36,9.82,740,12.79,19.34,12,0,0,0
APP-16896,36,61465.3,12,RENT,16000,PERSONAL,60,13.36,627,17.47,52.37,10,0,0,0
APP-16897,29,64325.9,5,RENT,23000,MEDICAL,60,16.49,632,5.29,9.22,14,4,0,0
APP-16898,21,79730.55,17,OWN,33000,MEDICAL,36,13.13,683,10.58,68.66,6,0,0,0
APP-16899,62,54706.07,1,MORTGAGE,38000,EDUCATION,36,12.49,718,13.18,15.62,3,0,0,0
APP-16900,39,35512.95,20,RENT,24000,DEBTCONSOLIDATION,36,9.92,755,2.85,45.63,9,0,0,0
APP-16901,53,65660.63,19,MORTGAGE,34000,DEBTCONSOLIDATION,36,15.51,600,11.32,20.09,14,0,0,0
APP-16902,54,177416.05,18,MORTGAGE,23000,PERSONAL,60,11.12,688,43.75,17.81,11,0,0,0
APP-16903,36,59444.32,2,MORTGAGE,13000,MEDICAL,36,13.75,704,11.05,57.43,13,0,0,0
APP-16904,64,38534.6,5,MORTGAGE,19000,HOMEIMPROVEMENT,36,12.33,706,10.68,84.85,11,2,0,0
APP-16905,60,47402.41,16,RENT,33000,DEBTCONSOLIDATION,36,15.03,659,23.78,3.18,11,0,0,0
APP-16906,38,64545.07,16,OWN,4000,VENTURE,60,12.92,708,21.07,45.07,9,0,0,0
APP-16907,54,52349.07,14,OWN,37000,HOMEIMPROVEMENT,36,10.67,730,7.81,76.12,12,0,0,0
APP-16908,45,48835.33,8,RENT,2000,HOMEIMPROVEMENT,60,17.51,591,8.63,29.71,13,0,0,0
APP-16909,65,116275.31,5,MORTGAGE,26000,PERSONAL,60,13.49,688,8.03,29.47,10,0,0,0
APP-16910,26,77547.11,20,RENT,21000,PERSONAL,36,18.18,562,25.85,25.77,7,0,0,0
APP-16911,41,56429.1,1,MORTGAGE,18000,PERSONAL,36,13.72,601,17.09,21.02,12,0,0,0
APP-16912,26,56645.66,0,MORTGAGE,23000,PERSONAL,36,12.73,604,13.17,31.67,16,0,0,0
APP-16913,52,65289.69,0,RENT,34000,DEBTCONSOLIDATION,36,12.51,628,20.23,9.24,6,0,1,0
APP-16914,61,79233.71,15,OTHER,27000,DEBTCONSOLIDATION,60,14.71,715,11.16,19.51,5,0,1,0
APP-16915,68,113681.67,0,RENT,28000,DEBTCONSOLIDATION,36,13.11,659,17.7,44.24,14,0,0,0
APP-16916,63,48729.69,10,MORTGAGE,35000,MEDICAL,36,9.3,742,25.92,44.78,14,0,0,0
APP-16917,59,36416.94,6,MORTGAGE,24000,PERSONAL,36,14.72,698,15.03,84.4,10,0,0,0
APP-16918,51,45340.06,1,RENT,17000,MEDICAL,60,13.04,702,17.86,44.23,7,1,0,0
APP-16919,62,38646.21,15,RENT,15000,VENTURE,36,9.26,751,3.55,41.39,10,5,0,0
APP-16920,30,27917.14,0,RENT,15000,MEDICAL,36,12.64,620,17.36,56.65,10,0,0,0
APP-16921,50,121212.41,5,MORTGAGE,27000,DEBTCONSOLIDATION,60,12.54,700,21.44,41.63,9,1,0,0
APP-16922,38,91793.16,11,MORTGAGE,28000,DEBTCONSOLIDATION,36,11.74,694,22.53,27.36,8,0,0,0
APP-16923,44,19115.25,7,RENT,5000,DEBTCONSOLIDATION,60,14.06,681,16.61,15.89,9,0,0,0
APP-16924,29,66767.61,4,RENT,10000,HOMEIMPROVEMENT,36,11.85,765,15.7,22.48,12,0,0,0
APP-16925,51,49594.37,19,RENT,28000,PERSONAL,36,13.04,718,13.77,54.78,10,0,0,0
APP-16926,35,46725.52,19,MORTGAGE,40000,DEBTCONSOLIDATION,60,13.39,653,54.56,32.37,8,0,0,0
APP-16927,24,18000.0,7,MORTGAGE,16000,HOMEIMPROVEMENT,36,14.3,643,8.48,52.12,11,2,2,0
APP-16928,60,59123.18,7,RENT,26000,PERSONAL,36,14.58,681,22.0,43.8,6,1,0,0
APP-16929,29,62222.09,5,RENT,19000,HOMEIMPROVEMENT,36,9.62,753,3.91,27.69,12,0,0,0
APP-16930,65,33241.43,17,MORTGAGE,31000,MEDICAL,36,11.2,726,15.84,41.79,10,0,0,0
APP-16931,29,134776.49,11,RENT,38000,MEDICAL,36,15.22,707,32.52,57.67,12,0,0,1
APP-16932,46,88936.2,0,RENT,17000,DEBTCONSOLIDATION,36,12.93,646,11.51,14.94,9,0,0,0
APP-16933,24,35130.74,17,RENT,13000,DEBTCONSOLIDATION,36,14.71,665,15.21,67.43,14,0,0,0
APP-16934,37,99860.07,10,MORTGAGE,18000,PERSONAL,36,17.73,554,4.65,40.3,14,0,0,0
APP-16935,36,47440.09,7,RENT,26000,DEBTCONSOLIDATION,36,10.83,738,46.05,46.12,10,0,0,0
APP-16936,35,101473.62,5,RENT,16000,DEBTCONSOLIDATION,60,11.59,721,43.24,5.35,7,1,0,0
APP-16937,55,29101.68,0,MORTGAGE,26000,EDUCATION,36,5.0,848,17.75,66.31,11,0,0,0
APP-16938,25,65188.01,20,MORTGAGE,22000,EDUCATION,36,13.2,704,29.49,7.17,11,0,0,0
APP-16939,25,32593.4,15,MORTGAGE,20000,DEBTCONSOLIDATION,36,9.12,757,23.68,74.0,9,0,0,0
APP-16940,40,39391.83,1,RENT,25000,VENTURE,36,11.93,716,20.09,68.32,9,0,0,0
APP-16941,35,22792.06,9,OWN,8000,DEBTCONSOLIDATION,36,11.88,690,45.59,42.55,7,0,0,0
APP-16942,38,32298.37,10,RENT,13000,PERSONAL,36,11.29,717,6.37,69.34,3,0,0,0
APP-16943,67,32204.19,2,RENT,40000,HOMEIMPROVEMENT,36,10.71,719,19.25,15.91,12,0,0,0
APP-16944,22,30252.21,7,OWN,12000,PERSONAL,36,12.33,690,14.4,7.97,8,0,0,0
APP-16945,49,65795.54,12,MORTGAGE,34000,VENTURE,60,9.57,723,2.28,20.47,5,0,0,0
APP-16946,33,24758.03,4,MORTGAGE,26000,EDUCATION,36,12.77,778,11.52,40.49,8,0,0,0
APP-16947,24,69522.46,5,RENT,40000,DEBTCONSOLIDATION,36,12.06,699,8.88,25.91,10,0,0,0
APP-16948,62,99006.97,1,RENT,35000,MEDICAL,36,12.89,758,26.0,5.92,13,0,0,0
APP-16949,65,38386.93,7,RENT,12000,PERSONAL,60,9.59,762,15.82,46.92,5,0,1,0
APP-16950,30,57384.31,11,RENT,17000,PERSONAL,60,11.58,713,19.04,45.06,16,0,0,0
APP-16951,51,50623.85,0,RENT,33000,DEBTCONSOLIDATION,36,9.31,745,18.02,14.35,12,0,0,0
APP-16952,61,48739.39,12,RENT,16000,VENTURE,36,18.19,575,7.66,27.34,12,0,0,1
APP-16953,28,18000.0,7,RENT,16000,VENTURE,36,12.28,664,26.45,49.78,8,0,0,1
APP-16954,23,34084.41,13,MORTGAGE,8000,MEDICAL,36,11.4,686,15.54,14.24,16,1,0,0
APP-16955,68,124332.3,5,OWN,38000,DEBTCONSOLIDATION,60,12.53,698,12.31,16.45,5,0,0,0
APP-16956,66,70398.12,11,MORTGAGE,3000,DEBTCONSOLIDATION,36,11.07,737,16.3,46.72,14,0,1,0
APP-16957,29,53067.1,12,MORTGAGE,7000,DEBTCONSOLIDATION,36,13.14,649,10.38,18.07,11,0,1,0
APP-16958,50,21799.29,13,RENT,37000,PERSONAL,36,16.29,608,29.88,44.48,11,0,0,1
APP-16959,31,80546.04,15,RENT,40000,DEBTCONSOLIDATION,36,9.57,689,32.58,39.83,13,5,0,1
APP-16960,55,37955.64,1,RENT,39000,DEBTCONSOLIDATION,36,14.37,619,7.51,24.87,8,0,0,1
APP-16961,57,32249.76,20,RENT,29000,DEBTCONSOLIDATION,60,11.87,656,46.68,8.17,4,0,0,0
APP-16962,62,33907.39,17,MORTGAGE,23000,DEBTCONSOLIDATION,36,15.26,612,39.1,77.38,12,1,0,1
APP-16963,33,77290.3,11,OWN,38000,PERSONAL,60,11.7,777,5.93,48.24,11,3,0,0
APP-16964,56,57787.0,18,MORTGAGE,6000,PERSONAL,60,9.32,700,12.44,32.53,11,0,0,0
APP-16965,33,92253.79,6,RENT,19000,VENTURE,60,14.48,659,7.9,48.48,9,0,0,0
APP-16966,32,105120.29,0,MORTGAGE,12000,VENTURE,36,13.94,639,11.77,56.73,7,1,1,1
APP-16967,57,41368.13,14,RENT,9000,HOMEIMPROVEMENT,36,12.87,659,2.4,61.85,11,0,0,0
APP-16968,30,58609.52,19,RENT,21000,VENTURE,36,10.71,780,8.46,83.84,12,0,0,0
APP-16969,29,51456.49,1,MORTGAGE,12000,DEBTCONSOLIDATION,36,12.96,600,8.34,8.18,15,0,0,0
APP-16970,27,30306.0,12,MORTGAGE,28000,PERSONAL,60,11.93,673,5.4,45.69,13,0,0,0
APP-16971,22,32566.53,16,MORTGAGE,30000,DEBTCONSOLIDATION,36,10.59,701,19.37,35.05,9,0,0,1
APP-16972,43,55155.63,18,RENT,26000,DEBTCONSOLIDATION,36,12.36,628,20.19,52.13,8,0,0,0
APP-16973,59,58189.91,4,RENT,20000,HOMEIMPROVEMENT,36,15.36,634,7.15,51.8,7,0,0,0
APP-16974,60,58253.44,1,RENT,3000,VENTURE,36,14.95,627,7.5,46.13,9,0,0,0
APP-16975,59,58299.13,3,RENT,40000,DEBTCONSOLIDATION,36,13.26,695,20.29,87.01,10,0,0,1
APP-16976,41,39815.15,11,OWN,3000,DEBTCONSOLIDATION,36,12.45,723,23.35,40.26,5,0,0,0
APP-16977,43,172943.29,19,OWN,8000,HOMEIMPROVEMENT,60,12.17,748,15.53,16.46,13,0,0,0
APP-16978,49,67231.8,11,OWN,32000,DEBTCONSOLIDATION,60,14.11,667,10.24,64.68,7,0,2,1
APP-16979,34,44901.95,19,RENT,34000,VENTURE,36,11.04,719,34.05,85.03,16,0,0,0
APP-16980,46,73215.19,15,RENT,12000,VENTURE,36,11.24,751,15.19,33.19,14,0,0,0
APP-16981,25,39119.95,11,OTHER,14000,PERSONAL,36,11.57,711,11.7,13.83,4,0,0,0
APP-16982,51,60679.92,0,OTHER,11000,MEDICAL,36,14.06,694,4.83,52.52,6,0,0,0
APP-16983,45,73155.89,5,RENT,39000,DEBTCONSOLIDATION,36,15.61,652,21.97,46.92,8,0,0,0
APP-16984,51,78863.07,0,MORTGAGE,21000,DEBTCONSOLIDATION,36,13.18,642,24.84,64.72,9,0,0,0
APP-16985,40,31931.3,5,RENT,22000,VENTURE,36,7.37,774,25.63,57.29,5,1,0,0
APP-16986,64,272269.18,0,OWN,15000,EDUCATION,60,12.17,673,19.18,58.03,9,0,0,0
APP-16987,37,108109.62,2,RENT,25000,EDUCATION,36,15.01,684,10.92,51.42,8,1,0,0
APP-16988,65,165421.57,7,OWN,8000,DEBTCONSOLIDATION,60,10.51,842,36.95,56.4,15,0,0,0
APP-16989,22,52677.41,9,RENT,6000,HOMEIMPROVEMENT,60,10.8,673,15.42,36.09,11,1,0,0
APP-16990,45,67737.56,3,MORTGAGE,7000,DEBTCONSOLIDATION,36,15.08,668,4.29,78.95,7,2,0,0
APP-16991,33,60975.64,14,RENT,36000,HOMEIMPROVEMENT,36,11.16,702,17.54,35.03,12,0,0,0
APP-16992,59,45545.65,11,RENT,10000,VENTURE,36,15.27,597,10.39,43.69,10,0,0,0
APP-16993,48,87448.42,13,RENT,2000,MEDICAL,36,15.78,658,5.46,6.56,9,0,1,0
APP-16994,62,38490.79,14,MORTGAGE,40000,PERSONAL,60,14.76,650,14.61,20.6,13,0,0,0
APP-16995,26,84891.18,14,RENT,21000,MEDICAL,36,15.98,644,20.31,56.85,12,1,0,0
APP-16996,23,46674.55,19,MORTGAGE,7000,MEDICAL,36,9.28,770,6.18,39.42,8,2,0,0
APP-16997,55,73094.9,3,RENT,33000,PERSONAL,60,16.2,641,7.52,63.95,10,0,0,0
APP-16998,38,124345.1,4,RENT,14000,PERSONAL,60,13.87,648,34.68,25.9,8,5,0,1
APP-16999,31,56021.63,0,MORTGAGE,40000,PERSONAL,36,13.06,683,36.59,59.17,13,0,0,0
APP-17000,40,88442.85,11,RENT,22000,PERSONAL,36,15.3,643,8.4,74.46,14,0,0,0
APP-17001,25,46422.89,7,OTHER,38000,VENTURE,36,12.89,671,19.0,42.51,7,1,0,0
APP-17002,39,33167.74,9,MORTGAGE,13000,DEBTCONSOLIDATION,60,16.66,666,13.17,68.29,5,3,0,0
APP-17003,42,137429.26,2,MORTGAGE,7000,PERSONAL,60,12.12,671,11.22,21.53,8,0,0,0
APP-17004,39,87016.63,13,RENT,16000,PERSONAL,36,16.81,608,10.41,29.53,9,0,0,1
APP-17005,67,55982.24,12,RENT,22000,DEBTCONSOLIDATION,60,10.6,731,36.11,15.24,10,0,0,0
APP-17006,36,84813.02,4,OWN,22000,PERSONAL,36,13.27,710,12.95,77.79,11,0,0,0
APP-17007,44,36019.02,8,RENT,29000,PERSONAL,36,13.76,670,3.93,73.32,11,1,0,1
APP-17008,61,74691.37,18,MORTGAGE,37000,HOMEIMPROVEMENT,36,13.55,702,11.05,87.09,9,1,0,1
APP-17009,24,66736.18,15,RENT,18000,DEBTCONSOLIDATION,36,12.39,662,8.86,53.31,11,0,0,0
APP-17010,35,82890.2,3,RENT,8000,MEDICAL,60,13.06,684,8.91,41.16,4,0,0,0
APP-17011,45,136061.93,18,MORTGAGE,24000,PERSONAL,36,16.43,576,23.28,22.06,9,0,0,0
APP-17012,64,123515.63,0,OWN,23000,HOMEIMPROVEMENT,60,10.69,718,16.89,57.78,9,3,0,0
APP-17013,55,29899.0,7,RENT,11000,DEBTCONSOLIDATION,60,14.5,626,9.12,22.51,6,0,0,0
APP-17014,34,22078.88,0,RENT,19000,HOMEIMPROVEMENT,60,12.7,679,14.25,64.61,6,2,1,0
APP-17015,69,67700.91,19,MORTGAGE,3000,PERSONAL,36,12.24,708,11.3,19.18,11,0,0,0
APP-17016,39,65164.43,0,RENT,13000,DEBTCONSOLIDATION,60,8.32,797,4.11,22.22,14,0,0,0
APP-17017,58,33925.44,1,RENT,40000,DEBTCONSOLIDATION,36,9.33,742,7.88,7.21,14,2,1,0
APP-17018,56,37034.86,19,RENT,23000,DEBTCONSOLIDATION,36,18.57,565,34.16,45.84,7,0,0,1
APP-17019,27,40734.2,11,MORTGAGE,23000,PERSONAL,60,14.03,650,4.2,39.01,10,0,0,0
APP-17020,50,116717.8,16,MORTGAGE,23000,DEBTCONSOLIDATION,36,12.74,674,10.89,21.07,11,0,0,0
APP-17021,39,47275.71,0,OWN,7000,DEBTCONSOLIDATION,36,13.33,668,17.91,37.39,15,0,0,0
APP-17022,69,28227.73,7,RENT,38000,EDUCATION,60,16.6,587,22.38,45.31,6,0,0,0
APP-17023,45,57975.99,20,RENT,21000,DEBTCONSOLIDATION,60,8.67,739,10.41,24.89,11,0,0,0
APP-17024,36,59792.52,11,RENT,7000,HOMEIMPROVEMENT,60,7.7,711,9.12,34.47,11,0,0,0
APP-17025,67,35737.04,17,RENT,10000,DEBTCONSOLIDATION,60,16.66,650,16.79,27.07,11,0,0,0
APP-17026,60,80434.17,20,RENT,30000,VENTURE,36,13.81,655,3.3,30.77,8,1,0,0
APP-17027,28,105727.42,13,MORTGAGE,38000,HOMEIMPROVEMENT,36,12.87,692,14.33,46.33,10,1,1,0
APP-17028,38,50126.87,5,RENT,6000,DEBTCONSOLIDATION,60,12.31,740,39.01,47.87,11,0,0,0
APP-17029,48,28227.3,5,MORTGAGE,14000,HOMEIMPROVEMENT,36,10.53,714,17.29,23.18,10,0,0,0
APP-17030,36,52215.12,0,OWN,28000,VENTURE,36,12.53,651,3.66,31.83,12,0,0,0
APP-17031,39,69622.05,7,MORTGAGE,24000,DEBTCONSOLIDATION,36,13.88,674,10.96,31.42,9,0,0,0
APP-17032,62,20354.26,19,RENT,38000,PERSONAL,60,12.12,722,12.59,23.08,9,1,1,0
APP-17033,37,76172.71,9,RENT,35000,VENTURE,60,11.76,707,12.2,42.46,12,0,0,0
APP-17034,65,49637.47,18,RENT,26000,DEBTCONSOLIDATION,36,15.4,621,2.67,17.22,8,0,0,0
APP-17035,33,61197.32,16,MORTGAGE,38000,PERSONAL,36,15.57,636,10.65,36.09,8,0,0,0
APP-17036,27,51802.23,20,OTHER,24000,VENTURE,60,7.38,749,16.34,17.58,12,3,0,0
APP-17037,47,41080.14,19,MORTGAGE,29000,EDUCATION,36,10.1,746,44.9,19.27,13,0,0,0
APP-17038,30,56641.89,14,MORTGAGE,27000,HOMEIMPROVEMENT,60,11.49,721,32.72,37.82,11,0,0,1
APP-17039,54,46422.52,18,RENT,13000,DEBTCONSOLIDATION,36,7.71,732,23.67,14.93,10,0,0,0
APP-17040,56,50071.61,15,OWN,40000,HOMEIMPROVEMENT,36,15.29,603,4.85,18.11,10,0,0,0
APP-17041,45,38553.07,14,MORTGAGE,4000,DEBTCONSOLIDATION,60,16.32,578,10.46,65.06,8,0,0,1
APP-17042,26,78306.63,14,MORTGAGE,10000,PERSONAL,36,11.63,652,22.73,21.27,8,0,0,1
APP-17043,44,111123.7,14,RENT,16000,HOMEIMPROVEMENT,36,14.25,739,7.74,33.04,11,1,0,0
APP-17044,38,38690.96,6,RENT,9000,DEBTCONSOLIDATION,36,13.14,676,20.19,22.06,8,0,0,0
APP-17045,43,56477.21,7,RENT,29000,HOMEIMPROVEMENT,60,16.5,671,12.91,47.42,5,0,0,0
APP-17046,26,34627.49,4,OWN,27000,PERSONAL,36,5.0,850,16.65,31.2,11,0,0,0
APP-17047,49,72694.2,1,OWN,17000,DEBTCONSOLIDATION,60,10.66,702,43.01,84.95,11,0,0,0
APP-17048,45,66978.14,8,RENT,35000,PERSONAL,36,10.73,678,12.85,61.5,10,0,0,0
APP-17049,37,44824.88,18,MORTGAGE,21000,PERSONAL,60,14.59,663,3.37,10.64,11,0,0,0
APP-17050,66,57447.43,13,RENT,2000,PERSONAL,60,12.27,725,23.78,40.34,10,0,1,0
APP-17051,44,92285.08,0,RENT,25000,DEBTCONSOLIDATION,60,12.73,714,11.56,30.53,12,2,0,0
APP-17052,31,26804.21,16,RENT,30000,VENTURE,36,10.79,693,9.87,60.76,15,0,0,1
APP-17053,46,31385.09,19,RENT,5000,DEBTCONSOLIDATION,60,17.49,624,40.8,48.53,11,0,0,1
APP-17054,54,80090.88,17,RENT,5000,VENTURE,36,14.25,717,17.56,51.47,11,0,3,0
APP-17055,48,61527.46,14,RENT,39000,DEBTCONSOLIDATION,36,16.41,646,21.65,66.77,13,1,0,0
APP-17056,23,57809.98,1,MORTGAGE,4000,DEBTCONSOLIDATION,60,13.17,636,20.7,75.16,7,0,0,0
APP-17057,31,95941.41,6,RENT,3000,PERSONAL,36,15.35,682,25.01,34.75,10,0,0,0
APP-17058,58,85154.03,11,MORTGAGE,30000,PERSONAL,36,13.06,716,14.99,23.27,11,0,0,0
APP-17059,34,141146.27,0,MORTGAGE,29000,PERSONAL,60,11.61,715,18.99,22.77,11,1,0,0
APP-17060,46,93663.92,0,MORTGAGE,13000,HOMEIMPROVEMENT,36,5.45,850,6.08,61.03,10,1,0,0
APP-17061,68,77875.19,19,OWN,16000,PERSONAL,60,11.66,716,7.42,27.65,9,1,0,0
APP-17062,41,58280.31,14,RENT,32000,PERSONAL,60,15.49,665,6.78,44.22,6,0,1,0
APP-17063,59,55710.19,4,RENT,38000,VENTURE,60,15.16,650,3.96,46.18,14,0,0,0
APP-17064,50,59777.22,5,RENT,33000,DEBTCONSOLIDATION,36,12.42,673,19.75,50.35,12,0,0,0
APP-17065,28,66935.85,7,RENT,23000,MEDICAL,36,13.62,668,7.81,25.67,7,0,0,0
APP-17066,40,32749.22,0,RENT,4000,VENTURE,36,7.5,786,37.95,20.99,15,2,0,0
APP-17067,68,68309.02,15,MORTGAGE,18000,DEBTCONSOLIDATION,60,14.87,633,12.34,13.08,8,0,0,0
APP-17068,52,53015.35,2,MORTGAGE,30000,HOMEIMPROVEMENT,36,11.06,665,11.04,46.0,13,0,0,0
APP-17069,42,71576.74,16,MORTGAGE,13000,DEBTCONSOLIDATION,36,8.28,791,5.96,28.61,7,0,0,0
APP-17070,27,44853.74,17,RENT,15000,MEDICAL,36,12.92,744,21.26,22.0,6,0,1,0
APP-17071,29,43057.32,12,RENT,9000,PERSONAL,60,16.96,653,21.66,22.12,12,0,0,0
APP-17072,65,67195.2,15,RENT,3000,DEBTCONSOLIDATION,36,8.24,800,35.46,18.58,5,0,0,0
APP-17073,21,76011.14,2,MORTGAGE,35000,HOMEIMPROVEMENT,36,17.78,576,24.5,39.59,10,2,2,1
APP-17074,49,44268.69,11,RENT,25000,HOMEIMPROVEMENT,60,18.43,676,19.83,43.7,12,2,0,0
APP-17075,28,115798.12,13,OWN,21000,HOMEIMPROVEMENT,36,16.33,682,9.27,18.17,13,0,0,0
APP-17076,24,115401.74,13,MORTGAGE,11000,DEBTCONSOLIDATION,36,11.09,720,32.86,59.07,12,3,0,0
APP-17077,55,27141.98,0,RENT,8000,HOMEIMPROVEMENT,36,12.73,641,16.65,59.61,11,0,0,0
APP-17078,23,40598.51,6,RENT,2000,MEDICAL,36,14.18,651,5.43,72.86,10,1,0,0
APP-17079,65,63456.11,5,RENT,11000,EDUCATION,60,16.99,667,6.27,64.74,10,0,0,0
APP-17080,60,72069.46,11,MORTGAGE,6000,HOMEIMPROVEMENT,36,11.94,669,19.55,25.32,7,0,1,1
APP-17081,27,173888.57,15,OWN,22000,VENTURE,36,5.0,822,15.22,60.11,11,0,0,0
APP-17082,47,64244.23,11,RENT,10000,EDUCATION,36,10.42,782,10.17,9.62,9,0,0,0
APP-17083,21,56488.72,15,MORTGAGE,30000,DEBTCONSOLIDATION,36,15.65,619,6.68,53.36,9,0,0,0
APP-17084,47,33893.63,0,RENT,32000,PERSONAL,36,13.39,682,22.68,39.01,8,0,0,1
APP-17085,36,27100.39,18,RENT,28000,DEBTCONSOLIDATION,60,17.01,571,22.38,19.22,7,0,0,0
APP-17086,58,56003.19,10,MORTGAGE,7000,PERSONAL,36,13.78,656,15.78,28.36,10,3,0,0
APP-17087,27,167492.29,0,OTHER,32000,MEDICAL,60,11.51,674,15.21,19.3,6,0,0,0
APP-17088,64,53858.51,12,RENT,37000,EDUCATION,60,15.2,641,13.45,48.93,10,0,0,0
APP-17089,43,40685.79,10,RENT,3000,MEDICAL,36,15.3,621,24.27,62.21,17,0,0,1
APP-17090,61,75059.37,3,MORTGAGE,22000,DEBTCONSOLIDATION,36,16.75,669,23.35,43.7,7,0,0,0
APP-17091,31,21965.26,15,MORTGAGE,35000,VENTURE,36,14.95,618,14.14,52.94,8,0,2,1
APP-17092,62,62295.54,19,MORTGAGE,23000,VENTURE,36,12.36,707,21.39,67.55,16,0,1,1
APP-17093,53,90417.14,5,RENT,14000,PERSONAL,36,10.14,697,11.58,49.76,12,0,0,0
APP-17094,56,37280.3,9,OWN,20000,HOMEIMPROVEMENT,60,15.02,578,9.36,59.31,4,0,0,0
APP-17095,57,118709.53,1,OTHER,34000,MEDICAL,60,13.03,711,37.79,62.76,7,0,0,1
APP-17096,61,83269.8,19,MORTGAGE,39000,EDUCATION,60,18.31,624,25.36,39.87,13,0,0,0
APP-17097,37,119248.0,5,MORTGAGE,4000,DEBTCONSOLIDATION,36,13.16,691,20.12,50.66,7,3,0,0
APP-17098,55,30086.86,2,MORTGAGE,39000,DEBTCONSOLIDATION,60,14.91,619,7.88,54.2,10,0,0,1
APP-17099,68,54701.69,9,RENT,20000,MEDICAL,36,7.52,762,13.59,55.98,11,0,0,0
APP-17100,25,94945.97,0,RENT,8000,DEBTCONSOLIDATION,60,12.68,699,34.31,18.26,8,0,0,0
APP-17101,68,28312.84,4,MORTGAGE,16000,DEBTCONSOLIDATION,36,13.8,717,7.15,77.14,7,0,0,0
APP-17102,52,96137.61,0,OWN,39000,DEBTCONSOLIDATION,36,15.16,596,12.98,25.73,11,0,1,0
APP-17103,23,54725.03,1,MORTGAGE,26000,PERSONAL,36,12.1,681,30.08,14.05,10,0,0,0
APP-17104,67,95780.5,0,RENT,23000,DEBTCONSOLIDATION,36,9.62,734,3.2,76.27,12,0,2,0
APP-17105,55,66751.7,18,RENT,24000,VENTURE,60,8.48,850,24.04,34.55,9,0,0,0
APP-17106,34,121226.16,19,MORTGAGE,11000,HOMEIMPROVEMENT,36,10.84,745,19.22,15.06,16,0,0,0
APP-17107,68,31383.73,9,MORTGAGE,37000,PERSONAL,36,9.34,770,14.74,11.66,3,0,0,0
APP-17108,51,70582.33,12,RENT,38000,EDUCATION,36,12.44,728,14.77,41.08,11,0,0,0
APP-17109,51,28119.47,14,MORTGAGE,8000,MEDICAL,36,14.16,622,13.39,18.81,16,0,0,0
APP-17110,37,73848.36,7,RENT,26000,MEDICAL,36,11.29,680,22.07,33.79,11,0,0,0
APP-17111,44,70538.22,6,OWN,25000,PERSONAL,36,9.7,786,19.67,24.4,13,0,0,0
APP-17112,43,51919.99,13,MORTGAGE,6000,VENTURE,36,12.54,687,12.04,39.38,15,0,0,0
APP-17113,38,40461.31,6,OWN,22000,DEBTCONSOLIDATION,36,10.45,757,20.71,64.9,15,2,0,0
APP-17114,34,50884.67,11,RENT,21000,DEBTCONSOLIDATION,60,16.09,659,7.93,45.45,8,0,1,0
APP-17115,35,62870.12,9,MORTGAGE,30000,MEDICAL,36,14.57,665,15.06,46.26,13,0,0,0
APP-17116,35,69015.98,10,MORTGAGE,38000,PERSONAL,36,14.29,598,16.3,60.97,10,0,0,0
APP-17117,26,157339.0,17,RENT,21000,DEBTCONSOLIDATION,36,9.02,791,31.52,64.02,8,2,0,0
APP-17118,47,92661.49,14,MORTGAGE,19000,VENTURE,36,14.53,624,2.42,17.84,10,0,0,0
APP-17119,35,44647.41,20,OWN,5000,PERSONAL,36,12.6,680,13.95,38.36,10,0,0,0
APP-17120,56,79992.47,16,MORTGAGE,12000,DEBTCONSOLIDATION,60,11.89,664,20.87,45.73,12,0,0,0
APP-17121,28,93028.35,1,RENT,23000,DEBTCONSOLIDATION,36,12.8,674,7.7,14.81,11,0,0,0
APP-17122,35,43131.83,15,OTHER,15000,HOMEIMPROVEMENT,36,14.36,614,19.99,57.9,11,1,0,0
APP-17123,23,85057.1,13,RENT,29000,PERSONAL,36,14.47,625,8.53,65.99,9,0,0,0
APP-17124,67,28470.76,12,MORTGAGE,5000,DEBTCONSOLIDATION,36,14.26,649,22.43,35.2,8,0,0,0
APP-17125,33,42353.34,9,MORTGAGE,17000,DEBTCONSOLIDATION,60,10.35,743,14.64,56.17,12,2,0,0
APP-17126,61,29374.57,0,MORTGAGE,39000,DEBTCONSOLIDATION,36,9.44,712,29.23,54.78,10,0,0,0
APP-17127,54,53877.68,19,MORTGAGE,24000,DEBTCONSOLIDATION,60,14.05,632,20.91,40.58,5,0,0,0
APP-17128,44,47248.55,17,RENT,14000,MEDICAL,60,6.48,839,33.32,64.46,9,0,0,0
APP-17129,60,49095.47,9,OTHER,21000,PERSONAL,36,15.07,653,20.83,19.15,11,0,0,0
APP-17130,52,90015.57,1,RENT,6000,HOMEIMPROVEMENT,36,16.34,604,20.48,17.75,10,0,0,0
APP-17131,52,62648.26,17,MORTGAGE,20000,PERSONAL,36,15.88,632,15.72,3.13,6,0,0,0
APP-17132,50,89336.15,8,RENT,22000,PERSONAL,60,12.43,710,29.36,51.07,10,0,0,0
APP-17133,69,135019.59,7,RENT,6000,VENTURE,36,14.73,639,13.57,69.55,16,0,0,0
APP-17134,33,170643.69,13,MORTGAGE,15000,VENTURE,36,10.72,745,20.43,41.25,7,0,0,0
APP-17135,21,55831.75,15,MORTGAGE,37000,DEBTCONSOLIDATION,36,18.65,573,8.39,92.49,10,0,0,0
APP-17136,54,78227.2,0,RENT,7000,HOMEIMPROVEMENT,36,13.48,730,14.65,57.13,13,0,0,0
APP-17137,35,55415.83,15,RENT,6000,HOMEIMPROVEMENT,36,15.27,637,34.44,55.51,9,0,0,0
APP-17138,64,99419.12,14,MORTGAGE,25000,PERSONAL,36,11.25,756,20.92,35.96,5,0,0,0
APP-17139,34,90205.44,11,MORTGAGE,30000,DEBTCONSOLIDATION,36,13.47,622,10.66,68.11,11,0,0,0
APP-17140,49,43033.34,5,RENT,30000,DEBTCONSOLIDATION,60,11.64,709,19.0,41.19,14,0,0,0
APP-17141,54,46319.33,2,MORTGAGE,3000,DEBTCONSOLIDATION,60,10.41,749,12.92,26.78,13,0,0,0
APP-17142,38,119733.44,0,RENT,7000,HOMEIMPROVEMENT,36,13.89,637,4.82,16.76,13,0,0,0
APP-17143,27,45497.6,0,RENT,35000,VENTURE,60,16.53,659,19.51,28.63,13,0,0,1
APP-17144,49,56619.14,2,MORTGAGE,13000,DEBTCONSOLIDATION,36,14.83,642,34.84,40.39,7,0,0,0
APP-17145,51,83911.71,7,MORTGAGE,23000,HOMEIMPROVEMENT,60,11.09,729,13.56,36.85,10,2,0,0
APP-17146,45,55116.93,3,RENT,5000,HOMEIMPROVEMENT,36,9.03,738,19.79,51.28,10,0,0,0
APP-17147,58,128924.54,5,MORTGAGE,7000,HOMEIMPROVEMENT,36,19.13,542,50.94,24.5,8,0,0,0
APP-17148,34,100363.41,7,MORTGAGE,4000,PERSONAL,36,13.27,697,45.74,22.74,6,0,0,0
APP-17149,28,38480.82,5,MORTGAGE,14000,HOMEIMPROVEMENT,36,12.1,679,5.66,81.19,7,0,1,0
APP-17150,47,44678.46,14,MORTGAGE,24000,MEDICAL,60,12.09,687,6.06,32.9,9,0,0,0
APP-17151,22,80320.55,9,RENT,36000,MEDICAL,36,9.5,756,26.54,9.77,15,0,2,0
APP-17152,37,58336.78,0,MORTGAGE,27000,DEBTCONSOLIDATION,36,12.54,707,30.04,27.81,6,0,0,0
APP-17153,57,22690.93,3,MORTGAGE,10000,DEBTCONSOLIDATION,36,14.34,629,24.77,24.48,8,0,0,0
APP-17154,34,36848.07,14,RENT,24000,PERSONAL,60,11.27,686,22.22,49.01,14,2,0,1
APP-17155,45,67308.89,5,RENT,5000,PERSONAL,36,11.71,798,30.83,12.23,8,3,0,0
APP-17156,50,93458.65,19,MORTGAGE,35000,PERSONAL,60,12.26,713,15.64,36.8,11,0,1,1
APP-17157,49,94129.19,14,MORTGAGE,38000,PERSONAL,36,13.51,616,26.25,23.99,10,0,0,1
APP-17158,40,159758.48,4,MORTGAGE,9000,MEDICAL,36,12.76,637,20.53,48.1,4,0,0,0
APP-17159,41,42373.12,10,MORTGAGE,35000,HOMEIMPROVEMENT,36,13.32,705,22.29,32.2,9,3,0,1
APP-17160,42,43398.62,13,MORTGAGE,38000,PERSONAL,36,13.01,639,26.5,46.69,10,0,0,0
APP-17161,55,59120.67,2,MORTGAGE,7000,PERSONAL,60,14.1,625,44.66,39.73,13,0,0,0
APP-17162,57,25900.39,3,RENT,8000,VENTURE,60,10.34,704,21.78,20.42,12,0,0,0
APP-17163,36,59782.15,9,RENT,40000,DEBTCONSOLIDATION,36,9.38,754,12.54,72.77,14,0,0,0
APP-17164,69,54298.27,19,OWN,37000,DEBTCONSOLIDATION,36,15.58,642,29.69,21.52,7,3,0,0
APP-17165,63,88952.6,6,OWN,6000,PERSONAL,60,15.07,625,19.97,10.1,11,0,1,0
APP-17166,37,96834.66,7,MORTGAGE,4000,EDUCATION,36,12.92,659,11.7,23.79,17,0,0,0
APP-17167,36,71584.71,2,RENT,18000,VENTURE,36,10.33,690,14.06,36.77,8,0,1,0
APP-17168,22,59960.25,11,MORTGAGE,20000,PERSONAL,60,9.42,733,6.3,59.37,11,1,0,0
APP-17169,24,71826.42,15,MORTGAGE,2000,DEBTCONSOLIDATION,36,10.31,737,10.6,32.92,13,0,0,0
APP-17170,41,40279.02,8,MORTGAGE,38000,PERSONAL,36,14.08,654,6.95,42.28,9,1,0,0
APP-17171,59,57449.5,15,MORTGAGE,10000,MEDICAL,36,13.06,701,13.84,40.64,10,0,0,0
APP-17172,54,60378.18,5,RENT,5000,HOMEIMPROVEMENT,60,14.77,584,6.41,85.16,9,1,0,0
APP-17173,50,57667.98,14,RENT,11000,PERSONAL,36,14.1,669,21.68,43.71,9,0,0,0
APP-17174,26,54966.93,4,MORTGAGE,33000,HOMEIMPROVEMENT,36,15.19,634,19.89,69.1,7,0,0,0
APP-17175,37,43886.65,16,OWN,2000,EDUCATION,36,16.23,603,14.92,19.53,13,0,0,0
APP-17176,59,35853.58,17,MORTGAGE,24000,PERSONAL,60,7.3,758,29.61,16.13,13,0,2,0
APP-17177,45,54038.65,16,MORTGAGE,18000,PERSONAL,60,15.65,614,14.34,38.68,9,4,0,0
APP-17178,25,80593.62,3,RENT,31000,PERSONAL,36,10.01,751,36.54,29.4,9,0,0,0
APP-17179,25,25116.93,14,RENT,28000,PERSONAL,36,8.04,812,17.94,16.24,11,0,0,0
APP-17180,40,46693.45,10,RENT,16000,HOMEIMPROVEMENT,36,17.69,626,3.58,31.4,8,0,1,0
APP-17181,36,168475.91,20,MORTGAGE,39000,DEBTCONSOLIDATION,36,10.33,688,13.33,58.67,10,0,0,0
APP-17182,61,54366.94,6,RENT,8000,PERSONAL,36,15.22,704,48.87,23.93,6,0,0,0
APP-17183,57,64580.96,15,MORTGAGE,34000,DEBTCONSOLIDATION,36,6.38,762,26.96,41.48,9,0,1,0
APP-17184,60,150146.15,6,OWN,6000,MEDICAL,60,10.92,728,5.66,38.33,12,0,0,0
APP-17185,29,70243.12,7,RENT,40000,DEBTCONSOLIDATION,36,13.46,693,33.28,17.86,9,0,0,0
APP-17186,25,71049.65,0,RENT,35000,EDUCATION,36,11.14,688,13.94,48.72,12,0,0,0
APP-17187,62,37984.24,3,RENT,4000,EDUCATION,36,15.04,638,15.03,53.69,9,0,0,0
APP-17188,22,70011.28,2,RENT,33000,PERSONAL,36,9.62,746,9.09,25.31,7,0,0,0
APP-17189,29,59432.8,1,MORTGAGE,3000,DEBTCONSOLIDATION,36,11.74,728,23.11,50.42,9,0,0,0
APP-17190,63,95078.37,0,MORTGAGE,17000,DEBTCONSOLIDATION,60,10.35,750,29.54,26.45,14,0,0,0
APP-17191,56,113398.27,16,MORTGAGE,18000,DEBTCONSOLIDATION,36,12.97,677,22.25,64.34,8,0,0,0
APP-17192,42,60788.5,8,MORTGAGE,13000,DEBTCONSOLIDATION,60,14.24,711,33.83,2.23,14,0,0,0
APP-17193,42,72478.7,16,RENT,6000,PERSONAL,36,12.73,733,21.2,22.19,10,0,0,0
APP-17194,42,23273.32,12,MORTGAGE,5000,HOMEIMPROVEMENT,36,14.48,617,6.07,35.07,9,0,0,0
APP-17195,54,19578.24,17,MORTGAGE,17000,DEBTCONSOLIDATION,60,10.95,767,17.48,56.51,8,0,0,0
APP-17196,49,103424.39,9,RENT,19000,VENTURE,60,11.57,730,18.01,26.73,19,0,1,0
APP-17197,58,18000.0,0,RENT,21000,PERSONAL,36,14.4,610,8.16,74.61,8,0,0,1
APP-17198,66,70521.16,12,MORTGAGE,10000,DEBTCONSOLIDATION,36,14.96,614,13.13,20.2,7,0,0,0
APP-17199,53,54894.72,13,RENT,17000,DEBTCONSOLIDATION,36,13.48,707,5.92,17.24,9,1,0,0
APP-17200,38,110821.53,12,OWN,36000,PERSONAL,36,6.51,825,16.2,10.29,6,0,0,0
APP-17201,27,58830.3,16,RENT,30000,DEBTCONSOLIDATION,36,12.4,684,22.28,60.75,7,0,0,0
APP-17202,21,147432.66,14,RENT,31000,HOMEIMPROVEMENT,36,12.25,741,18.98,63.88,10,0,0,0
APP-17203,53,54070.87,8,RENT,21000,PERSONAL,36,14.77,675,14.6,38.77,7,0,0,0
APP-17204,21,106210.1,16,MORTGAGE,23000,HOMEIMPROVEMENT,36,12.86,694,13.89,71.82,9,0,1,0
APP-17205,44,28307.49,13,RENT,24000,DEBTCONSOLIDATION,36,9.57,748,17.07,36.92,11,0,0,0
APP-17206,24,18939.05,1,RENT,37000,VENTURE,36,10.96,761,6.42,25.89,13,0,0,0
APP-17207,24,59035.48,10,RENT,23000,DEBTCONSOLIDATION,36,11.79,645,19.24,26.38,15,0,0,0
APP-17208,38,,14,RENT,2000,VENTURE,36,11.53,679,35.8,47.24,13,0,0,0
APP-17209,47,58106.73,10,RENT,22000,DEBTCONSOLIDATION,60,16.63,638,9.6,49.41,11,0,0,0
APP-17210,63,48698.44,19,RENT,20000,DEBTCONSOLIDATION,60,13.89,711,12.74,31.13,7,0,0,0
APP-17211,52,81029.75,0,MORTGAGE,9000,DEBTCONSOLIDATION,60,11.21,701,25.28,64.07,9,0,0,0
APP-17212,53,35165.23,14,MORTGAGE,6000,PERSONAL,60,12.85,632,12.93,8.49,9,0,0,0
APP-17213,48,74037.5,17,RENT,30000,MEDICAL,60,10.81,690,10.63,31.15,12,0,0,0
APP-17214,62,92223.91,14,RENT,19000,DEBTCONSOLIDATION,36,9.5,752,11.86,44.21,11,0,0,0
APP-17215,61,54022.05,7,OTHER,30000,DEBTCONSOLIDATION,36,12.5,704,31.54,40.69,4,0,0,0
APP-17216,56,76047.66,7,MORTGAGE,16000,DEBTCONSOLIDATION,36,13.56,632,7.19,20.35,4,0,0,0
APP-17217,26,36706.74,11,MORTGAGE,32000,DEBTCONSOLIDATION,36,11.52,709,3.2,33.24,9,1,0,0
APP-17218,36,49447.77,7,RENT,16000,DEBTCONSOLIDATION,36,13.32,660,11.88,35.96,8,0,0,0
APP-17219,54,30606.41,18,RENT,4000,HOMEIMPROVEMENT,36,13.57,700,7.22,45.68,4,0,0,0
APP-17220,43,192795.68,0,MORTGAGE,34000,DEBTCONSOLIDATION,36,15.03,591,13.77,11.27,18,0,0,0
APP-17221,62,110679.83,12,RENT,25000,DEBTCONSOLIDATION,60,11.25,729,13.27,62.42,18,0,0,0
APP-17222,44,137318.68,1,RENT,39000,HOMEIMPROVEMENT,36,14.0,745,9.75,59.57,10,0,0,0
APP-17223,69,109888.28,10,RENT,25000,PERSONAL,60,15.57,609,15.73,32.63,10,1,0,0
APP-17224,33,42977.0,14,RENT,14000,DEBTCONSOLIDATION,60,11.97,707,22.51,41.74,6,1,3,0
APP-17225,38,27798.56,2,RENT,28000,EDUCATION,36,14.07,640,36.09,72.9,12,0,0,0
APP-17226,33,48434.3,14,MORTGAGE,34000,PERSONAL,60,11.16,737,7.79,22.17,14,0,0,0
APP-17227,69,75936.55,1,MORTGAGE,20000,HOMEIMPROVEMENT,60,11.83,716,28.05,76.89,17,1,0,0
APP-17228,57,51785.92,12,RENT,26000,MEDICAL,60,10.81,760,19.38,29.97,12,2,0,0
APP-17229,63,19586.64,9,RENT,7000,MEDICAL,60,12.21,768,9.86,14.72,13,0,0,0
APP-17230,59,86989.05,5,MORTGAGE,34000,DEBTCONSOLIDATION,60,12.79,670,9.05,11.66,9,0,0,0
APP-17231,62,26927.28,0,RENT,26000,DEBTCONSOLIDATION,36,11.95,696,10.55,45.51,5,0,0,0
APP-17232,37,48476.29,14,MORTGAGE,24000,VENTURE,36,11.25,798,26.24,19.49,6,0,0,0
APP-17233,35,143184.91,6,MORTGAGE,18000,HOMEIMPROVEMENT,36,16.49,566,3.32,55.85,17,0,0,0
APP-17234,38,61361.22,0,RENT,22000,DEBTCONSOLIDATION,36,15.09,615,12.19,56.78,14,1,1,1
APP-17235,43,102572.95,15,RENT,21000,DEBTCONSOLIDATION,36,10.73,749,8.93,79.43,10,0,0,0
APP-17236,50,71211.53,3,MORTGAGE,13000,HOMEIMPROVEMENT,36,14.08,632,23.62,27.88,5,4,0,1
APP-17237,54,36154.21,15,RENT,14000,VENTURE,36,9.55,787,9.68,33.15,8,1,0,0
APP-17238,24,86220.08,11,RENT,19000,HOMEIMPROVEMENT,36,12.87,638,10.88,21.46,12,0,1,0
APP-17239,23,58010.96,2,RENT,23000,VENTURE,60,8.78,725,48.75,54.49,9,1,0,1
APP-17240,27,28483.63,0,MORTGAGE,25000,DEBTCONSOLIDATION,36,10.15,705,8.01,74.14,12,0,0,0
APP-17241,38,26190.94,11,OWN,34000,DEBTCONSOLIDATION,36,14.75,683,16.63,32.94,8,0,0,0
APP-17242,62,72521.23,0,MORTGAGE,4000,DEBTCONSOLIDATION,36,15.0,712,23.56,53.9,18,0,0,0
APP-17243,27,174673.28,0,RENT,18000,EDUCATION,36,9.82,704,10.81,44.35,10,1,0,0
APP-17244,60,34956.97,14,MORTGAGE,40000,VENTURE,36,11.71,723,7.28,29.04,14,0,0,0
APP-17245,26,37105.27,10,RENT,33000,HOMEIMPROVEMENT,60,10.59,780,3.82,52.72,11,0,0,0
APP-17246,42,73049.91,5,RENT,18000,DEBTCONSOLIDATION,36,9.86,732,7.53,36.91,9,1,0,0
APP-17247,21,31040.13,10,MORTGAGE,26000,HOMEIMPROVEMENT,36,11.25,757,34.04,17.13,7,0,0,0
APP-17248,24,194273.91,11,MORTGAGE,9000,MEDICAL,60,14.36,672,15.33,10.12,9,0,0,0
APP-17249,66,38838.39,11,RENT,36000,VENTURE,36,16.03,603,15.28,51.27,3,0,0,0
APP-17250,69,46654.69,12,OWN,30000,VENTURE,36,16.15,634,13.58,29.75,10,0,0,0
APP-17251,63,40043.8,19,RENT,13000,DEBTCONSOLIDATION,36,9.08,789,33.67,34.58,8,0,0,0
APP-17252,49,95547.66,7,MORTGAGE,37000,VENTURE,36,10.27,805,10.61,9.33,7,3,1,0
APP-17253,41,176508.58,5,MORTGAGE,10000,PERSONAL,60,15.58,623,22.2,36.96,15,1,0,0
APP-17254,46,42124.21,0,RENT,27000,PERSONAL,60,15.46,643,18.98,56.09,12,0,0,0
APP-17255,34,92345.17,1,RENT,23000,EDUCATION,36,15.88,671,27.71,55.1,10,0,0,0
APP-17256,29,31164.86,0,RENT,32000,DEBTCONSOLIDATION,36,12.24,690,4.97,31.49,6,0,1,0
APP-17257,67,96725.95,5,OWN,31000,MEDICAL,60,8.99,768,44.79,44.83,13,3,0,0
APP-17258,32,144232.28,12,MORTGAGE,16000,DEBTCONSOLIDATION,36,10.87,748,9.93,47.89,12,0,0,0
APP-17259,62,123769.74,0,RENT,34000,PERSONAL,36,13.7,621,6.09,6.59,10,0,0,0
APP-17260,26,63985.52,14,MORTGAGE,4000,DEBTCONSOLIDATION,36,12.45,618,27.1,39.31,8,0,0,0
APP-17261,40,35724.55,7,MORTGAGE,35000,PERSONAL,36,13.24,605,15.28,36.23,5,0,0,0
APP-17262,44,59897.23,20,RENT,18000,VENTURE,36,15.9,638,35.46,33.56,10,0,0,0
APP-17263,47,51254.33,11,MORTGAGE,6000,DEBTCONSOLIDATION,36,14.84,608,15.09,84.55,4,0,0,0
APP-17264,58,47889.63,15,RENT,31000,VENTURE,36,8.62,736,7.87,51.49,8,1,0,0
APP-17265,28,66388.22,17,RENT,16000,PERSONAL,36,14.72,612,13.26,9.05,5,0,0,0
APP-17266,21,57914.72,18,RENT,40000,MEDICAL,36,10.92,704,16.63,60.02,6,0,0,1
APP-17267,69,85299.33,10,RENT,9000,PERSONAL,36,14.04,609,33.89,60.28,6,0,0,1
APP-17268,69,85577.04,7,MORTGAGE,39000,DEBTCONSOLIDATION,36,6.34,850,22.05,52.52,9,0,0,0
APP-17269,44,58023.35,11,RENT,29000,MEDICAL,36,13.34,719,12.97,60.38,5,0,0,0
APP-17270,67,74319.5,7,RENT,22000,MEDICAL,36,11.52,743,8.95,67.79,14,0,0,0
APP-17271,27,115924.29,3,OWN,11000,DEBTCONSOLIDATION,60,13.08,669,21.42,32.24,7,0,2,0
APP-17272,39,45899.05,5,RENT,29000,EDUCATION,36,11.68,733,29.36,51.64,13,0,0,0
APP-17273,42,60351.82,3,RENT,22000,PERSONAL,36,14.64,666,20.52,50.18,13,0,0,1
APP-17274,55,35804.27,4,MORTGAGE,29000,MEDICAL,60,9.63,793,12.7,42.34,10,0,0,0
APP-17275,50,76109.78,0,MORTGAGE,23000,DEBTCONSOLIDATION,60,15.63,626,16.75,60.44,13,0,0,0
APP-17276,49,66121.81,7,RENT,39000,DEBTCONSOLIDATION,36,12.33,688,20.19,13.94,10,0,0,1
APP-17277,42,75390.37,3,MORTGAGE,20000,VENTURE,60,16.09,676,19.07,50.85,13,1,0,0
APP-17278,31,36518.36,8,MORTGAGE,39000,MEDICAL,36,15.41,610,23.78,27.42,7,0,0,0
APP-17279,40,87797.02,16,MORTGAGE,25000,DEBTCONSOLIDATION,60,11.24,749,18.02,31.53,5,0,0,0
APP-17280,49,63007.65,8,MORTGAGE,29000,PERSONAL,36,13.84,633,15.98,23.9,9,0,0,0
APP-17281,61,100182.51,19,MORTGAGE,14000,VENTURE,36,17.33,592,8.44,50.06,6,0,0,0
APP-17282,62,48104.6,1,OWN,10000,PERSONAL,60,12.86,730,10.68,15.12,18,0,0,0
APP-17283,54,84221.48,17,MORTGAGE,10000,VENTURE,60,16.74,599,47.58,54.03,8,0,0,0
APP-17284,21,74795.7,3,RENT,22000,HOMEIMPROVEMENT,36,12.83,728,16.82,32.91,13,0,0,0
APP-17285,51,128325.52,19,OWN,25000,HOMEIMPROVEMENT,60,12.03,753,17.89,11.46,13,0,0,0
APP-17286,50,56491.48,3,RENT,32000,MEDICAL,36,16.54,624,33.66,58.96,10,0,0,0
APP-17287,68,45367.98,15,MORTGAGE,30000,PERSONAL,60,11.13,732,36.41,12.02,9,0,0,0
APP-17288,38,46775.12,0,MORTGAGE,11000,VENTURE,36,15.97,626,18.64,26.5,9,2,0,0
APP-17289,37,34400.97,12,RENT,5000,HOMEIMPROVEMENT,36,13.21,666,14.6,22.29,13,0,0,0
APP-17290,58,46558.46,3,RENT,4000,PERSONAL,36,12.94,689,34.58,18.32,9,0,0,0
APP-17291,34,18577.45,13,OWN,14000,DEBTCONSOLIDATION,60,14.78,615,9.7,68.55,9,0,3,0
APP-17292,43,118703.39,12,RENT,22000,MEDICAL,36,13.28,617,23.87,30.39,13,0,0,0
APP-17293,45,157475.3,19,RENT,9000,DEBTCONSOLIDATION,60,11.37,759,6.19,37.64,8,0,0,0
APP-17294,35,55614.95,12,MORTGAGE,10000,DEBTCONSOLIDATION,36,16.31,561,23.3,56.18,5,2,0,1
APP-17295,66,74536.98,7,RENT,2000,EDUCATION,36,14.42,669,13.9,29.65,12,0,0,0
APP-17296,42,64991.03,2,MORTGAGE,15000,DEBTCONSOLIDATION,36,13.57,704,16.1,36.33,13,1,0,0
APP-17297,23,31053.61,13,RENT,13000,MEDICAL,36,11.39,720,23.57,43.3,6,0,0,0
APP-17298,39,100020.43,0,OTHER,37000,DEBTCONSOLIDATION,36,11.49,774,18.51,66.39,11,1,1,0
APP-17299,64,107766.84,17,OWN,23000,PERSONAL,36,10.54,736,3.72,12.14,11,0,1,0
APP-17300,54,35578.9,3,MORTGAGE,37000,DEBTCONSOLIDATION,36,11.6,706,10.62,50.69,9,0,0,0
APP-17301,55,70611.25,10,MORTGAGE,17000,DEBTCONSOLIDATION,36,12.52,681,23.2,81.79,6,3,0,0
APP-17302,21,52502.67,11,MORTGAGE,12000,HOMEIMPROVEMENT,36,13.18,667,20.37,65.8,14,3,0,0
APP-17303,41,108549.44,6,RENT,4000,EDUCATION,60,13.01,671,19.76,29.02,12,1,0,0
APP-17304,49,57443.79,13,RENT,35000,MEDICAL,60,13.01,675,23.04,67.75,13,0,0,0
APP-17305,26,58226.95,3,OWN,26000,EDUCATION,60,15.71,714,23.37,53.03,8,0,1,0
APP-17306,57,148812.05,0,MORTGAGE,27000,HOMEIMPROVEMENT,36,12.46,661,33.96,42.25,11,0,0,0
APP-17307,21,31485.81,20,MORTGAGE,4000,DEBTCONSOLIDATION,60,12.94,738,31.5,52.15,9,0,0,0
APP-17308,21,67780.19,5,MORTGAGE,21000,PERSONAL,36,12.16,702,30.61,27.62,9,0,0,0
APP-17309,47,62587.79,14,RENT,32000,HOMEIMPROVEMENT,36,14.59,625,14.89,44.19,12,0,0,0
APP-17310,41,44275.77,9,RENT,2000,DEBTCONSOLIDATION,36,13.69,691,8.6,30.17,13,0,0,0
APP-17311,36,166027.82,13,RENT,27000,VENTURE,36,13.71,687,3.5,39.66,13,0,0,0
APP-17312,64,70846.75,0,OWN,26000,HOMEIMPROVEMENT,36,12.34,672,10.84,19.15,10,0,1,1
APP-17313,60,83774.72,10,MORTGAGE,12000,PERSONAL,60,14.31,713,26.77,13.62,11,0,0,0
APP-17314,46,89976.34,7,MORTGAGE,17000,DEBTCONSOLIDATION,60,14.74,592,4.03,50.08,7,0,0,0
APP-17315,36,50999.59,8,MORTGAGE,21000,DEBTCONSOLIDATION,60,14.07,667,5.77,43.91,15,5,0,0
APP-17316,48,111399.95,20,RENT,39000,EDUCATION,36,11.79,682,24.15,6.0,8,0,0,0
APP-17317,21,100736.88,1,RENT,3000,VENTURE,36,12.64,659,5.29,22.2,13,1,0,1
APP-17318,56,56328.16,15,RENT,30000,HOMEIMPROVEMENT,36,13.76,705,20.38,47.99,10,0,0,0
APP-17319,30,95715.3,5,RENT,8000,MEDICAL,60,13.34,666,35.14,26.89,9,2,0,0
APP-17320,63,111298.15,4,RENT,26000,DEBTCONSOLIDATION,60,14.65,667,45.93,11.84,8,0,0,0
APP-17321,37,89102.93,4,RENT,5000,MEDICAL,36,11.88,684,3.31,38.82,9,1,0,0
APP-17322,43,39434.26,6,MORTGAGE,35000,PERSONAL,36,12.16,636,40.58,35.58,15,0,0,0
APP-17323,27,57172.18,6,MORTGAGE,26000,MEDICAL,36,16.2,617,10.81,10.42,8,4,0,0
APP-17324,64,75938.97,4,RENT,9000,HOMEIMPROVEMENT,60,9.34,805,10.54,36.59,10,0,0,0
APP-17325,27,,13,MORTGAGE,33000,HOMEIMPROVEMENT,36,13.13,660,4.64,41.83,7,0,1,0
APP-17326,64,41250.3,0,RENT,19000,DEBTCONSOLIDATION,36,13.73,681,18.9,50.65,9,0,1,0
APP-17327,35,51881.54,5,MORTGAGE,12000,DEBTCONSOLIDATION,60,9.7,759,11.69,33.68,10,0,0,0
APP-17328,54,71391.44,4,RENT,38000,DEBTCONSOLIDATION,36,14.38,708,9.2,65.4,7,0,0,0
APP-17329,66,28152.54,15,OWN,40000,HOMEIMPROVEMENT,36,16.08,646,22.77,64.09,10,2,0,0
APP-17330,65,60455.64,1,RENT,37000,PERSONAL,60,15.99,579,38.42,54.31,11,0,0,1
APP-17331,24,84823.03,19,MORTGAGE,11000,MEDICAL,36,15.93,599,15.17,42.0,13,0,0,0
APP-17332,34,68972.9,2,MORTGAGE,7000,DEBTCONSOLIDATION,60,17.55,630,12.22,59.4,14,0,0,0
APP-17333,34,38997.81,6,MORTGAGE,17000,VENTURE,36,14.51,660,11.65,40.8,13,0,0,0
APP-17334,36,42584.43,2,OWN,26000,VENTURE,36,11.95,724,15.75,74.37,6,0,0,0
APP-17335,27,125932.03,4,RENT,35000,HOMEIMPROVEMENT,60,15.67,635,41.56,77.53,16,0,0,0
APP-17336,52,37465.53,15,RENT,32000,DEBTCONSOLIDATION,60,16.99,634,13.28,57.4,14,0,0,0
APP-17337,39,108318.79,9,RENT,9000,DEBTCONSOLIDATION,60,9.53,755,11.62,64.54,8,0,0,0
APP-17338,22,43885.64,1,MORTGAGE,18000,DEBTCONSOLIDATION,36,10.45,795,27.78,55.57,13,0,1,0
APP-17339,30,105354.6,0,RENT,15000,PERSONAL,36,11.79,718,23.13,50.86,8,0,0,0
APP-17340,37,78476.3,3,RENT,31000,HOMEIMPROVEMENT,36,14.58,680,57.44,10.23,5,0,0,0
APP-17341,57,50310.97,19,RENT,19000,DEBTCONSOLIDATION,36,12.39,679,7.9,37.1,14,0,0,0
APP-17342,32,24753.81,17,MORTGAGE,37000,DEBTCONSOLIDATION,36,16.45,630,14.66,37.31,10,0,0,0
APP-17343,26,73078.09,8,RENT,22000,MEDICAL,36,9.13,748,21.34,44.09,7,1,0,0
APP-17344,42,65563.97,9,RENT,32000,PERSONAL,60,10.28,693,16.71,56.62,9,0,0,0
APP-17345,52,73640.94,18,RENT,34000,DEBTCONSOLIDATION,60,15.68,631,7.13,32.61,1,0,0,0
APP-17346,61,78409.53,11,RENT,24000,VENTURE,60,15.49,653,65.0,31.08,12,0,0,0
APP-17347,40,31037.04,18,MORTGAGE,39000,MEDICAL,60,11.0,747,19.43,30.8,10,0,1,0
APP-17348,21,72884.84,9,MORTGAGE,6000,HOMEIMPROVEMENT,60,17.41,640,20.73,65.67,16,0,0,1
APP-17349,67,86792.05,2,MORTGAGE,16000,DEBTCONSOLIDATION,36,13.79,649,28.95,72.06,12,0,0,0
APP-17350,26,86281.57,14,MORTGAGE,31000,DEBTCONSOLIDATION,60,9.09,846,17.99,50.65,8,2,0,0
APP-17351,39,31999.38,10,RENT,17000,HOMEIMPROVEMENT,36,13.18,639,27.28,61.48,7,0,0,1
APP-17352,38,106633.11,13,MORTGAGE,30000,DEBTCONSOLIDATION,60,12.44,707,10.76,34.17,9,0,0,0
APP-17353,26,74187.41,1,OTHER,29000,DEBTCONSOLIDATION,36,15.15,668,9.41,49.81,9,0,0,1
APP-17354,65,79045.11,12,RENT,7000,VENTURE,36,9.42,841,24.85,50.58,13,1,0,0
APP-17355,53,38259.61,6,MORTGAGE,6000,PERSONAL,60,9.23,762,22.91,64.83,7,0,0,0
APP-17356,43,87425.83,5,MORTGAGE,39000,HOMEIMPROVEMENT,36,10.14,707,14.3,18.02,8,0,0,0
APP-17357,43,25286.93,13,RENT,26000,PERSONAL,60,14.81,636,18.64,50.2,6,0,0,0
APP-17358,46,39179.21,11,MORTGAGE,29000,DEBTCONSOLIDATION,36,15.98,635,26.15,59.46,6,1,0,0
APP-17359,33,112791.04,13,MORTGAGE,2000,PERSONAL,36,7.11,790,16.21,54.63,6,0,0,0
APP-17360,27,85331.35,20,RENT,15000,VENTURE,36,17.03,605,12.17,17.8,6,2,0,0
APP-17361,35,69269.09,14,RENT,20000,DEBTCONSOLIDATION,60,15.19,721,11.84,45.68,9,0,0,0
APP-17362,64,95976.34,12,OWN,32000,EDUCATION,60,9.24,720,24.74,41.38,7,0,0,0
APP-17363,47,99369.09,12,RENT,16000,DEBTCONSOLIDATION,60,5.0,820,4.94,85.67,15,0,0,0
APP-17364,46,87461.82,7,RENT,20000,DEBTCONSOLIDATION,36,13.53,598,17.16,43.58,10,0,0,1
APP-17365,53,53706.32,17,MORTGAGE,39000,VENTURE,36,13.94,720,7.62,2.86,10,0,0,0
APP-17366,35,38598.81,6,RENT,33000,MEDICAL,36,10.77,723,6.61,66.31,8,1,0,0
APP-17367,56,42971.55,14,OWN,32000,DEBTCONSOLIDATION,36,10.62,719,21.61,25.78,18,0,0,0
APP-17368,65,121211.7,4,MORTGAGE,38000,DEBTCONSOLIDATION,36,11.18,707,9.5,60.78,19,0,0,0
APP-17369,47,31642.32,1,MORTGAGE,27000,DEBTCONSOLIDATION,36,10.29,779,31.85,28.43,8,0,0,0
APP-17370,25,76527.98,1,RENT,26000,HOMEIMPROVEMENT,36,14.42,692,50.09,9.16,10,0,0,0
APP-17371,22,76586.77,12,MORTGAGE,9000,PERSONAL,60,15.98,649,9.49,20.66,12,0,0,0
APP-17372,53,124745.2,5,OWN,5000,HOMEIMPROVEMENT,36,17.55,598,6.35,34.33,9,0,0,0
APP-17373,36,76479.62,4,RENT,32000,DEBTCONSOLIDATION,36,12.88,679,15.5,21.17,13,0,0,0
APP-17374,43,48454.87,11,MORTGAGE,33000,DEBTCONSOLIDATION,36,13.74,660,22.63,20.92,10,0,0,0
APP-17375,58,48837.91,0,RENT,35000,DEBTCONSOLIDATION,60,9.21,745,8.96,7.54,10,2,0,0
APP-17376,36,59701.34,3,RENT,4000,HOMEIMPROVEMENT,60,17.85,608,2.61,44.82,12,0,0,0
APP-17377,34,105486.12,6,RENT,27000,HOMEIMPROVEMENT,36,8.88,821,42.07,27.23,12,0,0,0
APP-17378,49,89613.38,14,MORTGAGE,5000,HOMEIMPROVEMENT,36,12.93,690,10.28,39.22,11,0,0,0
APP-17379,46,34792.06,10,OWN,3000,PERSONAL,36,8.77,753,51.29,89.76,6,1,0,0
APP-17380,55,68825.63,17,MORTGAGE,20000,HOMEIMPROVEMENT,36,7.3,747,51.07,35.08,9,0,0,0
APP-17381,35,90457.17,5,MORTGAGE,24000,MEDICAL,36,13.01,632,18.93,50.96,9,0,0,0
APP-17382,23,53178.65,5,MORTGAGE,26000,HOMEIMPROVEMENT,60,13.72,685,11.04,44.43,10,0,0,0
APP-17383,43,20333.25,0,MORTGAGE,8000,HOMEIMPROVEMENT,36,8.97,767,9.02,13.67,16,0,0,0
APP-17384,49,54271.98,19,MORTGAGE,9000,HOMEIMPROVEMENT,36,13.36,736,15.16,43.65,13,0,0,0
APP-17385,54,28493.33,9,OWN,4000,VENTURE,36,10.29,707,16.96,47.04,12,1,1,0
APP-17386,53,26324.95,9,RENT,24000,MEDICAL,36,11.62,721,10.4,60.94,10,0,0,0
APP-17387,61,101985.2,19,RENT,34000,HOMEIMPROVEMENT,36,14.54,653,28.13,79.13,8,0,0,1
APP-17388,61,211190.39,4,RENT,29000,DEBTCONSOLIDATION,36,13.24,589,8.91,60.83,14,0,2,0
APP-17389,43,118437.74,5,RENT,23000,VENTURE,36,11.16,775,22.49,57.43,16,0,0,0
APP-17390,27,18000.0,13,RENT,36000,HOMEIMPROVEMENT,36,13.66,652,9.3,45.5,10,0,1,1
APP-17391,23,54912.36,16,OWN,35000,MEDICAL,60,10.77,621,11.18,30.44,8,1,0,0
APP-17392,52,44585.14,14,MORTGAGE,31000,DEBTCONSOLIDATION,60,8.51,793,35.56,48.06,8,0,0,0
APP-17393,51,28696.74,16,MORTGAGE,37000,EDUCATION,36,13.83,705,20.65,63.22,12,2,0,0
APP-17394,38,75540.89,11,RENT,15000,PERSONAL,36,15.69,568,30.09,45.06,10,0,0,0
APP-17395,63,54589.84,17,MORTGAGE,10000,EDUCATION,36,13.02,617,3.67,73.05,7,0,0,0
APP-17396,27,33454.96,10,RENT,23000,VENTURE,60,10.04,699,19.06,9.16,7,0,0,0
APP-17397,61,21414.58,3,MORTGAGE,29000,MEDICAL,36,13.41,655,28.41,52.61,13,0,1,1
APP-17398,21,44158.55,10,MORTGAGE,15000,DEBTCONSOLIDATION,36,13.08,714,8.06,29.13,12,0,0,0
APP-17399,34,60111.32,14,MORTGAGE,16000,DEBTCONSOLIDATION,36,13.91,672,18.65,50.69,8,0,1,0
APP-17400,52,56432.0,13,RENT,38000,HOMEIMPROVEMENT,36,10.64,664,16.3,41.13,7,2,0,0
APP-17401,26,101863.72,3,MORTGAGE,25000,DEBTCONSOLIDATION,60,10.89,714,8.36,28.54,7,0,1,0
APP-17402,59,70897.61,0,RENT,35000,EDUCATION,60,16.63,610,22.19,28.67,6,0,0,0
APP-17403,30,50396.94,4,MORTGAGE,4000,PERSONAL,60,14.15,605,6.64,44.34,9,0,0,0
APP-17404,27,39790.61,20,OWN,24000,DEBTCONSOLIDATION,36,10.51,734,12.93,16.41,14,0,0,0
APP-17405,46,24699.46,2,OWN,21000,PERSONAL,36,10.13,697,19.11,86.09,13,0,0,0
APP-17406,54,34695.39,8,RENT,16000,PERSONAL,36,9.8,767,24.89,41.69,14,0,0,0
APP-17407,50,118085.05,12,MORTGAGE,17000,DEBTCONSOLIDATION,36,15.62,620,7.28,38.61,16,0,0,0
APP-17408,56,92257.28,18,RENT,8000,DEBTCONSOLIDATION,36,15.17,695,12.48,22.87,9,0,1,0
APP-17409,41,69174.26,15,RENT,34000,DEBTCONSOLIDATION,60,15.04,630,44.01,42.68,11,2,0,1
APP-17410,37,46768.51,18,MORTGAGE,20000,PERSONAL,60,13.22,689,8.06,54.95,7,0,1,0
APP-17411,53,111358.49,12,RENT,19000,DEBTCONSOLIDATION,36,10.09,771,12.32,31.51,11,0,0,0
APP-17412,30,36114.21,17,MORTGAGE,19000,DEBTCONSOLIDATION,36,10.53,732,14.5,34.72,10,0,0,0
APP-17413,67,36321.32,4,RENT,4000,VENTURE,36,14.24,653,8.09,8.37,10,0,0,0
APP-17414,62,57140.09,8,OWN,4000,DEBTCONSOLIDATION,36,15.23,694,6.92,12.64,8,0,0,0
APP-17415,32,20099.1,17,MORTGAGE,37000,HOMEIMPROVEMENT,60,12.69,676,9.44,16.08,15,1,0,0
APP-17416,36,35605.72,5,MORTGAGE,17000,PERSONAL,36,12.82,639,17.26,33.81,7,0,0,0
APP-17417,61,53203.83,18,MORTGAGE,24000,VENTURE,36,14.94,651,8.05,35.82,11,0,0,0
APP-17418,52,47542.67,6,OTHER,24000,DEBTCONSOLIDATION,36,12.67,642,23.85,40.76,17,0,0,0
APP-17419,35,36529.39,6,OTHER,16000,MEDICAL,36,11.96,749,41.4,29.07,7,0,0,0
APP-17420,47,165660.94,5,MORTGAGE,10000,DEBTCONSOLIDATION,60,11.34,675,12.12,35.51,9,0,0,0
APP-17421,48,118377.05,10,MORTGAGE,39000,DEBTCONSOLIDATION,36,15.92,674,22.48,39.17,11,0,0,0
APP-17422,37,141110.82,1,MORTGAGE,19000,HOMEIMPROVEMENT,36,14.2,661,4.96,28.69,13,0,0,0
APP-17423,66,56981.27,0,RENT,39000,MEDICAL,36,7.77,807,12.38,19.55,11,0,0,0
APP-17424,22,46896.91,18,RENT,7000,DEBTCONSOLIDATION,36,16.71,603,9.32,24.62,9,2,0,0
APP-17425,56,133363.23,19,RENT,38000,PERSONAL,36,14.82,653,23.57,64.52,10,0,0,0
APP-17426,27,62480.09,0,MORTGAGE,7000,PERSONAL,36,13.57,686,6.56,4.97,12,0,0,0
APP-17427,33,35233.59,10,RENT,22000,DEBTCONSOLIDATION,36,13.07,681,6.28,33.49,7,0,0,0
APP-17428,35,36478.73,10,MORTGAGE,31000,VENTURE,36,10.73,735,21.42,54.68,6,0,0,0
APP-17429,45,50908.55,6,RENT,29000,MEDICAL,60,9.35,842,12.97,36.11,12,0,2,0
APP-17430,43,59218.53,11,MORTGAGE,21000,PERSONAL,36,16.22,583,12.87,48.12,9,0,0,0
APP-17431,42,62363.19,8,MORTGAGE,20000,DEBTCONSOLIDATION,36,14.61,621,25.32,28.79,18,1,0,0
APP-17432,46,54622.85,9,RENT,15000,PERSONAL,60,13.4,690,14.1,69.44,12,0,0,0
APP-17433,53,192875.87,15,MORTGAGE,2000,MEDICAL,36,12.32,715,12.88,34.92,8,0,3,0
APP-17434,31,30437.77,10,MORTGAGE,28000,HOMEIMPROVEMENT,36,13.64,620,14.44,53.4,8,0,0,1
APP-17435,30,83814.02,5,RENT,33000,DEBTCONSOLIDATION,60,14.56,706,12.05,48.34,13,0,0,1
APP-17436,45,47158.69,11,MORTGAGE,30000,PERSONAL,36,12.34,646,9.84,23.23,7,0,0,0
APP-17437,57,58724.2,12,MORTGAGE,32000,DEBTCONSOLIDATION,60,9.75,717,2.37,57.97,9,0,0,0
APP-17438,68,95822.01,13,MORTGAGE,26000,DEBTCONSOLIDATION,60,15.43,690,15.92,6.82,13,0,0,0
APP-17439,63,24553.89,12,MORTGAGE,8000,MEDICAL,36,11.9,711,15.03,58.1,11,1,0,0
APP-17440,58,37311.8,13,OWN,40000,VENTURE,36,11.98,721,17.1,25.49,18,0,0,0
APP-17441,61,56003.55,5,OWN,17000,MEDICAL,36,10.5,729,12.15,50.93,15,0,0,0
APP-17442,65,125257.37,8,OWN,12000,HOMEIMPROVEMENT,36,15.56,600,7.36,7.46,10,0,0,0
APP-17443,44,124927.63,13,OWN,19000,PERSONAL,60,13.98,702,15.68,81.06,11,1,0,0
APP-17444,60,113397.06,15,RENT,6000,PERSONAL,36,11.54,749,16.3,35.09,12,0,0,0
APP-17445,66,19996.37,8,RENT,3000,DEBTCONSOLIDATION,36,12.69,714,18.47,56.63,10,2,0,0
APP-17446,53,35422.96,6,OWN,11000,DEBTCONSOLIDATION,36,12.63,644,4.76,10.43,9,0,0,0
APP-17447,37,36159.05,14,MORTGAGE,27000,DEBTCONSOLIDATION,36,12.5,689,8.94,30.25,7,0,0,0
APP-17448,44,58243.19,3,MORTGAGE,25000,PERSONAL,60,14.05,683,7.92,77.62,10,1,0,0
APP-17449,57,23706.08,0,MORTGAGE,27000,HOMEIMPROVEMENT,36,10.02,685,9.75,41.55,10,0,0,0
APP-17450,22,103667.95,8,RENT,17000,DEBTCONSOLIDATION,36,12.0,674,5.05,32.84,12,0,0,0
APP-17451,52,22088.36,2,MORTGAGE,26000,MEDICAL,36,14.34,678,21.7,50.72,9,0,0,1
APP-17452,44,100334.31,6,MORTGAGE,39000,HOMEIMPROVEMENT,36,9.88,724,23.41,30.38,11,0,0,0
APP-17453,29,92542.14,4,MORTGAGE,7000,DEBTCONSOLIDATION,36,15.31,593,13.2,6.66,13,0,0,0
APP-17454,24,34641.49,15,MORTGAGE,13000,DEBTCONSOLIDATION,36,15.4,660,27.9,54.82,11,0,1,1
APP-17455,37,112530.24,5,OWN,10000,DEBTCONSOLIDATION,36,15.23,642,12.21,45.24,9,0,0,0
APP-17456,37,50685.48,12,RENT,9000,EDUCATION,36,12.22,736,39.43,15.38,15,0,0,0
APP-17457,68,44518.07,13,MORTGAGE,32000,DEBTCONSOLIDATION,60,14.15,671,8.12,22.08,9,0,0,0
APP-17458,50,48497.92,8,MORTGAGE,33000,DEBTCONSOLIDATION,36,14.5,662,13.56,39.57,9,0,0,0
APP-17459,60,50622.87,0,MORTGAGE,8000,DEBTCONSOLIDATION,36,13.63,669,8.31,39.42,11,0,1,0
APP-17460,31,53006.14,14,RENT,33000,DEBTCONSOLIDATION,36,11.99,658,23.47,37.77,8,2,0,0
APP-17461,41,53611.2,0,OWN,26000,HOMEIMPROVEMENT,60,9.45,766,3.31,47.54,13,0,0,0
APP-17462,41,38362.74,0,MORTGAGE,34000,DEBTCONSOLIDATION,36,12.69,682,44.89,8.42,17,0,0,0
APP-17463,38,43083.78,2,RENT,29000,DEBTCONSOLIDATION,60,8.64,740,10.78,12.77,6,0,0,0
APP-17464,49,44990.15,4,MORTGAGE,12000,EDUCATION,36,12.61,671,19.24,50.4,11,3,0,0
APP-17465,44,138187.28,17,RENT,32000,HOMEIMPROVEMENT,60,9.18,774,22.85,33.21,8,0,0,0
APP-17466,30,45000.27,13,RENT,11000,DEBTCONSOLIDATION,36,12.46,758,13.41,35.21,10,0,0,0
APP-17467,65,43578.44,7,RENT,3000,PERSONAL,36,10.18,686,9.57,29.23,10,0,0,0
APP-17468,37,127792.66,20,MORTGAGE,5000,DEBTCONSOLIDATION,36,11.53,728,12.5,49.62,4,0,0,0
APP-17469,38,50970.16,3,RENT,23000,EDUCATION,60,12.83,703,7.98,43.0,10,0,0,0
APP-17470,62,38364.36,12,RENT,29000,DEBTCONSOLIDATION,36,13.91,688,14.5,40.63,11,0,0,0
APP-17471,68,34424.42,17,MORTGAGE,11000,DEBTCONSOLIDATION,60,15.06,671,8.29,51.04,6,0,1,0
APP-17472,40,29434.41,16,MORTGAGE,3000,HOMEIMPROVEMENT,60,10.85,693,20.59,47.93,14,0,0,0
APP-17473,57,78479.48,0,MORTGAGE,32000,DEBTCONSOLIDATION,36,12.09,690,11.9,47.91,5,0,0,0
APP-17474,65,24290.11,14,OWN,24000,PERSONAL,60,15.31,646,6.6,64.4,9,0,2,0
APP-17475,38,117379.65,4,MORTGAGE,17000,MEDICAL,60,11.41,712,14.17,10.49,7,2,0,0
APP-17476,37,57201.44,6,MORTGAGE,10000,DEBTCONSOLIDATION,36,15.55,619,11.06,44.93,11,0,0,0
APP-17477,29,48120.46,9,RENT,7000,PERSONAL,36,14.09,701,7.61,48.76,10,0,1,0
APP-17478,34,53413.68,16,MORTGAGE,26000,DEBTCONSOLIDATION,60,15.97,640,17.42,24.94,13,0,0,0
APP-17479,69,75472.85,2,MORTGAGE,5000,HOMEIMPROVEMENT,36,10.6,772,12.83,47.9,12,0,0,0
APP-17480,49,,0,RENT,13000,DEBTCONSOLIDATION,60,13.0,734,2.0,23.47,10,0,0,0
APP-17481,51,54399.71,1,MORTGAGE,25000,DEBTCONSOLIDATION,60,10.95,708,19.48,33.09,13,0,0,0
APP-17482,24,101370.75,3,MORTGAGE,28000,VENTURE,36,11.12,726,42.25,51.17,10,1,0,0
APP-17483,38,71214.58,0,RENT,4000,DEBTCONSOLIDATION,36,11.56,726,25.37,4.42,7,0,0,0
APP-17484,40,32048.93,19,MORTGAGE,13000,VENTURE,60,10.0,729,6.59,80.93,6,0,0,0
APP-17485,67,42029.45,5,RENT,31000,HOMEIMPROVEMENT,60,18.14,594,9.15,29.17,7,0,0,0
APP-17486,63,24570.25,2,MORTGAGE,13000,DEBTCONSOLIDATION,36,14.87,656,12.34,20.91,10,3,0,1
APP-17487,64,81440.12,12,MORTGAGE,23000,DEBTCONSOLIDATION,60,14.79,652,11.54,24.01,12,0,1,0
APP-17488,29,85905.22,16,RENT,16000,HOMEIMPROVEMENT,36,12.28,646,17.47,26.42,3,2,0,0
APP-17489,33,37527.05,15,MORTGAGE,29000,HOMEIMPROVEMENT,36,7.56,787,14.43,37.91,16,0,0,0
APP-17490,35,189553.42,14,OWN,18000,HOMEIMPROVEMENT,36,11.21,688,17.76,69.53,14,0,0,0
APP-17491,47,202590.71,0,RENT,26000,HOMEIMPROVEMENT,60,6.93,750,42.03,51.45,5,0,0,0
APP-17492,35,60560.9,16,MORTGAGE,4000,DEBTCONSOLIDATION,36,13.27,681,28.32,2.01,12,0,0,0
APP-17493,48,40187.7,9,RENT,37000,DEBTCONSOLIDATION,36,10.72,647,13.47,15.01,15,0,0,0
APP-17494,57,68658.53,13,MORTGAGE,32000,PERSONAL,36,12.3,693,4.66,16.0,15,2,0,0
APP-17495,39,39714.99,20,RENT,16000,PERSONAL,60,15.73,666,13.15,5.62,17,0,0,0
APP-17496,46,96280.02,16,RENT,29000,HOMEIMPROVEMENT,36,10.31,766,23.97,55.56,9,0,2,0
APP-17497,46,65067.45,17,RENT,32000,DEBTCONSOLIDATION,36,15.27,592,7.2,12.26,8,0,1,0
APP-17498,45,67449.66,2,MORTGAGE,21000,DEBTCONSOLIDATION,36,10.73,739,15.67,3.14,6,0,1,0
APP-17499,46,144290.36,9,MORTGAGE,22000,VENTURE,36,14.0,694,6.23,49.43,7,1,0,0
APP-17500,46,43935.96,19,MORTGAGE,28000,VENTURE,60,13.47,681,33.9,26.27,5,0,0,0
APP-17501,66,44824.25,11,MORTGAGE,20000,EDUCATION,60,11.65,682,21.63,12.35,7,0,0,0
APP-17502,48,91967.01,0,RENT,37000,DEBTCONSOLIDATION,36,12.03,713,5.42,30.74,16,0,0,0
APP-17503,69,48484.59,14,RENT,13000,DEBTCONSOLIDATION,36,12.96,682,6.33,64.63,11,0,0,0
APP-17504,38,,0,MORTGAGE,36000,PERSONAL,60,8.79,747,22.88,11.18,9,0,0,0
APP-17505,52,98740.29,15,RENT,34000,PERSONAL,36,18.19,582,19.84,26.01,8,0,0,0
APP-17506,23,49727.8,18,RENT,37000,DEBTCONSOLIDATION,36,10.07,658,20.05,65.39,12,0,0,0
APP-17507,22,24202.63,7,MORTGAGE,24000,PERSONAL,60,14.7,638,24.55,71.01,9,0,0,1
APP-17508,53,28966.01,7,RENT,14000,DEBTCONSOLIDATION,36,15.62,602,14.14,82.83,7,0,0,0
APP-17509,62,,5,RENT,31000,DEBTCONSOLIDATION,36,11.17,704,11.38,69.39,10,0,0,0
APP-17510,39,73302.86,18,RENT,11000,HOMEIMPROVEMENT,60,8.36,775,5.5,23.98,12,0,0,0
APP-17511,37,103895.26,10,RENT,21000,DEBTCONSOLIDATION,36,15.42,714,7.36,23.18,13,0,0,0
APP-17512,64,53710.09,11,MORTGAGE,7000,PERSONAL,36,12.52,669,14.76,54.0,16,0,0,0
APP-17513,53,38390.14,13,RENT,32000,DEBTCONSOLIDATION,36,10.36,738,18.05,12.2,5,0,0,0
APP-17514,32,55805.58,5,RENT,20000,DEBTCONSOLIDATION,36,12.01,721,30.69,47.37,9,0,0,0
APP-17515,69,60487.06,8,MORTGAGE,4000,MEDICAL,60,14.05,634,22.28,19.24,9,0,0,0
APP-17516,23,114975.31,15,MORTGAGE,11000,HOMEIMPROVEMENT,36,12.92,653,13.22,84.63,9,0,1,1
APP-17517,63,111827.42,20,MORTGAGE,11000,MEDICAL,36,7.65,800,14.63,30.62,5,2,0,0
APP-17518,69,36280.98,0,MORTGAGE,22000,HOMEIMPROVEMENT,36,9.42,768,33.11,14.46,8,0,0,0
APP-17519,46,75135.31,0,MORTGAGE,3000,HOMEIMPROVEMENT,36,13.46,714,17.87,3.51,14,0,0,0
APP-17520,55,39068.7,8,MORTGAGE,40000,MEDICAL,36,10.97,742,11.3,19.0,12,0,0,0
APP-17521,28,39624.35,13,OWN,31000,DEBTCONSOLIDATION,36,12.56,761,7.06,47.42,7,0,0,0
APP-17522,56,100643.29,7,MORTGAGE,29000,PERSONAL,36,11.86,764,20.74,20.03,11,0,0,0
APP-17523,27,54195.13,20,MORTGAGE,19000,EDUCATION,36,12.48,744,21.37,26.1,10,3,0,0
APP-17524,66,82448.64,2,MORTGAGE,15000,DEBTCONSOLIDATION,60,14.85,644,20.62,22.29,11,0,0,0
APP-17525,66,78226.78,0,MORTGAGE,20000,HOMEIMPROVEMENT,36,12.66,701,13.0,25.55,14,0,0,0
APP-17526,56,,2,RENT,37000,VENTURE,36,11.8,745,10.19,38.36,9,0,0,0
APP-17527,36,70720.72,18,OWN,13000,MEDICAL,36,13.79,701,10.03,45.09,12,0,0,0
APP-17528,44,66298.78,1,MORTGAGE,21000,MEDICAL,36,11.1,684,12.33,39.8,6,0,0,0
APP-17529,21,33683.89,9,MORTGAGE,35000,HOMEIMPROVEMENT,36,14.56,662,20.48,64.46,13,0,0,0
APP-17530,69,76394.26,7,RENT,37000,HOMEIMPROVEMENT,36,15.31,603,17.73,32.62,10,0,0,0
APP-17531,45,42066.26,13,RENT,22000,DEBTCONSOLIDATION,60,13.83,652,35.38,13.53,9,0,0,0
APP-17532,30,35082.32,0,RENT,20000,DEBTCONSOLIDATION,36,15.87,616,7.01,32.57,6,0,0,0
APP-17533,36,91795.79,13,RENT,36000,EDUCATION,36,9.7,706,4.1,18.41,14,0,0,0
APP-17534,36,44548.79,6,MORTGAGE,9000,EDUCATION,36,16.33,657,10.14,28.26,10,1,0,0
APP-17535,28,104333.11,19,RENT,23000,PERSONAL,36,12.25,689,11.05,56.85,14,5,1,0
APP-17536,49,103691.96,17,OWN,39000,PERSONAL,36,11.39,704,8.64,50.22,7,0,0,0
APP-17537,59,47175.24,7,RENT,19000,PERSONAL,36,12.94,708,17.89,38.88,6,0,0,0
APP-17538,48,102147.23,20,RENT,9000,PERSONAL,60,14.45,660,4.76,52.25,12,0,0,0
APP-17539,26,49283.14,0,MORTGAGE,3000,VENTURE,36,11.83,667,15.1,58.78,12,0,0,0
APP-17540,36,57861.36,16,RENT,21000,PERSONAL,36,15.0,693,12.9,43.08,5,0,0,0
APP-17541,40,76641.42,8,MORTGAGE,6000,MEDICAL,36,10.94,693,10.71,21.43,9,0,0,0
APP-17542,36,165992.55,8,MORTGAGE,31000,HOMEIMPROVEMENT,36,10.74,738,4.93,42.42,9,0,0,0
APP-17543,27,95841.26,2,RENT,19000,EDUCATION,60,10.08,695,7.33,63.25,11,1,0,0
APP-17544,61,58168.85,9,RENT,24000,HOMEIMPROVEMENT,60,18.32,626,18.18,73.7,15,0,0,1
APP-17545,34,63047.97,0,RENT,3000,PERSONAL,36,14.68,660,16.04,41.55,9,0,0,0
APP-17546,63,27131.18,12,MORTGAGE,38000,MEDICAL,36,13.73,646,17.8,33.0,10,0,0,0
APP-17547,46,98953.05,3,RENT,33000,DEBTCONSOLIDATION,60,13.46,667,13.62,55.05,9,0,0,0
APP-17548,46,93776.39,14,MORTGAGE,2000,EDUCATION,36,9.93,722,19.7,19.22,18,0,1,0
APP-17549,34,68992.02,12,MORTGAGE,40000,DEBTCONSOLIDATION,36,12.66,730,7.38,55.37,7,0,0,1
APP-17550,27,85723.14,15,MORTGAGE,2000,HOMEIMPROVEMENT,36,10.02,701,37.88,20.83,19,0,0,0
APP-17551,53,21750.81,15,RENT,32000,DEBTCONSOLIDATION,60,16.7,608,9.65,8.87,18,0,0,0
APP-17552,46,34860.76,2,MORTGAGE,40000,DEBTCONSOLIDATION,36,12.77,649,5.55,7.87,5,0,0,0
APP-17553,65,147375.17,0,RENT,9000,PERSONAL,60,15.71,666,12.36,21.75,4,0,0,0
APP-17554,40,52634.99,6,MORTGAGE,4000,DEBTCONSOLIDATION,36,10.52,724,31.55,16.89,9,0,0,0
APP-17555,23,87440.73,19,RENT,13000,EDUCATION,36,16.02,603,13.15,54.33,11,0,0,0
APP-17556,24,41220.06,11,RENT,35000,VENTURE,36,17.59,624,23.01,25.13,8,0,0,0
APP-17557,46,47998.07,14,MORTGAGE,26000,MEDICAL,36,12.29,721,38.86,68.22,15,0,0,0
APP-17558,31,151348.65,18,MORTGAGE,37000,EDUCATION,36,12.79,713,20.28,30.48,8,0,0,0
APP-17559,22,55341.26,18,RENT,8000,HOMEIMPROVEMENT,36,9.57,777,31.29,5.59,5,0,0,0
APP-17560,34,77790.92,10,RENT,16000,DEBTCONSOLIDATION,60,8.03,804,26.86,47.71,11,0,0,0
APP-17561,64,63909.79,10,OTHER,22000,VENTURE,60,15.23,634,29.46,29.1,14,0,0,0
APP-17562,50,67724.86,17,RENT,26000,PERSONAL,36,15.54,617,14.25,36.96,11,0,0,0
APP-17563,69,66576.94,16,RENT,39000,DEBTCONSOLIDATION,60,15.52,638,7.49,62.28,7,0,0,0
APP-17564,32,22274.51,14,RENT,38000,DEBTCONSOLIDATION,60,9.68,835,17.62,3.93,10,0,0,0
APP-17565,46,76003.37,12,MORTGAGE,17000,HOMEIMPROVEMENT,36,13.66,655,15.87,15.53,7,0,0,0
APP-17566,64,45760.9,12,MORTGAGE,2000,DEBTCONSOLIDATION,36,9.25,766,15.88,23.79,11,0,0,0
APP-17567,53,145769.75,6,RENT,38000,DEBTCONSOLIDATION,36,8.76,766,9.76,38.59,9,4,0,0
APP-17568,33,40687.65,17,MORTGAGE,15000,PERSONAL,36,17.34,573,6.12,32.21,4,0,0,1
APP-17569,34,47296.87,12,MORTGAGE,35000,DEBTCONSOLIDATION,60,13.48,707,7.96,32.88,11,0,0,0
APP-17570,44,203425.88,3,MORTGAGE,3000,MEDICAL,36,11.91,699,5.91,44.69,15,0,0,0
APP-17571,54,85965.6,3,OTHER,32000,HOMEIMPROVEMENT,36,11.33,747,13.21,21.84,7,0,3,0
APP-17572,64,36617.83,17,RENT,20000,DEBTCONSOLIDATION,36,9.15,769,33.45,30.38,13,0,0,0
APP-17573,46,65395.29,12,OWN,20000,MEDICAL,36,11.46,746,17.43,26.32,11,0,0,0
APP-17574,41,32526.26,7,MORTGAGE,24000,DEBTCONSOLIDATION,36,11.29,703,5.09,34.65,7,0,0,0
APP-17575,48,68104.14,2,RENT,31000,PERSONAL,36,11.92,733,10.14,30.21,14,0,0,0
APP-17576,68,40047.07,12,OWN,18000,PERSONAL,36,17.68,540,14.5,43.37,20,0,0,0
APP-17577,56,152119.89,2,MORTGAGE,3000,DEBTCONSOLIDATION,36,12.57,607,6.95,28.29,12,2,0,0
APP-17578,60,73898.09,8,OWN,12000,PERSONAL,36,14.5,650,15.3,7.15,9,1,1,0
APP-17579,22,77946.35,13,MORTGAGE,15000,DEBTCONSOLIDATION,36,12.73,706,9.63,73.88,10,0,0,0
APP-17580,62,96266.5,11,RENT,30000,DEBTCONSOLIDATION,36,14.89,613,38.12,17.54,10,0,0,0
APP-17581,29,101804.7,19,MORTGAGE,20000,VENTURE,36,9.4,711,35.51,66.93,8,0,0,0
APP-17582,43,42423.81,0,RENT,29000,DEBTCONSOLIDATION,36,11.19,755,7.17,49.26,2,0,0,0
APP-17583,35,62785.81,4,RENT,2000,DEBTCONSOLIDATION,36,17.03,564,10.18,59.82,15,0,0,0
APP-17584,33,47918.67,0,MORTGAGE,6000,HOMEIMPROVEMENT,36,8.15,812,28.71,50.06,10,0,0,0
APP-17585,43,170593.11,2,OWN,35000,VENTURE,36,15.18,628,15.26,63.97,8,0,0,0
APP-17586,37,19098.55,1,MORTGAGE,15000,PERSONAL,60,12.81,728,28.74,28.36,11,0,0,0
APP-17587,68,44911.31,14,MORTGAGE,20000,MEDICAL,36,13.32,632,27.33,39.5,16,0,0,0
APP-17588,22,57527.55,6,RENT,25000,VENTURE,36,10.95,699,7.68,49.25,11,1,0,0
APP-17589,40,64117.2,19,MORTGAGE,18000,PERSONAL,36,18.16,572,10.81,28.64,8,0,0,0
APP-17590,40,63465.99,0,MORTGAGE,3000,HOMEIMPROVEMENT,60,12.5,757,5.78,54.58,8,0,0,0
APP-17591,66,58508.31,13,RENT,32000,DEBTCONSOLIDATION,36,17.28,607,12.88,38.19,9,0,1,0
APP-17592,23,55204.02,20,RENT,18000,HOMEIMPROVEMENT,36,11.66,713,10.41,66.01,12,0,0,0
APP-17593,32,67551.7,2,MORTGAGE,9000,EDUCATION,60,9.68,748,7.24,3.65,7,0,0,0
APP-17594,60,75414.25,8,RENT,18000,VENTURE,36,15.84,656,19.99,38.46,9,5,0,0
APP-17595,22,,14,RENT,39000,DEBTCONSOLIDATION,36,16.27,647,11.4,25.59,15,0,0,0
APP-17596,56,145936.98,12,OWN,27000,MEDICAL,36,15.97,584,42.14,48.43,8,0,0,0
APP-17597,34,69598.51,11,OTHER,8000,VENTURE,60,13.77,700,17.54,57.9,14,0,0,1
APP-17598,36,46738.67,5,MORTGAGE,25000,DEBTCONSOLIDATION,36,14.1,699,15.83,16.72,5,0,0,0
APP-17599,39,48402.48,14,MORTGAGE,31000,HOMEIMPROVEMENT,36,12.97,634,7.64,29.21,12,2,0,0
APP-17600,54,31037.58,13,RENT,27000,EDUCATION,36,11.04,689,13.31,53.06,7,0,0,0
APP-17601,64,96434.3,1,RENT,31000,DEBTCONSOLIDATION,36,15.76,605,13.49,21.33,8,0,0,0
APP-17602,66,58549.78,20,OTHER,36000,DEBTCONSOLIDATION,60,13.21,612,18.95,17.73,11,1,0,0
APP-17603,26,74505.69,10,MORTGAGE,3000,HOMEIMPROVEMENT,36,10.37,734,47.89,21.57,8,0,1,0
APP-17604,33,,10,MORTGAGE,5000,DEBTCONSOLIDATION,36,13.14,680,6.0,73.83,8,1,0,1
APP-17605,56,42242.82,17,RENT,6000,HOMEIMPROVEMENT,36,15.05,616,14.69,20.03,7,0,0,0
APP-17606,42,39714.0,12,OWN,3000,DEBTCONSOLIDATION,36,7.65,757,35.11,5.19,10,0,0,0
APP-17607,38,47740.9,0,RENT,32000,PERSONAL,36,14.05,679,32.54,22.48,12,0,0,0
APP-17608,32,76333.19,9,RENT,28000,MEDICAL,60,11.38,709,28.04,40.62,9,1,1,0
APP-17609,50,57504.83,16,RENT,25000,VENTURE,36,9.03,719,8.15,25.18,9,2,0,0
APP-17610,60,24768.92,14,MORTGAGE,5000,DEBTCONSOLIDATION,60,13.3,690,30.36,54.61,12,0,0,0
APP-17611,27,35879.7,20,MORTGAGE,29000,VENTURE,60,13.26,680,11.28,46.9,12,0,0,0
APP-17612,52,52381.78,0,MORTGAGE,6000,PERSONAL,36,11.44,758,30.89,23.84,13,0,0,0
APP-17613,68,58970.63,4,RENT,28000,EDUCATION,60,15.73,606,4.63,28.33,11,1,0,0
APP-17614,39,77477.25,10,MORTGAGE,6000,DEBTCONSOLIDATION,36,17.3,567,18.78,48.09,16,1,0,0
APP-17615,26,61061.11,12,OWN,6000,PERSONAL,60,14.78,647,31.37,32.23,9,0,0,0
APP-17616,40,49943.31,4,RENT,10000,DEBTCONSOLIDATION,60,12.99,655,22.43,35.45,11,0,0,0
APP-17617,47,49092.27,17,MORTGAGE,28000,PERSONAL,36,16.57,588,18.32,23.56,8,0,0,0
APP-17618,63,66219.57,2,OWN,5000,DEBTCONSOLIDATION,36,13.04,716,18.07,37.09,8,0,0,0
APP-17619,57,73793.39,0,RENT,25000,MEDICAL,60,15.01,677,12.17,27.66,7,0,0,1
APP-17620,68,50771.92,19,RENT,28000,HOMEIMPROVEMENT,36,14.13,728,38.24,54.08,8,0,0,0
APP-17621,27,34931.8,7,OWN,2000,MEDICAL,36,13.97,684,23.86,42.68,8,0,0,0
APP-17622,25,56993.77,20,RENT,33000,HOMEIMPROVEMENT,60,14.14,607,37.24,3.44,11,0,0,0
APP-17623,31,43263.7,4,RENT,17000,DEBTCONSOLIDATION,36,15.43,645,4.93,31.55,9,0,1,0
APP-17624,35,69133.19,0,MORTGAGE,24000,DEBTCONSOLIDATION,60,12.31,695,20.16,14.32,11,0,0,0
APP-17625,23,125539.26,15,MORTGAGE,29000,PERSONAL,36,12.03,772,31.56,35.28,12,0,0,0
APP-17626,25,30461.47,17,MORTGAGE,21000,EDUCATION,36,11.19,692,13.21,20.23,10,0,0,0
APP-17627,43,106441.24,9,MORTGAGE,18000,MEDICAL,36,14.56,695,10.83,66.16,10,0,0,0
APP-17628,57,75698.97,0,MORTGAGE,37000,VENTURE,60,12.74,757,21.88,43.19,12,2,0,0
APP-17629,29,103924.54,13,RENT,9000,PERSONAL,36,12.65,715,30.13,24.15,4,0,0,0
APP-17630,35,48152.47,2,RENT,19000,DEBTCONSOLIDATION,60,15.34,684,30.07,18.5,14,0,0,0
APP-17631,23,29056.17,17,RENT,14000,DEBTCONSOLIDATION,36,16.36,645,10.22,64.51,12,0,0,0
APP-17632,49,65502.78,4,MORTGAGE,10000,VENTURE,36,8.59,807,4.12,28.09,14,0,1,0
APP-17633,26,120552.74,17,OWN,38000,DEBTCONSOLIDATION,60,13.17,622,37.42,82.23,13,0,0,0
APP-17634,37,35233.03,7,MORTGAGE,31000,DEBTCONSOLIDATION,36,12.92,652,13.4,63.85,12,0,0,1
APP-17635,46,37981.1,11,RENT,29000,HOMEIMPROVEMENT,60,15.09,567,30.51,9.44,7,0,0,0
APP-17636,41,80305.98,16,OWN,19000,DEBTCONSOLIDATION,60,9.95,802,18.19,39.76,12,0,0,0
APP-17637,28,46346.29,0,RENT,21000,HOMEIMPROVEMENT,36,12.06,681,5.1,32.39,9,0,0,0
APP-17638,41,137728.9,16,RENT,37000,DEBTCONSOLIDATION,36,9.8,755,23.7,35.83,11,0,0,0
APP-17639,31,82953.7,1,MORTGAGE,20000,DEBTCONSOLIDATION,60,13.22,698,27.67,53.11,10,3,0,0
APP-17640,58,41789.0,6,MORTGAGE,6000,DEBTCONSOLIDATION,60,12.08,727,32.81,14.41,7,2,0,0
APP-17641,28,45146.9,9,RENT,35000,VENTURE,36,12.93,665,7.15,41.91,9,0,2,0
APP-17642,62,46048.34,18,OWN,18000,PERSONAL,60,19.81,515,9.6,62.47,11,0,0,0
APP-17643,44,58602.92,0,OWN,29000,DEBTCONSOLIDATION,60,13.16,750,8.85,20.09,10,0,0,0
APP-17644,55,69718.83,10,RENT,37000,DEBTCONSOLIDATION,60,14.56,684,15.29,26.27,13,0,0,0
APP-17645,34,67219.28,12,MORTGAGE,39000,EDUCATION,60,12.12,703,18.56,67.88,14,0,0,0
APP-17646,34,34120.3,5,MORTGAGE,31000,HOMEIMPROVEMENT,36,13.58,704,22.78,35.87,12,0,0,0
APP-17647,30,93989.45,4,RENT,19000,HOMEIMPROVEMENT,36,12.07,654,3.54,28.33,13,0,0,0
APP-17648,32,51790.37,9,OWN,7000,PERSONAL,60,10.73,737,27.35,65.4,15,5,0,0
APP-17649,58,37655.42,2,RENT,27000,PERSONAL,36,15.36,610,34.08,78.88,11,0,0,0
APP-17650,64,47499.64,8,RENT,16000,VENTURE,36,13.3,695,12.92,42.85,14,0,0,0
APP-17651,66,99424.51,15,RENT,2000,VENTURE,60,11.76,650,11.88,56.74,13,0,2,1
APP-17652,54,65851.78,17,MORTGAGE,18000,DEBTCONSOLIDATION,60,13.9,686,12.3,32.69,7,0,0,0
APP-17653,61,68787.74,7,RENT,32000,MEDICAL,36,10.01,687,25.72,14.96,11,0,0,0
APP-17654,30,33356.43,12,OWN,3000,VENTURE,36,15.85,723,17.43,89.0,9,0,0,0
APP-17655,37,63966.61,0,MORTGAGE,37000,PERSONAL,60,13.83,595,10.06,17.87,6,0,0,0
APP-17656,37,98594.02,10,RENT,36000,PERSONAL,60,17.21,554,35.39,73.89,12,0,0,1
APP-17657,23,24306.77,20,MORTGAGE,28000,VENTURE,36,16.4,674,10.71,38.68,11,0,0,0
APP-17658,51,49292.4,5,MORTGAGE,4000,VENTURE,36,9.26,825,25.17,40.47,10,0,0,0
APP-17659,21,81763.85,11,RENT,21000,DEBTCONSOLIDATION,36,11.79,786,16.41,38.07,10,5,0,0
APP-17660,32,64803.97,15,RENT,9000,PERSONAL,60,13.91,667,26.3,38.07,13,0,0,0
APP-17661,59,35975.65,12,MORTGAGE,30000,EDUCATION,36,12.8,756,24.0,25.01,12,0,0,0
APP-17662,24,73066.95,7,RENT,9000,HOMEIMPROVEMENT,36,11.42,771,8.17,47.06,9,0,0,0
APP-17663,62,33399.44,1,MORTGAGE,28000,EDUCATION,36,16.52,623,11.61,66.37,9,0,0,0
APP-17664,33,38801.98,8,RENT,27000,VENTURE,36,11.62,701,7.66,27.52,8,1,0,0
APP-17665,54,40893.28,4,RENT,40000,PERSONAL,36,18.21,550,32.37,76.56,10,0,0,1
APP-17666,62,129533.4,14,RENT,11000,HOMEIMPROVEMENT,36,13.51,657,13.32,22.13,12,2,0,0
APP-17667,41,25981.63,8,MORTGAGE,31000,HOMEIMPROVEMENT,36,15.07,640,31.16,25.72,6,0,0,0
APP-17668,42,26958.46,17,RENT,34000,HOMEIMPROVEMENT,36,9.19,718,38.5,30.92,8,0,0,0
APP-17669,24,68986.14,2,RENT,37000,HOMEIMPROVEMENT,60,14.85,665,10.56,47.11,13,0,0,0
APP-17670,38,63095.29,7,RENT,21000,MEDICAL,36,15.19,662,7.15,55.55,8,0,0,0
APP-17671,25,47336.32,10,MORTGAGE,5000,DEBTCONSOLIDATION,60,10.3,766,43.52,34.68,11,0,0,0
APP-17672,39,60289.46,1,RENT,24000,VENTURE,36,17.54,566,18.65,37.79,8,1,0,0
APP-17673,22,35162.31,11,RENT,30000,PERSONAL,36,16.18,607,6.89,0.1,14,0,0,0
APP-17674,32,62696.65,4,RENT,33000,MEDICAL,36,11.59,724,14.08,60.86,9,1,0,0
APP-17675,37,66489.2,3,MORTGAGE,38000,HOMEIMPROVEMENT,60,16.17,652,25.19,12.39,11,0,0,0
APP-17676,30,109902.63,1,OWN,38000,MEDICAL,36,11.79,713,7.47,15.0,13,0,0,0
APP-17677,54,155381.72,6,MORTGAGE,27000,PERSONAL,36,11.95,758,16.84,83.88,4,0,0,0
APP-17678,26,52375.39,19,RENT,6000,DEBTCONSOLIDATION,36,11.35,737,13.93,63.65,13,0,0,0
APP-17679,28,31676.92,0,RENT,25000,HOMEIMPROVEMENT,36,9.86,765,19.26,38.2,7,0,0,1
APP-17680,31,72583.09,17,MORTGAGE,3000,VENTURE,60,15.95,697,16.02,55.08,5,0,0,0
APP-17681,32,,7,MORTGAGE,16000,HOMEIMPROVEMENT,36,13.43,633,10.28,41.35,14,2,0,0
APP-17682,29,54773.23,11,RENT,9000,HOMEIMPROVEMENT,36,14.26,619,30.31,65.91,10,0,0,0
APP-17683,22,26754.64,9,RENT,38000,DEBTCONSOLIDATION,60,14.48,651,5.73,23.39,8,0,3,0
APP-17684,28,62900.4,19,MORTGAGE,38000,EDUCATION,36,9.16,735,8.87,54.78,9,0,0,0
APP-17685,31,73971.08,15,RENT,15000,DEBTCONSOLIDATION,60,10.03,709,14.56,42.62,15,2,0,0
APP-17686,56,98390.78,20,RENT,6000,PERSONAL,36,11.72,759,4.08,27.07,7,0,0,0
APP-17687,30,46502.29,16,RENT,10000,PERSONAL,60,11.68,769,31.1,46.15,4,0,0,0
APP-17688,41,39628.69,4,RENT,23000,MEDICAL,36,14.08,626,4.17,42.68,10,0,0,0
APP-17689,40,46317.08,20,RENT,31000,HOMEIMPROVEMENT,36,9.26,738,26.29,25.04,15,0,3,0
APP-17690,68,95496.0,20,RENT,34000,HOMEIMPROVEMENT,36,13.73,671,16.01,37.01,7,0,0,0
APP-17691,28,119737.14,1,RENT,39000,DEBTCONSOLIDATION,36,14.98,621,22.56,24.88,7,1,0,0
APP-17692,56,104871.93,18,RENT,38000,DEBTCONSOLIDATION,36,7.5,784,22.34,20.96,9,0,0,0
APP-17693,49,82771.94,13,RENT,39000,PERSONAL,60,14.52,677,15.2,22.33,9,0,0,0
APP-17694,62,58918.46,19,RENT,8000,DEBTCONSOLIDATION,36,10.37,744,7.89,23.13,12,0,0,0
APP-17695,32,63695.39,19,RENT,4000,PERSONAL,36,9.0,816,23.21,19.71,11,0,1,0
APP-17696,34,68512.45,18,MORTGAGE,33000,DEBTCONSOLIDATION,36,15.74,597,30.73,46.0,7,0,0,0
APP-17697,68,52782.83,18,OWN,37000,VENTURE,36,12.71,689,22.16,5.96,16,0,0,0
APP-17698,41,93394.76,0,OWN,20000,VENTURE,36,12.18,639,65.0,65.56,3,0,0,0
APP-17699,42,26202.64,1,MORTGAGE,32000,PERSONAL,36,16.3,673,16.07,32.68,7,0,0,0
APP-17700,41,28742.67,0,MORTGAGE,31000,DEBTCONSOLIDATION,36,12.79,700,19.5,33.82,7,0,0,0
APP-17701,64,26179.59,0,RENT,38000,DEBTCONSOLIDATION,36,14.61,642,10.16,19.93,5,0,0,0
APP-17702,50,40090.89,6,OWN,26000,HOMEIMPROVEMENT,36,11.82,729,30.78,56.84,13,0,0,0
APP-17703,59,117371.07,13,MORTGAGE,14000,VENTURE,36,7.63,757,16.04,46.64,7,0,0,0
APP-17704,40,33041.57,6,MORTGAGE,13000,VENTURE,60,11.86,721,14.84,42.4,7,0,0,0
APP-17705,44,33655.44,14,RENT,10000,PERSONAL,36,9.42,723,18.33,6.89,9,0,0,0
APP-17706,43,39628.99,16,RENT,10000,DEBTCONSOLIDATION,60,12.62,675,13.96,12.46,12,5,0,0
APP-17707,27,104167.64,13,RENT,28000,DEBTCONSOLIDATION,36,13.61,648,7.66,75.46,8,0,0,0
APP-17708,29,122717.95,8,OWN,32000,DEBTCONSOLIDATION,36,13.84,680,17.01,13.84,8,1,0,0
APP-17709,21,99461.7,4,RENT,7000,DEBTCONSOLIDATION,36,12.42,692,15.81,41.85,9,0,0,0
APP-17710,46,102592.62,1,MORTGAGE,30000,DEBTCONSOLIDATION,60,11.52,675,27.52,19.98,9,0,0,0
APP-17711,58,136755.65,9,RENT,31000,DEBTCONSOLIDATION,60,15.0,689,16.57,69.87,11,0,0,1
APP-17712,58,24385.67,14,MORTGAGE,39000,HOMEIMPROVEMENT,36,12.92,637,30.14,10.09,13,0,1,1
APP-17713,64,32453.26,10,RENT,12000,DEBTCONSOLIDATION,36,11.62,744,21.35,24.17,8,0,0,0
APP-17714,42,42177.09,14,MORTGAGE,7000,HOMEIMPROVEMENT,60,14.05,682,37.14,59.51,9,0,0,1
APP-17715,64,63061.4,5,RENT,40000,DEBTCONSOLIDATION,60,9.6,787,7.45,5.35,11,0,0,0
APP-17716,30,62959.32,0,MORTGAGE,32000,VENTURE,36,10.65,754,21.68,47.88,11,0,0,0
APP-17717,26,63452.34,15,RENT,36000,DEBTCONSOLIDATION,60,11.74,746,25.83,47.4,8,3,0,0
APP-17718,37,90863.13,3,OWN,13000,DEBTCONSOLIDATION,60,13.36,662,12.77,46.74,11,0,0,0
APP-17719,58,22950.08,12,MORTGAGE,7000,DEBTCONSOLIDATION,60,14.87,670,15.16,26.56,8,0,0,0
APP-17720,44,55817.01,16,RENT,27000,EDUCATION,36,12.55,682,22.45,51.55,14,0,0,0
APP-17721,30,68377.88,1,MORTGAGE,38000,PERSONAL,36,13.08,713,13.87,42.47,9,0,2,0
APP-17722,28,50881.11,11,RENT,33000,HOMEIMPROVEMENT,36,12.51,717,39.19,12.98,10,0,0,0
APP-17723,41,65812.71,13,RENT,5000,EDUCATION,36,13.83,670,7.18,38.46,8,1,0,0
APP-17724,26,99818.18,15,MORTGAGE,4000,VENTURE,36,5.75,815,6.87,24.44,9,0,0,0
APP-17725,41,61766.16,1,MORTGAGE,3000,DEBTCONSOLIDATION,36,14.56,660,5.37,21.66,10,0,0,0
APP-17726,59,174362.63,17,MORTGAGE,21000,PERSONAL,36,17.31,536,2.74,41.67,12,0,0,0
APP-17727,44,96321.19,0,MORTGAGE,20000,VENTURE,36,15.18,637,22.86,26.49,11,0,0,0
APP-17728,53,68395.57,10,MORTGAGE,40000,HOMEIMPROVEMENT,36,13.56,699,13.42,39.09,9,1,0,0
APP-17729,38,77023.44,8,OWN,13000,DEBTCONSOLIDATION,60,13.08,669,11.48,27.79,5,0,0,0
APP-17730,48,86825.81,3,RENT,37000,VENTURE,36,9.37,720,9.29,38.47,11,0,0,0
APP-17731,52,139066.98,5,MORTGAGE,29000,PERSONAL,60,13.37,692,18.76,36.39,12,0,0,0
APP-17732,32,107704.27,2,OWN,10000,VENTURE,36,12.63,673,2.17,29.82,10,0,0,0
APP-17733,68,77427.93,7,MORTGAGE,12000,HOMEIMPROVEMENT,36,16.96,631,31.65,37.3,10,0,0,0
APP-17734,62,41592.42,0,RENT,31000,PERSONAL,60,8.89,738,2.14,39.14,10,0,0,0
APP-17735,47,73678.31,18,MORTGAGE,3000,HOMEIMPROVEMENT,36,15.95,618,29.39,21.69,9,0,0,0
APP-17736,30,79974.85,1,MORTGAGE,39000,MEDICAL,36,14.33,640,27.02,56.86,10,0,0,0
APP-17737,66,88338.07,18,MORTGAGE,39000,PERSONAL,36,9.42,778,29.3,44.39,10,0,0,1
APP-17738,62,41483.47,17,RENT,34000,DEBTCONSOLIDATION,36,14.91,669,8.4,54.73,7,0,0,0
APP-17739,52,86598.32,8,MORTGAGE,8000,PERSONAL,60,18.1,553,22.99,15.85,10,0,0,0
APP-17740,62,89344.59,9,RENT,22000,DEBTCONSOLIDATION,60,11.22,735,7.31,40.46,10,0,0,0
APP-17741,46,32697.93,5,RENT,13000,DEBTCONSOLIDATION,60,8.61,789,24.72,14.66,15,0,0,0
APP-17742,45,32836.12,20,MORTGAGE,22000,PERSONAL,36,15.84,605,12.28,75.39,8,0,0,1
APP-17743,31,104716.05,13,RENT,24000,DEBTCONSOLIDATION,36,10.29,685,14.54,66.04,10,1,0,0
APP-17744,43,39042.9,19,MORTGAGE,7000,DEBTCONSOLIDATION,36,7.71,819,16.1,40.01,11,2,0,0
APP-17745,54,129167.8,7,MORTGAGE,15000,DEBTCONSOLIDATION,36,9.04,773,12.9,39.48,12,0,0,0
APP-17746,60,52079.73,18,MORTGAGE,33000,DEBTCONSOLIDATION,60,9.07,793,5.56,28.78,10,0,0,0
APP-17747,43,72579.29,8,RENT,14000,DEBTCONSOLIDATION,60,14.1,656,6.79,67.44,7,0,1,0
APP-17748,49,70837.81,17,RENT,28000,DEBTCONSOLIDATION,60,13.52,666,45.82,66.32,9,0,1,1
APP-17749,51,41888.44,1,RENT,12000,HOMEIMPROVEMENT,60,10.28,768,4.77,52.55,7,0,0,0
APP-17750,27,119997.74,12,RENT,33000,HOMEIMPROVEMENT,36,11.72,704,19.03,21.84,5,0,0,0
APP-17751,60,52104.79,13,RENT,4000,VENTURE,36,6.85,766,20.29,40.24,6,0,0,0
APP-17752,53,61660.23,13,OWN,3000,DEBTCONSOLIDATION,60,9.97,673,21.98,44.78,18,0,0,0
APP-17753,41,22223.76,8,RENT,31000,HOMEIMPROVEMENT,60,10.46,744,37.78,34.2,13,0,0,0
APP-17754,22,30693.46,13,RENT,3000,PERSONAL,36,11.31,658,8.2,41.06,10,1,0,0
APP-17755,38,105194.3,3,RENT,40000,DEBTCONSOLIDATION,60,19.49,628,19.44,42.96,11,0,0,0
APP-17756,67,59708.75,11,RENT,30000,PERSONAL,36,12.19,700,10.42,56.45,14,0,0,0
APP-17757,53,44677.12,10,RENT,23000,PERSONAL,36,17.41,645,25.81,61.13,12,0,0,0
APP-17758,57,45037.61,5,MORTGAGE,26000,HOMEIMPROVEMENT,60,13.93,599,25.13,41.22,10,0,0,1
APP-17759,54,78770.47,15,MORTGAGE,20000,PERSONAL,60,17.5,592,4.56,39.01,16,0,1,1
APP-17760,40,112441.18,0,MORTGAGE,17000,HOMEIMPROVEMENT,60,11.12,725,19.35,19.58,7,0,0,0
APP-17761,55,45212.75,2,MORTGAGE,18000,EDUCATION,36,10.54,686,31.3,63.07,9,1,0,0
APP-17762,38,103562.53,8,MORTGAGE,28000,VENTURE,36,14.69,636,6.34,26.81,10,0,0,0
APP-17763,66,55268.71,18,RENT,20000,DEBTCONSOLIDATION,36,11.08,699,13.77,20.59,11,0,0,0
APP-17764,44,76904.89,11,MORTGAGE,31000,PERSONAL,36,12.84,728,11.78,52.73,7,0,0,0
APP-17765,28,24648.73,17,RENT,15000,DEBTCONSOLIDATION,36,11.11,715,6.91,7.3,13,0,0,0
APP-17766,50,26853.77,10,MORTGAGE,33000,PERSONAL,36,10.11,719,22.3,59.32,8,0,0,0
APP-17767,64,90223.29,16,RENT,24000,HOMEIMPROVEMENT,36,13.01,719,30.51,35.21,11,0,0,0
APP-17768,30,68697.73,5,MORTGAGE,37000,DEBTCONSOLIDATION,36,16.7,656,31.8,31.19,6,0,0,0
APP-17769,43,73265.02,16,MORTGAGE,11000,DEBTCONSOLIDATION,60,11.12,728,11.36,57.7,9,0,0,0
APP-17770,69,34913.03,7,RENT,39000,DEBTCONSOLIDATION,36,15.23,621,6.08,48.94,10,0,0,0
APP-17771,31,48478.83,10,MORTGAGE,30000,DEBTCONSOLIDATION,60,11.53,709,10.18,59.26,10,0,0,0
APP-17772,22,25948.68,2,RENT,12000,VENTURE,36,13.17,638,8.77,55.49,7,0,0,1
APP-17773,46,39193.88,19,RENT,39000,PERSONAL,60,16.58,583,8.96,24.19,8,0,3,0
APP-17774,56,59193.62,14,RENT,16000,PERSONAL,60,16.88,584,22.15,65.96,5,0,0,0
APP-17775,53,70538.47,17,RENT,33000,PERSONAL,36,14.49,574,33.92,10.98,13,0,0,0
APP-17776,67,41920.7,2,RENT,28000,DEBTCONSOLIDATION,36,9.23,722,13.31,63.93,17,0,0,0
APP-17777,33,78911.07,0,RENT,39000,DEBTCONSOLIDATION,60,8.49,766,32.46,18.31,6,0,0,0
APP-17778,60,58739.04,5,RENT,2000,MEDICAL,36,8.55,764,10.28,34.27,9,2,0,0
APP-17779,45,53478.51,10,RENT,15000,PERSONAL,36,10.21,729,55.89,10.89,7,0,0,0
APP-17780,24,62430.9,16,RENT,4000,PERSONAL,36,16.03,679,16.39,30.75,10,0,0,0
APP-17781,62,171066.84,7,RENT,31000,VENTURE,36,16.47,603,10.28,47.62,10,0,0,0
APP-17782,39,55242.98,4,OWN,32000,DEBTCONSOLIDATION,36,11.51,716,16.65,19.96,2,0,0,0
APP-17783,38,96386.54,6,OWN,2000,VENTURE,36,11.23,736,5.99,32.82,8,3,0,0
APP-17784,57,78679.87,14,MORTGAGE,15000,HOMEIMPROVEMENT,36,12.99,682,18.35,46.38,8,0,0,0
APP-17785,50,52887.4,5,RENT,37000,DEBTCONSOLIDATION,36,10.06,751,28.83,56.83,12,0,0,0
APP-17786,39,27580.3,20,MORTGAGE,37000,DEBTCONSOLIDATION,36,14.31,643,32.26,20.22,10,0,0,0
APP-17787,43,43756.1,2,MORTGAGE,16000,DEBTCONSOLIDATION,36,9.93,742,14.82,33.3,11,0,0,0
APP-17788,36,62205.07,15,RENT,39000,DEBTCONSOLIDATION,60,12.97,665,10.14,47.68,10,0,2,0
APP-17789,21,56818.18,11,OWN,26000,DEBTCONSOLIDATION,60,10.96,733,25.76,47.61,16,0,0,0
APP-17790,32,114498.45,3,OTHER,15000,DEBTCONSOLIDATION,60,10.16,766,15.89,44.19,9,0,0,0
APP-17791,44,41491.72,15,MORTGAGE,25000,DEBTCONSOLIDATION,36,14.56,634,11.66,15.85,7,0,0,0
APP-17792,54,55636.48,8,RENT,3000,PERSONAL,60,12.34,662,6.21,57.61,17,0,1,0
APP-17793,28,78290.55,13,MORTGAGE,35000,DEBTCONSOLIDATION,36,15.63,652,9.22,16.42,5,0,0,0
APP-17794,38,52100.6,13,RENT,24000,DEBTCONSOLIDATION,36,9.83,757,17.52,65.86,10,2,0,0
APP-17795,68,97424.87,0,RENT,9000,PERSONAL,36,9.04,756,22.44,36.1,6,0,2,0
APP-17796,25,34759.78,17,MORTGAGE,6000,HOMEIMPROVEMENT,36,17.3,671,24.7,42.01,8,0,0,0
APP-17797,46,28004.39,13,RENT,30000,MEDICAL,60,7.92,726,4.28,50.52,4,0,0,0
APP-17798,50,51885.24,16,RENT,34000,PERSONAL,36,13.94,660,23.92,35.29,10,0,0,0
APP-17799,33,57784.83,8,RENT,21000,DEBTCONSOLIDATION,36,13.99,642,5.75,51.46,11,0,0,0
APP-17800,39,66772.76,2,MORTGAGE,17000,PERSONAL,36,13.81,721,16.75,53.51,9,0,0,0
APP-17801,49,64165.91,5,OWN,38000,EDUCATION,36,13.43,726,5.35,45.95,10,0,0,0
APP-17802,23,48815.44,18,MORTGAGE,38000,MEDICAL,36,15.52,632,47.6,42.76,11,1,0,1
APP-17803,46,28170.09,19,RENT,25000,VENTURE,60,13.09,686,5.63,35.28,11,0,0,1
APP-17804,60,56423.76,9,MORTGAGE,30000,HOMEIMPROVEMENT,60,11.75,676,19.58,58.93,7,1,0,0
APP-17805,32,35609.85,5,MORTGAGE,36000,VENTURE,60,18.59,576,35.79,19.3,4,0,0,0
APP-17806,22,62024.09,14,MORTGAGE,10000,DEBTCONSOLIDATION,36,13.48,658,8.32,15.85,11,0,0,0
APP-17807,31,34406.6,15,MORTGAGE,23000,PERSONAL,36,14.43,698,18.23,62.75,15,0,0,0
APP-17808,64,72374.19,16,RENT,21000,HOMEIMPROVEMENT,60,14.61,646,18.83,50.51,10,0,0,0
APP-17809,48,137854.76,0,RENT,5000,DEBTCONSOLIDATION,36,13.82,639,15.0,17.94,13,0,1,0
APP-17810,38,41648.23,0,OWN,37000,MEDICAL,60,13.77,689,3.93,62.96,7,0,0,0
APP-17811,33,31807.19,6,RENT,13000,DEBTCONSOLIDATION,60,12.49,690,3.05,40.27,11,0,0,0
APP-17812,57,106112.49,1,MORTGAGE,24000,DEBTCONSOLIDATION,60,11.82,701,15.54,30.02,11,0,0,0
APP-17813,42,144856.73,16,RENT,40000,DEBTCONSOLIDATION,36,12.57,690,9.55,32.78,16,1,0,0
APP-17814,32,32119.21,10,MORTGAGE,9000,PERSONAL,36,12.13,734,34.6,54.8,15,1,1,0
APP-17815,22,57195.68,17,RENT,11000,PERSONAL,36,11.82,734,13.83,30.93,9,0,0,1
APP-17816,57,76372.52,2,RENT,24000,DEBTCONSOLIDATION,60,9.53,740,21.45,16.6,7,0,0,0
APP-17817,27,52568.46,12,RENT,30000,VENTURE,60,12.28,757,50.06,40.03,13,0,1,0
APP-17818,46,24939.16,11,MORTGAGE,33000,DEBTCONSOLIDATION,36,9.02,748,2.58,14.93,6,0,0,0
APP-17819,46,30138.06,6,RENT,15000,PERSONAL,36,14.19,647,17.24,32.09,6,2,0,0
APP-17820,44,31764.46,10,MORTGAGE,17000,PERSONAL,36,14.62,616,25.86,15.28,11,0,0,0
APP-17821,32,35594.55,11,RENT,40000,MEDICAL,60,12.32,729,24.78,55.32,10,0,0,0
APP-17822,36,62531.49,18,MORTGAGE,18000,MEDICAL,36,9.12,771,17.86,20.31,6,0,0,0
APP-17823,43,103659.31,0,MORTGAGE,21000,DEBTCONSOLIDATION,36,15.92,649,8.16,14.28,7,0,0,0
APP-17824,60,30371.79,16,MORTGAGE,13000,PERSONAL,60,12.42,738,4.81,49.06,13,0,0,0
APP-17825,29,40418.57,20,RENT,10000,EDUCATION,36,8.01,794,8.62,28.03,13,0,0,0
APP-17826,52,34372.76,14,MORTGAGE,9000,DEBTCONSOLIDATION,36,14.46,681,26.48,76.61,4,0,0,1
APP-17827,35,69162.01,15,RENT,38000,DEBTCONSOLIDATION,60,17.75,610,27.88,63.54,6,0,0,1
APP-17828,57,39697.28,3,RENT,22000,HOMEIMPROVEMENT,60,10.33,774,7.14,65.6,8,0,0,0
APP-17829,33,36121.36,10,MORTGAGE,33000,PERSONAL,60,11.91,727,29.49,20.29,7,0,0,0
APP-17830,25,26942.74,14,MORTGAGE,38000,MEDICAL,60,12.54,702,12.24,76.88,9,0,0,0
APP-17831,31,118167.44,11,MORTGAGE,19000,PERSONAL,36,11.92,735,11.99,75.2,8,1,3,0
APP-17832,30,178935.57,7,MORTGAGE,30000,PERSONAL,60,12.92,675,15.6,31.47,7,0,0,0
APP-17833,33,62447.82,19,MORTGAGE,8000,MEDICAL,60,8.35,783,12.04,31.81,7,0,0,0
APP-17834,61,125843.92,9,OWN,38000,DEBTCONSOLIDATION,36,14.17,686,7.51,57.48,8,0,0,0
APP-17835,66,45095.8,20,MORTGAGE,7000,PERSONAL,36,17.9,577,11.91,72.75,6,0,0,0
APP-17836,35,59847.29,11,RENT,21000,VENTURE,60,13.34,666,12.65,34.29,9,0,0,0
APP-17837,62,82920.42,16,MORTGAGE,10000,PERSONAL,36,16.9,575,33.64,56.1,6,0,0,1
APP-17838,27,41114.51,15,MORTGAGE,10000,DEBTCONSOLIDATION,36,12.9,693,7.18,9.78,10,0,0,0
APP-17839,60,55285.96,13,RENT,9000,PERSONAL,60,10.41,820,24.15,36.14,12,0,1,0
APP-17840,48,51977.06,0,RENT,18000,PERSONAL,36,13.6,619,23.59,72.45,9,0,0,0
APP-17841,52,74523.46,0,MORTGAGE,25000,EDUCATION,60,14.32,659,28.94,30.7,10,0,0,0
APP-17842,55,61761.25,11,RENT,24000,DEBTCONSOLIDATION,60,16.28,602,16.87,20.94,10,0,0,0
APP-17843,35,,18,RENT,34000,VENTURE,36,14.42,683,16.65,34.31,11,1,0,0
APP-17844,68,51511.21,11,OWN,23000,DEBTCONSOLIDATION,60,11.69,703,12.11,21.59,9,0,0,0
APP-17845,56,104544.89,3,RENT,23000,HOMEIMPROVEMENT,36,16.63,572,14.45,25.51,8,0,0,0
APP-17846,41,78781.05,5,RENT,28000,PERSONAL,36,12.62,731,9.43,29.1,11,1,0,0
APP-17847,26,75427.18,12,MORTGAGE,3000,MEDICAL,60,12.1,676,18.67,37.47,12,0,2,0
APP-17848,21,184979.56,11,RENT,32000,PERSONAL,36,14.65,678,6.93,14.64,8,1,0,0
APP-17849,24,34013.92,19,MORTGAGE,14000,VENTURE,36,14.15,626,10.46,14.68,10,0,0,0
APP-17850,31,85381.07,10,RENT,3000,HOMEIMPROVEMENT,36,11.67,695,13.16,18.06,9,0,0,0
APP-17851,64,61537.49,6,MORTGAGE,8000,PERSONAL,36,9.86,786,4.32,48.63,5,0,0,0
APP-17852,46,71104.67,10,RENT,12000,DEBTCONSOLIDATION,36,10.79,738,10.75,57.06,9,0,0,0
APP-17853,57,65587.56,16,MORTGAGE,27000,DEBTCONSOLIDATION,36,11.3,741,4.23,26.53,5,0,1,0
APP-17854,43,42160.84,10,MORTGAGE,22000,DEBTCONSOLIDATION,36,16.63,611,2.57,19.5,8,0,2,0
APP-17855,49,35684.59,5,OWN,16000,DEBTCONSOLIDATION,36,9.4,834,5.98,18.51,5,0,1,0
APP-17856,41,59869.12,5,RENT,17000,DEBTCONSOLIDATION,36,12.54,660,24.55,22.69,10,0,0,0
APP-17857,68,40494.14,15,MORTGAGE,10000,PERSONAL,36,11.36,726,6.46,35.36,4,0,2,0
APP-17858,65,49771.48,0,MORTGAGE,22000,EDUCATION,36,12.59,698,18.73,5.41,10,0,0,0
APP-17859,65,89239.6,4,OWN,7000,HOMEIMPROVEMENT,36,13.9,699,17.13,70.03,3,0,0,0
APP-17860,69,32420.87,1,RENT,2000,DEBTCONSOLIDATION,60,10.76,743,27.34,37.06,7,0,0,0
APP-17861,47,54401.33,19,MORTGAGE,32000,HOMEIMPROVEMENT,36,8.94,754,15.75,38.42,9,0,0,0
APP-17862,59,101443.58,0,RENT,6000,PERSONAL,60,15.79,595,8.08,54.02,12,0,0,0
APP-17863,60,46463.04,15,RENT,38000,HOMEIMPROVEMENT,60,14.63,604,5.03,43.79,6,1,0,0
APP-17864,33,124832.44,12,MORTGAGE,27000,HOMEIMPROVEMENT,60,12.53,682,37.66,50.25,13,0,0,0
APP-17865,43,27573.29,12,MORTGAGE,2000,DEBTCONSOLIDATION,36,10.85,720,7.88,19.15,12,0,0,0
APP-17866,36,148700.91,15,MORTGAGE,2000,MEDICAL,36,11.78,693,10.27,35.48,9,0,1,0
APP-17867,50,60414.94,7,RENT,30000,PERSONAL,36,15.79,634,19.69,25.86,6,0,0,0
APP-17868,24,30812.64,7,RENT,23000,HOMEIMPROVEMENT,60,9.14,738,18.82,30.23,9,0,0,0
APP-17869,60,90815.82,4,RENT,39000,DEBTCONSOLIDATION,36,10.42,782,6.51,58.71,10,2,0,0
APP-17870,36,74266.67,11,OWN,20000,DEBTCONSOLIDATION,36,15.17,682,17.14,11.04,10,2,0,0
APP-17871,51,119500.27,19,RENT,29000,HOMEIMPROVEMENT,36,12.69,720,15.27,21.1,12,0,0,0
APP-17872,62,27777.44,19,RENT,6000,MEDICAL,36,15.84,595,13.76,4.83,4,0,0,0
APP-17873,45,34611.52,14,RENT,22000,PERSONAL,36,14.64,668,17.91,41.73,11,4,0,0
APP-17874,64,87994.17,18,RENT,23000,DEBTCONSOLIDATION,60,9.59,729,14.01,27.96,9,0,0,0
APP-17875,32,214221.96,20,RENT,21000,HOMEIMPROVEMENT,36,12.12,697,2.0,20.8,11,0,0,0
APP-17876,46,79827.58,16,MORTGAGE,13000,PERSONAL,36,13.54,641,4.71,33.61,15,0,0,0
APP-17877,57,86253.28,7,MORTGAGE,7000,DEBTCONSOLIDATION,36,13.76,670,9.26,56.01,10,0,0,0
APP-17878,68,40919.73,9,MORTGAGE,30000,MEDICAL,36,10.24,741,25.62,16.62,10,1,0,0
APP-17879,53,54670.26,19,MORTGAGE,36000,HOMEIMPROVEMENT,36,11.92,671,18.67,12.34,10,2,0,0
APP-17880,48,43918.14,13,OWN,12000,PERSONAL,36,12.85,657,11.56,80.01,13,0,1,0
APP-17881,29,76970.03,16,RENT,34000,PERSONAL,36,10.31,714,9.01,55.05,9,0,0,0
APP-17882,32,95297.88,0,RENT,26000,DEBTCONSOLIDATION,60,11.13,686,14.8,15.6,7,0,0,0
APP-17883,25,65700.28,2,RENT,15000,DEBTCONSOLIDATION,36,10.63,751,17.87,3.44,8,0,1,0
APP-17884,48,89118.27,6,MORTGAGE,30000,PERSONAL,60,15.09,658,20.27,35.07,7,0,0,0
APP-17885,55,59019.75,2,MORTGAGE,14000,DEBTCONSOLIDATION,36,12.71,714,24.89,22.27,7,0,0,0
APP-17886,25,116113.99,18,MORTGAGE,16000,DEBTCONSOLIDATION,36,13.76,615,52.41,36.74,9,0,0,0
APP-17887,54,38918.48,3,RENT,9000,PERSONAL,36,11.28,698,6.93,42.62,7,0,0,0
APP-17888,66,121536.29,10,RENT,34000,HOMEIMPROVEMENT,36,8.24,774,33.3,58.95,8,0,0,0
APP-17889,54,41853.41,0,MORTGAGE,12000,HOMEIMPROVEMENT,60,15.29,559,45.63,62.84,6,0,0,0
APP-17890,33,60366.73,1,RENT,16000,DEBTCONSOLIDATION,36,8.53,716,16.44,48.25,7,0,0,0
APP-17891,59,32953.56,3,MORTGAGE,22000,DEBTCONSOLIDATION,60,11.09,668,18.0,38.29,6,0,0,0
APP-17892,62,77109.69,20,OWN,37000,DEBTCONSOLIDATION,60,13.27,687,58.17,46.92,11,1,0,0
APP-17893,65,63942.69,16,RENT,7000,PERSONAL,36,13.18,668,45.4,74.88,5,1,0,1
APP-17894,68,86623.22,13,MORTGAGE,26000,PERSONAL,60,12.93,692,16.94,45.79,11,0,0,0
APP-17895,34,25162.41,19,MORTGAGE,2000,DEBTCONSOLIDATION,36,11.84,720,22.06,45.37,8,1,0,0
APP-17896,31,64018.51,20,RENT,34000,VENTURE,60,18.76,608,24.22,72.69,6,0,0,0
APP-17897,62,73257.83,8,RENT,40000,HOMEIMPROVEMENT,60,12.02,723,10.6,59.05,6,0,1,0
APP-17898,58,36523.47,5,RENT,33000,VENTURE,36,10.12,786,26.54,25.57,12,0,0,0
APP-17899,24,78159.58,5,MORTGAGE,3000,DEBTCONSOLIDATION,36,15.5,675,30.39,14.3,5,0,0,0
APP-17900,53,18985.1,0,RENT,26000,PERSONAL,36,14.48,655,9.1,50.5,11,0,1,0
APP-17901,27,56169.96,4,MORTGAGE,34000,HOMEIMPROVEMENT,36,15.97,678,6.58,50.29,15,1,0,0
APP-17902,61,121327.4,6,OWN,39000,DEBTCONSOLIDATION,36,12.56,705,3.14,20.64,12,0,0,0
APP-17903,28,55927.73,0,RENT,12000,EDUCATION,60,14.34,644,4.65,45.54,12,0,0,0
APP-17904,57,41792.31,18,RENT,20000,VENTURE,36,13.4,724,17.14,67.21,8,0,0,0
APP-17905,30,57969.77,17,MORTGAGE,26000,DEBTCONSOLIDATION,36,8.42,807,5.18,48.84,10,0,1,0
APP-17906,63,62914.22,3,MORTGAGE,29000,HOMEIMPROVEMENT,60,6.85,790,30.15,61.85,7,0,0,0
APP-17907,35,93730.3,16,RENT,11000,DEBTCONSOLIDATION,60,11.7,747,12.65,40.22,5,0,0,0
APP-17908,58,63891.62,16,MORTGAGE,32000,MEDICAL,36,8.85,746,38.18,64.47,12,0,1,0
APP-17909,35,87641.94,5,OWN,17000,DEBTCONSOLIDATION,36,8.74,760,11.11,34.99,14,0,0,0
APP-17910,25,62694.32,14,RENT,19000,MEDICAL,36,13.86,691,3.18,40.35,6,0,0,0
APP-17911,49,41164.88,4,RENT,23000,VENTURE,60,17.78,604,27.27,10.88,7,0,1,0
APP-17912,39,29705.04,0,OTHER,36000,PERSONAL,36,9.35,749,9.69,11.38,7,0,0,0
APP-17913,30,72102.33,9,RENT,13000,HOMEIMPROVEMENT,36,16.56,600,12.31,54.28,7,0,0,1
APP-17914,32,18000.0,8,RENT,29000,DEBTCONSOLIDATION,60,13.94,656,12.12,21.73,6,0,0,1
APP-17915,24,24770.26,1,RENT,10000,DEBTCONSOLIDATION,60,9.16,721,13.61,49.44,10,1,0,0
APP-17916,51,29761.85,9,RENT,31000,DEBTCONSOLIDATION,36,14.31,638,13.31,50.3,13,1,0,0
APP-17917,38,85588.92,19,OWN,19000,PERSONAL,60,10.15,806,20.0,69.97,12,0,0,0
APP-17918,36,28427.25,14,RENT,25000,DEBTCONSOLIDATION,60,13.26,664,12.16,2.98,14,0,0,0
APP-17919,60,75740.54,15,MORTGAGE,20000,DEBTCONSOLIDATION,36,13.89,615,7.96,33.92,9,1,0,0
APP-17920,56,35739.48,15,RENT,15000,PERSONAL,60,14.27,707,26.9,77.65,10,0,0,0
APP-17921,45,55645.61,15,RENT,3000,MEDICAL,36,12.1,645,17.65,55.29,6,0,0,0
APP-17922,43,58029.0,0,MORTGAGE,12000,PERSONAL,36,11.83,665,7.29,59.5,4,4,0,0
APP-17923,32,55230.67,19,OWN,27000,VENTURE,36,12.06,721,10.76,29.18,9,0,0,0
APP-17924,54,43333.23,17,RENT,9000,VENTURE,36,11.7,737,24.96,18.86,13,0,0,0
APP-17925,56,27359.34,4,MORTGAGE,4000,DEBTCONSOLIDATION,36,10.57,723,7.44,35.39,11,0,0,0
APP-17926,57,60682.85,10,RENT,16000,VENTURE,36,10.87,684,13.46,83.43,6,0,0,0
APP-17927,23,79128.4,12,MORTGAGE,14000,HOMEIMPROVEMENT,60,17.04,607,11.95,17.97,21,0,0,0
APP-17928,29,84086.71,1,OWN,17000,PERSONAL,36,10.23,721,18.85,46.01,14,0,0,0
APP-17929,38,62373.41,4,MORTGAGE,23000,DEBTCONSOLIDATION,60,10.71,695,14.09,32.09,10,4,0,0
APP-17930,63,68104.71,0,MORTGAGE,34000,PERSONAL,36,11.04,697,7.2,43.44,7,0,0,0
APP-17931,55,40718.83,17,RENT,3000,DEBTCONSOLIDATION,36,14.09,651,8.86,19.41,5,0,0,0
APP-17932,54,74961.87,0,RENT,30000,VENTURE,36,11.96,703,14.85,53.44,9,0,0,0
APP-17933,61,73595.14,5,RENT,35000,MEDICAL,36,13.07,654,35.85,12.93,10,0,0,0
APP-17934,34,51590.8,0,RENT,17000,PERSONAL,36,11.96,705,16.37,13.72,15,0,0,0
APP-17935,24,61331.09,16,MORTGAGE,15000,PERSONAL,36,17.72,583,14.14,46.61,9,0,0,0
APP-17936,49,59077.31,19,RENT,40000,PERSONAL,60,10.2,784,6.6,49.74,8,1,0,0
APP-17937,61,75227.43,11,RENT,6000,DEBTCONSOLIDATION,36,14.5,702,21.56,58.84,13,0,0,0
APP-17938,65,27669.5,1,MORTGAGE,19000,DEBTCONSOLIDATION,60,13.14,666,15.6,34.14,11,2,0,0
APP-17939,35,27395.82,10,OTHER,27000,MEDICAL,60,14.69,668,15.68,28.85,13,0,0,0
APP-17940,48,28116.05,15,MORTGAGE,11000,DEBTCONSOLIDATION,36,10.75,767,11.71,8.03,11,0,0,0
APP-17941,62,47935.75,14,MORTGAGE,7000,PERSONAL,36,14.19,629,31.23,54.95,9,0,0,0
APP-17942,36,75180.99,15,RENT,15000,HOMEIMPROVEMENT,60,16.18,655,3.52,16.78,13,0,0,0
APP-17943,32,19477.31,4,RENT,3000,MEDICAL,36,18.68,619,11.58,5.96,16,0,2,0
APP-17944,25,62755.61,0,RENT,28000,DEBTCONSOLIDATION,60,12.3,698,12.38,55.62,15,0,0,0
APP-17945,54,108757.42,1,OWN,10000,MEDICAL,36,11.33,724,29.26,14.64,9,0,0,0
APP-17946,62,68636.19,19,MORTGAGE,14000,DEBTCONSOLIDATION,60,13.27,703,53.03,72.48,9,0,0,0
APP-17947,21,21819.39,12,MORTGAGE,22000,MEDICAL,60,10.61,718,15.9,18.32,14,0,0,0
APP-17948,59,77693.99,14,RENT,3000,PERSONAL,36,11.58,753,18.82,34.22,13,0,0,0
APP-17949,52,67584.95,18,RENT,4000,DEBTCONSOLIDATION,60,15.63,681,17.59,50.65,5,1,0,0
APP-17950,46,50447.15,17,RENT,14000,DEBTCONSOLIDATION,36,15.74,637,11.87,73.32,8,0,0,0
APP-17951,37,65570.99,3,MORTGAGE,22000,EDUCATION,36,13.99,634,19.0,12.74,12,0,0,0
APP-17952,68,29794.15,0,RENT,34000,DEBTCONSOLIDATION,36,15.14,642,29.63,20.31,10,0,0,0
APP-17953,47,61420.22,19,RENT,21000,PERSONAL,60,10.62,759,10.08,55.15,21,0,1,0
APP-17954,44,76061.4,20,RENT,37000,PERSONAL,36,9.24,734,17.19,38.5,9,0,0,0
APP-17955,55,42342.09,11,MORTGAGE,19000,PERSONAL,36,19.41,540,13.41,25.1,11,0,0,0
APP-17956,66,47315.22,18,MORTGAGE,26000,PERSONAL,36,11.5,705,12.05,25.92,13,0,0,0
APP-17957,62,45079.71,3,MORTGAGE,39000,PERSONAL,60,14.03,719,16.56,52.09,17,0,0,0
APP-17958,59,,0,RENT,26000,DEBTCONSOLIDATION,36,16.39,647,39.99,60.69,10,0,0,1
APP-17959,46,39534.45,9,MORTGAGE,39000,VENTURE,36,15.79,665,19.73,11.77,6,0,1,0
APP-17960,69,40728.5,16,MORTGAGE,16000,DEBTCONSOLIDATION,36,15.41,631,9.59,47.99,10,0,0,0
APP-17961,58,77500.93,13,OWN,18000,DEBTCONSOLIDATION,60,16.6,615,31.28,37.66,7,0,0,0
APP-17962,43,25050.6,12,RENT,37000,DEBTCONSOLIDATION,36,15.34,658,8.11,26.69,11,0,0,0
APP-17963,42,65610.79,0,OWN,30000,HOMEIMPROVEMENT,36,11.83,786,18.69,29.06,11,0,0,0
APP-17964,24,77425.6,5,MORTGAGE,34000,VENTURE,36,13.79,649,9.37,19.62,13,0,0,0
APP-17965,69,30444.17,19,RENT,33000,DEBTCONSOLIDATION,36,12.4,675,15.29,60.23,12,0,0,0
APP-17966,29,57625.45,1,MORTGAGE,9000,PERSONAL,60,12.3,635,9.21,32.99,8,1,0,0
APP-17967,24,37863.02,14,MORTGAGE,14000,PERSONAL,36,16.57,573,14.33,36.32,9,0,0,0
APP-17968,27,105679.26,15,RENT,18000,MEDICAL,36,13.22,679,16.61,5.58,12,0,0,0
APP-17969,43,54024.06,14,MORTGAGE,22000,MEDICAL,36,8.84,746,33.08,19.03,5,0,0,0
APP-17970,22,125061.27,20,MORTGAGE,15000,HOMEIMPROVEMENT,36,12.53,714,2.17,46.54,11,0,0,0
APP-17971,69,115976.02,7,MORTGAGE,26000,PERSONAL,36,15.5,658,31.44,40.71,15,0,0,1
APP-17972,44,69819.22,13,MORTGAGE,25000,VENTURE,36,10.46,721,4.41,33.09,15,2,0,0
APP-17973,60,174792.32,2,MORTGAGE,34000,PERSONAL,36,14.31,665,10.53,20.04,12,1,0,0
APP-17974,51,27248.68,7,RENT,9000,DEBTCONSOLIDATION,36,15.3,610,34.2,60.05,4,0,0,0
APP-17975,67,123341.06,9,RENT,29000,HOMEIMPROVEMENT,36,17.7,560,23.26,17.85,8,0,0,0
APP-17976,51,52363.38,3,MORTGAGE,20000,PERSONAL,36,14.23,676,36.82,31.54,8,3,0,0
APP-17977,67,56199.1,18,RENT,12000,DEBTCONSOLIDATION,36,7.23,828,21.34,26.33,5,0,0,0
APP-17978,60,47542.78,14,RENT,11000,DEBTCONSOLIDATION,36,14.71,618,15.61,13.91,13,0,0,0
APP-17979,68,28997.77,4,RENT,2000,DEBTCONSOLIDATION,60,12.87,644,36.56,13.08,6,0,0,0
APP-17980,63,79602.3,1,RENT,6000,HOMEIMPROVEMENT,60,9.69,744,14.66,84.27,9,0,0,0
APP-17981,54,32197.43,4,MORTGAGE,17000,PERSONAL,36,15.72,627,12.17,11.44,15,0,0,0
APP-17982,44,44555.94,12,MORTGAGE,21000,DEBTCONSOLIDATION,36,12.67,699,7.9,61.96,12,2,1,0
APP-17983,69,45553.09,17,MORTGAGE,21000,VENTURE,36,13.06,632,21.89,18.08,8,0,0,0
APP-17984,46,98497.68,9,RENT,29000,HOMEIMPROVEMENT,36,14.86,598,12.95,27.94,7,2,0,0
APP-17985,36,57708.61,0,RENT,6000,HOMEIMPROVEMENT,60,15.72,615,3.9,17.99,6,0,0,0
APP-17986,67,18000.0,3,MORTGAGE,4000,MEDICAL,36,15.03,691,19.89,5.49,7,0,0,0
APP-17987,33,38195.82,6,OTHER,31000,DEBTCONSOLIDATION,36,7.86,800,10.9,37.52,8,0,0,0
APP-17988,35,27417.21,12,OWN,24000,PERSONAL,36,11.34,679,21.41,49.66,7,0,0,0
APP-17989,47,76975.39,3,MORTGAGE,35000,VENTURE,36,9.7,744,31.53,18.18,14,0,0,0
APP-17990,24,,3,MORTGAGE,29000,PERSONAL,60,14.46,639,25.7,55.21,11,0,0,0
APP-17991,36,44226.62,4,MORTGAGE,2000,PERSONAL,36,11.32,688,31.55,44.27,14,0,0,0
APP-17992,50,143654.78,11,RENT,28000,MEDICAL,36,15.91,609,8.31,19.34,8,0,0,0
APP-17993,64,82321.54,9,MORTGAGE,35000,DEBTCONSOLIDATION,60,14.2,675,8.19,21.47,13,0,1,0
APP-17994,50,33446.64,17,RENT,32000,HOMEIMPROVEMENT,36,13.79,658,3.64,25.07,9,1,0,0
APP-17995,56,90447.44,14,RENT,33000,EDUCATION,60,10.01,760,10.87,71.09,15,2,0,0
APP-17996,23,41818.09,13,MORTGAGE,8000,DEBTCONSOLIDATION,60,14.67,673,20.22,59.24,13,3,0,0
APP-17997,42,90334.52,1,MORTGAGE,39000,PERSONAL,36,14.16,685,14.16,36.84,11,0,0,0
APP-17998,69,48719.47,0,RENT,35000,EDUCATION,36,9.27,761,14.74,29.07,7,0,1,0
APP-17999,42,37048.62,9,MORTGAGE,5000,DEBTCONSOLIDATION,60,11.05,730,29.05,27.2,14,0,0,0
APP-18000,69,35357.5,0,RENT,20000,HOMEIMPROVEMENT,36,13.82,732,8.67,3.87,6,0,1,0
APP-18001,32,69134.84,6,RENT,23000,PERSONAL,36,16.3,603,5.53,16.24,11,0,0,0
APP-18002,41,94514.7,0,MORTGAGE,30000,VENTURE,60,11.67,766,10.14,73.29,9,0,0,0
APP-18003,24,72128.19,2,OWN,35000,DEBTCONSOLIDATION,36,8.67,777,29.96,36.18,8,0,0,0
APP-18004,51,48227.26,0,RENT,35000,DEBTCONSOLIDATION,36,9.19,749,22.49,31.15,11,0,0,0
APP-18005,64,24375.36,16,MORTGAGE,4000,PERSONAL,60,10.54,731,10.15,27.87,9,0,0,0
APP-18006,51,43491.67,6,RENT,22000,DEBTCONSOLIDATION,36,11.27,716,11.65,61.49,12,0,0,0
APP-18007,43,32015.75,0,MORTGAGE,39000,DEBTCONSOLIDATION,36,9.97,780,5.0,50.66,16,0,0,0
APP-18008,40,118691.7,4,MORTGAGE,22000,DEBTCONSOLIDATION,36,13.62,691,3.7,62.62,8,0,1,0
APP-18009,35,49057.98,13,MORTGAGE,18000,MEDICAL,60,9.99,749,6.69,23.8,9,1,0,0
APP-18010,43,69577.05,15,OTHER,30000,DEBTCONSOLIDATION,36,9.33,735,30.03,26.51,10,0,1,0
APP-18011,48,50421.44,0,RENT,34000,MEDICAL,36,11.98,715,10.92,28.43,14,0,0,0
APP-18012,36,74223.99,15,RENT,40000,DEBTCONSOLIDATION,60,12.49,753,16.0,90.49,9,1,2,0
APP-18013,57,85741.05,6,MORTGAGE,27000,HOMEIMPROVEMENT,36,15.23,696,6.01,31.35,9,0,0,0
APP-18014,41,191803.63,13,MORTGAGE,8000,HOMEIMPROVEMENT,60,7.79,745,21.3,34.81,10,0,0,0
APP-18015,35,47669.03,13,MORTGAGE,10000,DEBTCONSOLIDATION,60,11.96,739,11.51,63.0,9,0,0,0
APP-18016,37,100866.47,16,RENT,19000,PERSONAL,60,15.4,677,19.9,26.18,13,1,0,0
APP-18017,57,68799.97,14,MORTGAGE,2000,DEBTCONSOLIDATION,36,10.83,722,27.99,31.91,7,0,0,0
APP-18018,33,44843.69,0,MORTGAGE,12000,MEDICAL,36,16.35,596,18.85,11.32,4,0,0,0
APP-18019,39,46473.06,10,RENT,23000,PERSONAL,36,12.51,728,2.0,10.47,13,0,0,0
APP-18020,50,75769.51,2,MORTGAGE,33000,DEBTCONSOLIDATION,36,19.53,536,19.23,51.29,14,1,0,0
APP-18021,65,51621.78,20,RENT,11000,HOMEIMPROVEMENT,36,9.15,769,15.12,72.44,7,0,1,0
APP-18022,38,63099.47,4,MORTGAGE,28000,MEDICAL,60,17.96,603,14.5,29.58,16,1,0,0
APP-18023,34,83476.7,7,RENT,13000,HOMEIMPROVEMENT,36,13.17,677,9.28,65.38,13,0,0,0
APP-18024,56,208491.01,2,RENT,31000,DEBTCONSOLIDATION,60,9.2,763,7.96,4.79,11,0,0,0
APP-18025,56,60854.57,1,RENT,11000,PERSONAL,60,10.12,721,27.0,31.08,7,0,0,0
APP-18026,40,34061.17,11,RENT,13000,HOMEIMPROVEMENT,36,15.31,653,17.57,18.23,7,0,0,0
APP-18027,39,73056.96,9,MORTGAGE,39000,VENTURE,36,12.18,667,10.82,60.82,10,1,0,0
APP-18028,65,47003.88,6,MORTGAGE,22000,DEBTCONSOLIDATION,36,12.75,741,14.53,10.0,9,0,0,0
APP-18029,64,154323.14,0,MORTGAGE,28000,DEBTCONSOLIDATION,36,15.94,641,14.37,39.47,10,0,0,0
APP-18030,27,46697.39,14,RENT,7000,MEDICAL,60,10.09,699,35.6,31.38,8,0,0,0
APP-18031,64,60427.44,0,RENT,39000,DEBTCONSOLIDATION,36,14.84,653,13.29,78.41,13,0,0,0
APP-18032,24,81752.93,8,RENT,9000,PERSONAL,60,9.29,719,14.98,35.34,8,0,0,0
APP-18033,54,76546.25,12,MORTGAGE,38000,HOMEIMPROVEMENT,36,10.18,721,6.59,5.02,9,0,0,0
APP-18034,22,119981.91,8,RENT,7000,EDUCATION,36,16.24,667,5.94,19.13,16,0,0,0
APP-18035,25,83595.24,1,MORTGAGE,35000,PERSONAL,60,14.68,636,17.23,38.71,7,0,0,0
APP-18036,30,193198.49,15,RENT,23000,PERSONAL,36,13.04,656,23.9,53.15,8,3,0,0
APP-18037,52,74962.72,5,MORTGAGE,30000,PERSONAL,60,13.85,613,19.37,30.42,11,0,0,0
APP-18038,62,114639.97,1,MORTGAGE,10000,DEBTCONSOLIDATION,36,17.71,606,17.82,11.21,10,0,0,0
APP-18039,61,47352.48,10,RENT,22000,DEBTCONSOLIDATION,60,12.58,744,14.59,50.01,15,1,0,0
APP-18040,33,160718.84,0,OWN,33000,PERSONAL,36,12.24,713,12.25,7.33,16,0,0,0
APP-18041,59,50319.7,5,RENT,9000,DEBTCONSOLIDATION,36,14.73,649,12.1,43.5,19,0,2,0
APP-18042,25,125871.48,15,MORTGAGE,11000,DEBTCONSOLIDATION,60,10.38,770,9.92,48.57,13,0,0,0
APP-18043,30,,19,OWN,24000,DEBTCONSOLIDATION,36,12.0,726,33.5,50.07,12,0,1,0
APP-18044,30,61903.67,11,RENT,21000,PERSONAL,36,12.97,718,38.9,62.42,9,2,0,0
APP-18045,58,126479.51,3,RENT,14000,EDUCATION,36,9.57,754,27.54,44.61,10,0,0,0
APP-18046,47,59516.32,3,MORTGAGE,23000,EDUCATION,36,8.39,747,14.79,65.48,11,0,0,0
APP-18047,41,118680.81,11,RENT,16000,HOMEIMPROVEMENT,36,13.3,730,4.54,9.66,12,0,0,0
APP-18048,28,72332.2,7,MORTGAGE,32000,VENTURE,36,11.26,685,39.16,33.35,8,0,0,0
APP-18049,21,49582.43,2,MORTGAGE,33000,MEDICAL,60,13.82,689,5.67,20.26,9,4,3,1
APP-18050,48,70272.37,16,MORTGAGE,14000,VENTURE,36,17.16,585,26.89,36.04,15,0,0,0
APP-18051,69,60903.86,2,MORTGAGE,26000,PERSONAL,60,11.69,709,5.35,13.52,7,0,0,0
APP-18052,59,47989.7,5,MORTGAGE,22000,HOMEIMPROVEMENT,36,10.53,725,12.73,8.6,14,0,0,0
APP-18053,34,67271.56,0,MORTGAGE,5000,DEBTCONSOLIDATION,36,13.29,686,17.7,20.22,12,0,0,0
APP-18054,41,73265.37,14,MORTGAGE,16000,HOMEIMPROVEMENT,36,19.23,565,28.37,49.78,7,0,0,0
APP-18055,50,18000.0,4,OWN,22000,PERSONAL,36,15.41,562,39.64,54.84,8,0,0,1
APP-18056,41,76932.35,3,MORTGAGE,9000,HOMEIMPROVEMENT,36,17.55,556,15.39,36.82,6,0,0,0
APP-18057,69,86729.76,5,RENT,32000,HOMEIMPROVEMENT,60,18.74,600,37.32,10.07,8,0,0,0
APP-18058,29,,18,RENT,11000,DEBTCONSOLIDATION,36,13.64,699,15.05,36.12,10,0,0,0
APP-18059,37,32273.43,10,MORTGAGE,22000,MEDICAL,36,10.99,690,4.98,48.91,6,1,0,0
APP-18060,25,35999.06,1,RENT,18000,DEBTCONSOLIDATION,60,11.54,690,13.57,35.52,9,0,3,0
APP-18061,51,66478.68,15,MORTGAGE,6000,DEBTCONSOLIDATION,60,14.99,669,19.17,52.62,14,0,0,0
APP-18062,60,41920.78,3,MORTGAGE,14000,PERSONAL,60,12.64,640,4.25,45.28,7,0,0,0
APP-18063,58,33028.32,7,OWN,22000,DEBTCONSOLIDATION,60,13.5,657,25.59,37.58,14,0,0,0
APP-18064,63,48693.32,11,MORTGAGE,13000,EDUCATION,36,12.2,678,20.21,43.98,8,0,0,0
APP-18065,39,50015.59,11,MORTGAGE,26000,DEBTCONSOLIDATION,36,11.14,731,20.01,8.31,11,0,0,0
APP-18066,56,36032.45,0,OWN,29000,DEBTCONSOLIDATION,60,12.49,735,21.17,76.29,10,2,0,1
APP-18067,53,35912.47,17,OWN,3000,DEBTCONSOLIDATION,60,12.43,694,9.31,86.92,11,0,0,0
APP-18068,33,56350.17,9,RENT,22000,DEBTCONSOLIDATION,36,16.07,579,21.19,40.76,9,0,0,0
APP-18069,34,29018.42,20,OWN,23000,DEBTCONSOLIDATION,60,13.44,679,13.71,82.95,12,0,0,0
APP-18070,53,28785.9,14,RENT,3000,PERSONAL,60,12.35,702,16.39,64.95,10,1,0,0
APP-18071,49,62053.64,20,MORTGAGE,31000,DEBTCONSOLIDATION,36,13.31,639,26.36,33.5,9,0,0,0
APP-18072,63,127111.71,8,RENT,2000,HOMEIMPROVEMENT,36,7.94,807,10.51,47.12,17,0,0,0
APP-18073,69,86380.8,1,MORTGAGE,14000,VENTURE,36,11.69,651,24.94,23.15,7,0,0,0
APP-18074,56,110338.62,14,MORTGAGE,4000,DEBTCONSOLIDATION,36,12.77,667,5.29,37.04,8,5,0,0
APP-18075,64,24281.5,15,MORTGAGE,21000,EDUCATION,36,15.47,672,7.93,66.14,12,1,0,0
APP-18076,30,29605.03,17,MORTGAGE,6000,VENTURE,36,16.5,612,11.31,17.77,10,0,2,0
APP-18077,51,60193.83,5,RENT,3000,DEBTCONSOLIDATION,36,16.1,584,13.26,32.6,7,0,0,0
APP-18078,26,90954.17,9,OWN,27000,EDUCATION,60,15.31,656,18.61,30.58,11,4,0,0
APP-18079,21,82373.74,17,RENT,30000,VENTURE,36,21.38,509,11.34,76.52,10,0,0,0
APP-18080,27,30574.37,17,RENT,19000,HOMEIMPROVEMENT,36,12.4,700,20.54,46.7,9,0,0,0
APP-18081,47,105646.46,0,MORTGAGE,10000,HOMEIMPROVEMENT,36,12.59,662,12.09,22.38,8,0,0,0
APP-18082,41,57487.66,13,RENT,23000,HOMEIMPROVEMENT,36,13.63,651,14.91,23.25,6,0,0,0
APP-18083,48,88332.54,11,MORTGAGE,29000,EDUCATION,36,12.67,714,12.8,27.5,7,0,0,0
APP-18084,36,44243.39,0,RENT,13000,PERSONAL,60,15.9,645,19.34,57.44,13,1,0,1
APP-18085,66,27670.75,19,RENT,38000,DEBTCONSOLIDATION,60,14.86,634,19.82,65.96,11,0,0,1
APP-18086,43,91392.85,8,OWN,19000,DEBTCONSOLIDATION,36,16.28,583,13.49,34.95,9,0,0,0
APP-18087,40,75721.96,13,OWN,35000,DEBTCONSOLIDATION,36,17.49,599,11.48,10.88,7,0,0,0
APP-18088,58,32118.51,18,MORTGAGE,4000,DEBTCONSOLIDATION,36,9.24,747,14.54,29.8,9,0,0,0
APP-18089,45,42869.4,1,MORTGAGE,6000,DEBTCONSOLIDATION,36,14.37,646,17.52,59.59,9,0,0,0
APP-18090,48,84376.45,17,RENT,24000,DEBTCONSOLIDATION,60,14.81,680,4.07,20.77,7,0,1,0
APP-18091,25,66371.15,14,MORTGAGE,14000,DEBTCONSOLIDATION,36,14.11,657,14.83,35.67,8,0,2,0
APP-18092,41,76944.99,17,MORTGAGE,25000,HOMEIMPROVEMENT,36,11.22,726,3.75,65.45,9,0,0,0
APP-18093,38,46065.67,9,RENT,29000,HOMEIMPROVEMENT,60,12.78,636,27.36,25.65,5,3,0,0
APP-18094,67,121974.03,0,RENT,18000,DEBTCONSOLIDATION,36,14.29,629,19.82,29.86,10,1,0,0
APP-18095,26,56637.4,13,RENT,7000,DEBTCONSOLIDATION,36,16.54,591,6.24,45.92,7,0,0,0
APP-18096,49,18329.57,6,RENT,28000,DEBTCONSOLIDATION,36,13.78,701,11.85,57.78,10,0,0,0
APP-18097,39,63162.72,7,RENT,30000,PERSONAL,36,9.18,734,21.0,27.01,10,0,0,0
APP-18098,53,81021.62,8,RENT,13000,DEBTCONSOLIDATION,60,10.62,722,9.73,48.82,8,0,0,0
APP-18099,21,69462.22,9,OWN,36000,VENTURE,60,10.25,746,14.63,79.39,11,0,2,0
APP-18100,65,48372.27,13,RENT,6000,MEDICAL,36,13.07,694,32.86,76.95,8,0,0,1
APP-18101,23,22542.12,14,MORTGAGE,3000,DEBTCONSOLIDATION,36,10.45,721,17.09,19.71,7,0,0,0
APP-18102,62,43261.29,15,MORTGAGE,12000,DEBTCONSOLIDATION,36,10.21,739,23.77,39.44,12,0,0,0
APP-18103,41,45352.67,13,MORTGAGE,5000,VENTURE,36,17.35,625,42.33,14.44,4,0,0,0
APP-18104,55,43062.36,16,MORTGAGE,23000,PERSONAL,36,10.53,759,12.72,52.03,9,1,0,0
APP-18105,61,81306.55,1,RENT,2000,DEBTCONSOLIDATION,60,11.31,715,15.02,79.77,6,0,0,0
APP-18106,60,50680.09,17,RENT,17000,DEBTCONSOLIDATION,36,11.54,747,15.3,41.85,10,0,0,0
APP-18107,23,119472.03,7,MORTGAGE,3000,HOMEIMPROVEMENT,60,8.99,734,16.29,65.78,6,1,0,0
APP-18108,45,53488.4,10,RENT,28000,DEBTCONSOLIDATION,36,15.62,594,3.06,63.57,8,1,0,1
APP-18109,65,109967.71,8,RENT,13000,DEBTCONSOLIDATION,60,10.11,734,13.02,63.19,7,0,0,0
APP-18110,58,66651.48,9,RENT,6000,PERSONAL,36,11.27,704,12.51,34.88,9,0,0,0
APP-18111,65,68316.46,4,RENT,6000,PERSONAL,60,12.53,662,41.44,6.04,12,0,0,0
APP-18112,40,42555.63,2,RENT,23000,DEBTCONSOLIDATION,60,11.43,720,31.75,27.53,6,0,0,0
APP-18113,64,30475.65,0,RENT,14000,HOMEIMPROVEMENT,36,11.17,726,16.12,14.06,9,0,1,0
APP-18114,65,57718.71,8,RENT,17000,DEBTCONSOLIDATION,36,8.99,774,9.9,9.04,11,0,0,0
APP-18115,54,139166.08,1,MORTGAGE,27000,DEBTCONSOLIDATION,60,6.46,794,21.29,14.39,10,0,0,0
APP-18116,41,47603.02,3,OWN,10000,DEBTCONSOLIDATION,60,10.47,721,5.47,47.51,11,0,0,0
APP-18117,68,43972.28,1,RENT,33000,PERSONAL,36,10.86,718,18.25,79.34,9,0,1,0
APP-18118,43,54942.37,0,RENT,20000,HOMEIMPROVEMENT,36,9.18,732,16.46,10.97,10,0,0,0
APP-18119,26,144942.73,18,OWN,37000,MEDICAL,36,16.01,657,20.71,58.1,6,0,0,0
APP-18120,33,88740.22,13,MORTGAGE,29000,DEBTCONSOLIDATION,36,8.34,748,22.9,42.99,6,0,0,0
APP-18121,69,109878.61,19,OWN,16000,EDUCATION,36,16.42,655,22.07,35.97,13,2,0,0
APP-18122,43,22244.06,12,RENT,10000,PERSONAL,60,10.5,678,4.44,42.78,13,3,0,0
APP-18123,29,39643.6,17,MORTGAGE,17000,DEBTCONSOLIDATION,36,12.11,656,11.34,13.08,9,1,0,0
APP-18124,37,40337.34,10,OWN,7000,DEBTCONSOLIDATION,60,13.9,644,29.66,38.81,13,0,0,0
APP-18125,22,105666.56,8,MORTGAGE,9000,DEBTCONSOLIDATION,36,12.23,748,7.75,42.89,16,2,0,0
APP-18126,39,83278.03,10,MORTGAGE,34000,DEBTCONSOLIDATION,36,11.38,696,26.66,37.61,15,0,0,0
APP-18127,39,101513.33,5,MORTGAGE,33000,MEDICAL,36,15.33,717,13.44,39.23,8,0,0,0
APP-18128,27,23440.16,13,MORTGAGE,37000,DEBTCONSOLIDATION,36,9.78,719,22.18,42.68,12,0,0,0
APP-18129,62,104314.85,18,OWN,37000,DEBTCONSOLIDATION,36,15.65,626,18.3,17.99,7,5,0,0
APP-18130,62,83254.98,16,RENT,35000,PERSONAL,36,15.91,612,22.5,54.45,8,0,0,0
APP-18131,40,37720.28,8,RENT,3000,DEBTCONSOLIDATION,60,7.57,794,60.51,49.23,8,2,0,0
APP-18132,29,54259.72,19,RENT,14000,PERSONAL,60,12.42,644,15.6,73.95,9,0,0,0
APP-18133,37,38300.07,20,MORTGAGE,11000,DEBTCONSOLIDATION,36,12.16,709,19.46,60.96,6,0,0,0
APP-18134,47,57050.7,9,RENT,39000,DEBTCONSOLIDATION,36,13.34,679,6.07,44.9,11,0,0,0
APP-18135,67,74957.59,17,RENT,8000,MEDICAL,36,10.83,685,21.69,20.83,14,0,0,0
APP-18136,22,120826.36,0,MORTGAGE,4000,DEBTCONSOLIDATION,60,12.21,729,18.83,16.65,14,0,0,0
APP-18137,56,37432.34,0,MORTGAGE,28000,DEBTCONSOLIDATION,36,15.59,634,4.6,64.68,10,0,0,0
APP-18138,39,47353.3,0,MORTGAGE,15000,DEBTCONSOLIDATION,60,14.77,667,24.8,7.55,10,0,0,0
APP-18139,37,34493.82,15,MORTGAGE,31000,DEBTCONSOLIDATION,36,8.59,765,35.01,35.88,7,0,0,0
APP-18140,25,87840.83,0,RENT,35000,PERSONAL,60,16.34,688,16.22,36.09,12,0,0,0
APP-18141,59,27233.67,0,RENT,24000,VENTURE,60,9.28,770,30.11,20.49,13,0,0,0
APP-18142,38,65415.0,1,RENT,18000,DEBTCONSOLIDATION,36,11.11,728,15.07,48.53,5,0,0,0
APP-18143,27,32438.65,5,RENT,16000,HOMEIMPROVEMENT,36,9.6,734,16.19,52.93,11,0,0,0
APP-18144,37,61261.44,8,MORTGAGE,8000,HOMEIMPROVEMENT,60,12.05,710,20.72,17.79,8,0,0,0
APP-18145,59,106719.15,0,RENT,4000,HOMEIMPROVEMENT,36,5.4,850,6.47,39.62,10,1,0,0
APP-18146,56,46368.17,9,RENT,10000,HOMEIMPROVEMENT,60,14.5,647,27.37,51.94,8,1,0,0
APP-18147,60,66865.27,3,MORTGAGE,4000,PERSONAL,60,13.26,591,5.71,48.26,16,0,3,0
APP-18148,65,38308.11,4,MORTGAGE,36000,PERSONAL,60,15.56,638,25.86,76.43,11,0,0,0
APP-18149,24,56601.15,16,OWN,9000,PERSONAL,60,10.83,676,28.9,40.76,12,1,0,0
APP-18150,58,27475.51,20,MORTGAGE,27000,DEBTCONSOLIDATION,60,7.9,843,5.35,31.73,7,0,0,0
APP-18151,45,85293.88,8,RENT,16000,PERSONAL,36,10.14,736,7.88,64.95,8,0,0,0
APP-18152,25,48643.23,5,MORTGAGE,6000,PERSONAL,36,11.45,757,13.78,41.9,7,0,0,0
APP-18153,50,53937.73,19,MORTGAGE,14000,DEBTCONSOLIDATION,60,17.54,560,25.25,26.33,10,0,0,0
APP-18154,32,61982.17,9,OWN,16000,DEBTCONSOLIDATION,60,13.93,663,14.69,27.62,9,0,0,0
APP-18155,24,22395.78,14,MORTGAGE,40000,PERSONAL,60,13.39,729,25.41,29.07,14,1,0,0
APP-18156,44,42356.78,7,RENT,13000,VENTURE,36,11.35,701,23.58,26.8,8,0,0,0
APP-18157,49,64062.88,2,OWN,36000,DEBTCONSOLIDATION,36,14.43,595,32.22,69.73,10,0,0,1
APP-18158,29,55273.02,13,MORTGAGE,9000,VENTURE,36,13.03,713,15.28,41.86,7,0,0,0
APP-18159,24,177845.9,13,RENT,11000,HOMEIMPROVEMENT,36,14.05,645,11.68,48.06,5,0,0,0
APP-18160,44,112348.26,8,MORTGAGE,35000,DEBTCONSOLIDATION,36,13.35,710,23.36,26.38,12,0,0,0
APP-18161,34,64202.51,4,RENT,9000,DEBTCONSOLIDATION,60,14.17,611,31.48,16.04,5,0,0,0
APP-18162,25,35909.26,17,MORTGAGE,23000,DEBTCONSOLIDATION,60,11.07,687,23.94,59.88,8,0,0,0
APP-18163,38,46748.28,4,MORTGAGE,13000,MEDICAL,36,10.47,767,19.3,14.47,11,0,0,0
APP-18164,62,83205.39,13,RENT,23000,VENTURE,36,12.24,666,23.28,41.78,9,1,0,0
APP-18165,39,62212.46,6,MORTGAGE,28000,DEBTCONSOLIDATION,36,8.25,774,12.79,19.77,10,0,0,0
APP-18166,32,113329.19,9,MORTGAGE,19000,DEBTCONSOLIDATION,36,16.1,619,10.56,32.63,14,0,0,0
APP-18167,38,61966.66,3,RENT,20000,VENTURE,36,12.82,664,17.66,35.81,7,0,0,0
APP-18168,37,63444.26,13,RENT,6000,DEBTCONSOLIDATION,36,12.31,717,40.32,76.12,5,0,0,0
APP-18169,50,134875.32,3,MORTGAGE,17000,EDUCATION,60,11.29,650,10.59,35.73,8,0,0,0
APP-18170,44,34603.77,9,RENT,11000,PERSONAL,36,11.42,670,15.6,26.7,12,0,0,0
APP-18171,31,142475.99,5,MORTGAGE,20000,HOMEIMPROVEMENT,36,15.55,619,31.48,31.48,10,0,0,0
APP-18172,55,87975.74,20,RENT,2000,PERSONAL,60,15.74,588,25.21,39.72,10,0,3,0
APP-18173,43,301864.98,20,RENT,23000,DEBTCONSOLIDATION,36,11.42,709,18.01,84.74,17,1,0,0
APP-18174,37,42162.39,15,MORTGAGE,18000,DEBTCONSOLIDATION,60,11.56,669,29.12,3.68,12,0,0,0
APP-18175,21,135225.89,20,MORTGAGE,36000,EDUCATION,60,10.4,760,22.64,6.9,9,0,0,0
APP-18176,35,64019.05,0,RENT,40000,PERSONAL,60,17.82,621,13.17,14.5,7,3,0,0
APP-18177,52,54568.27,20,OWN,10000,DEBTCONSOLIDATION,36,13.95,663,19.14,57.88,7,0,0,0
APP-18178,29,69734.55,0,RENT,6000,HOMEIMPROVEMENT,36,14.09,647,14.22,80.9,10,0,0,0
APP-18179,35,63742.54,7,MORTGAGE,10000,MEDICAL,36,15.59,632,12.08,20.05,14,0,0,0
APP-18180,48,,3,MORTGAGE,12000,DEBTCONSOLIDATION,36,7.41,769,20.96,38.68,13,0,0,0
APP-18181,44,56060.18,19,RENT,15000,PERSONAL,36,16.04,630,3.4,25.59,8,0,0,0
APP-18182,55,69811.45,12,MORTGAGE,25000,DEBTCONSOLIDATION,36,15.8,690,12.6,62.06,9,0,0,0
APP-18183,42,48408.09,11,OWN,21000,VENTURE,60,11.05,700,13.69,48.33,11,0,0,0
APP-18184,47,78450.31,20,MORTGAGE,34000,DEBTCONSOLIDATION,36,15.78,629,47.6,60.34,11,0,0,0
APP-18185,39,51641.39,12,MORTGAGE,5000,DEBTCONSOLIDATION,36,10.41,738,18.55,37.8,10,1,0,0
APP-18186,65,75295.27,12,RENT,17000,DEBTCONSOLIDATION,60,16.57,621,2.51,60.48,14,0,0,0
APP-18187,32,70888.11,0,MORTGAGE,26000,HOMEIMPROVEMENT,36,10.92,757,28.2,77.15,17,0,0,0
APP-18188,40,75031.72,17,OWN,2000,DEBTCONSOLIDATION,60,12.69,649,17.07,30.41,12,0,0,0
APP-18189,21,30504.91,20,MORTGAGE,25000,PERSONAL,36,13.84,715,12.95,44.07,10,0,0,0
APP-18190,41,103625.78,20,MORTGAGE,4000,PERSONAL,36,8.68,818,31.07,51.62,8,0,0,0
APP-18191,69,38831.25,3,RENT,33000,MEDICAL,36,9.55,750,37.09,26.69,9,0,0,0
APP-18192,65,54560.93,3,MORTGAGE,35000,PERSONAL,36,14.04,612,11.97,37.95,11,0,0,0
APP-18193,21,43350.77,6,RENT,26000,DEBTCONSOLIDATION,36,16.61,535,8.24,17.47,8,0,2,0
APP-18194,30,62048.66,5,MORTGAGE,4000,DEBTCONSOLIDATION,36,9.8,773,4.92,30.19,8,0,0,0
APP-18195,67,56638.16,5,RENT,8000,MEDICAL,36,12.57,702,26.06,29.14,12,3,2,0
APP-18196,52,82917.1,12,MORTGAGE,36000,EDUCATION,36,6.7,782,22.44,14.14,12,0,0,0
APP-18197,59,61202.39,16,MORTGAGE,30000,DEBTCONSOLIDATION,36,10.89,740,15.7,67.26,8,0,0,0
APP-18198,42,49225.02,19,MORTGAGE,26000,VENTURE,60,11.76,688,4.78,38.19,13,0,0,0
APP-18199,38,24374.58,0,OWN,29000,DEBTCONSOLIDATION,36,8.98,764,8.49,7.85,5,0,0,0
APP-18200,68,93168.2,4,RENT,25000,VENTURE,60,13.11,668,29.83,45.19,14,1,0,0
APP-18201,66,77556.97,4,RENT,6000,DEBTCONSOLIDATION,60,10.59,793,21.32,41.66,11,1,0,0
APP-18202,52,95088.38,6,OTHER,28000,PERSONAL,36,17.01,662,31.32,8.89,7,0,0,0
APP-18203,47,54573.47,7,RENT,11000,PERSONAL,60,12.31,665,14.7,44.03,12,1,1,1
APP-18204,48,71572.52,7,MORTGAGE,13000,MEDICAL,36,11.44,725,39.8,54.38,14,0,0,0
APP-18205,38,43187.4,19,OWN,19000,MEDICAL,36,12.42,671,13.16,80.51,7,0,0,0
APP-18206,59,41257.92,8,OWN,39000,DEBTCONSOLIDATION,36,11.93,736,30.8,45.06,7,0,0,0
APP-18207,69,,10,RENT,9000,EDUCATION,36,12.51,675,14.77,65.39,6,0,0,0
APP-18208,49,94930.8,15,MORTGAGE,39000,HOMEIMPROVEMENT,60,12.73,717,21.23,13.0,11,0,0,0
APP-18209,38,52188.27,14,MORTGAGE,31000,HOMEIMPROVEMENT,60,9.6,766,10.2,38.87,6,0,0,0
APP-18210,64,58276.67,11,RENT,10000,MEDICAL,60,11.27,697,14.38,40.18,7,0,0,0
APP-18211,28,67590.48,17,RENT,26000,DEBTCONSOLIDATION,36,14.25,677,17.9,15.49,6,0,0,0
APP-18212,51,60637.66,12,MORTGAGE,31000,PERSONAL,36,14.87,676,6.42,78.78,9,0,0,0
APP-18213,54,99425.97,18,RENT,3000,EDUCATION,36,11.64,737,2.43,32.81,15,0,0,0
APP-18214,27,41190.62,5,MORTGAGE,18000,DEBTCONSOLIDATION,36,9.81,758,17.9,44.67,13,0,1,0
APP-18215,56,62935.86,1,MORTGAGE,8000,MEDICAL,60,17.64,581,26.49,40.11,6,0,0,0
APP-18216,38,75895.59,16,RENT,23000,VENTURE,36,12.8,729,8.99,17.13,9,1,0,0
APP-18217,58,26340.43,6,RENT,11000,DEBTCONSOLIDATION,36,15.73,627,8.7,83.82,7,0,0,0
APP-18218,29,68392.93,13,MORTGAGE,27000,VENTURE,36,13.4,661,4.71,55.65,8,0,3,1
APP-18219,29,117126.77,15,MORTGAGE,14000,DEBTCONSOLIDATION,36,11.44,691,6.37,43.18,5,1,0,1
APP-18220,66,50249.44,5,MORTGAGE,29000,HOMEIMPROVEMENT,36,12.27,689,14.58,54.32,11,0,0,0
APP-18221,28,34803.71,9,RENT,37000,PERSONAL,60,13.33,682,23.06,21.12,8,0,0,0
APP-18222,55,75623.07,18,RENT,12000,DEBTCONSOLIDATION,60,12.89,708,3.49,59.68,9,1,0,0
APP-18223,38,65495.95,18,RENT,10000,MEDICAL,36,14.49,656,25.19,51.22,8,0,0,0
APP-18224,25,128184.17,15,RENT,17000,PERSONAL,36,10.64,722,13.36,43.15,9,0,0,0
APP-18225,34,74520.83,15,RENT,18000,PERSONAL,60,14.29,678,12.58,48.73,13,4,0,1
APP-18226,48,37355.16,18,MORTGAGE,6000,MEDICAL,36,12.78,710,14.26,33.29,8,0,0,0
APP-18227,50,36520.39,15,RENT,6000,DEBTCONSOLIDATION,36,15.08,662,10.83,49.37,7,0,0,0
APP-18228,24,92033.65,5,RENT,39000,PERSONAL,36,15.9,638,22.42,14.92,13,0,0,0
APP-18229,59,71571.76,1,RENT,32000,MEDICAL,36,16.29,627,15.06,20.76,11,0,2,0
APP-18230,40,58156.35,7,MORTGAGE,3000,DEBTCONSOLIDATION,60,14.96,667,4.72,61.15,18,0,0,0
APP-18231,45,65263.89,0,MORTGAGE,28000,VENTURE,60,14.82,628,5.3,23.23,10,0,0,0
APP-18232,48,74680.03,0,RENT,20000,PERSONAL,36,16.42,746,6.9,39.55,7,0,0,0
APP-18233,32,72143.32,19,MORTGAGE,26000,DEBTCONSOLIDATION,36,11.49,717,7.35,63.38,10,0,0,0
APP-18234,22,28205.19,13,MORTGAGE,39000,DEBTCONSOLIDATION,36,16.71,620,16.29,27.77,13,0,0,0
APP-18235,63,110012.42,17,RENT,14000,HOMEIMPROVEMENT,60,19.09,585,5.72,42.09,15,0,0,0
APP-18236,34,113755.35,12,MORTGAGE,30000,DEBTCONSOLIDATION,60,11.33,739,18.5,29.53,14,0,0,0
APP-18237,42,148014.3,7,RENT,20000,VENTURE,60,11.63,726,17.44,5.97,16,2,1,0
APP-18238,51,132760.6,0,RENT,36000,DEBTCONSOLIDATION,36,17.07,611,7.6,38.53,11,0,0,0
APP-18239,43,121938.6,19,MORTGAGE,26000,PERSONAL,60,10.97,655,26.13,65.13,15,0,0,0
APP-18240,68,51883.54,0,RENT,10000,DEBTCONSOLIDATION,36,11.29,729,25.39,42.39,11,0,0,0
APP-18241,40,69611.48,12,RENT,36000,HOMEIMPROVEMENT,36,18.7,542,11.25,38.77,9,0,0,0
APP-18242,58,107312.39,0,OWN,16000,VENTURE,36,16.53,628,7.07,76.76,8,0,0,0
APP-18243,24,24333.86,4,MORTGAGE,23000,MEDICAL,36,13.11,653,20.47,64.19,14,0,0,0
APP-18244,35,53672.74,2,RENT,14000,PERSONAL,36,12.33,736,22.82,71.7,11,0,0,1
APP-18245,44,25522.47,10,MORTGAGE,31000,DEBTCONSOLIDATION,36,13.37,672,32.31,59.02,12,0,0,0
APP-18246,45,68881.36,18,RENT,22000,VENTURE,36,14.39,736,4.82,30.2,9,1,1,0
APP-18247,21,112747.26,12,RENT,26000,DEBTCONSOLIDATION,60,15.74,645,20.89,54.79,9,0,0,0
APP-18248,27,60439.56,13,RENT,26000,MEDICAL,36,15.83,714,14.73,93.65,16,0,0,0
APP-18249,51,45043.7,18,MORTGAGE,23000,EDUCATION,36,11.88,699,13.9,37.79,9,0,0,0
APP-18250,32,68980.73,15,RENT,4000,DEBTCONSOLIDATION,36,13.15,640,15.34,61.52,9,0,0,0
APP-18251,62,73587.51,17,MORTGAGE,10000,DEBTCONSOLIDATION,36,12.79,662,9.36,11.94,8,0,0,0
APP-18252,25,76227.18,7,RENT,25000,MEDICAL,60,9.94,711,17.96,22.34,16,0,0,0
APP-18253,64,32615.09,17,MORTGAGE,33000,MEDICAL,36,11.97,689,8.69,34.91,11,0,1,0
APP-18254,62,67625.65,12,RENT,18000,PERSONAL,36,12.98,715,40.52,4.9,14,0,1,0
APP-18255,58,65649.42,1,RENT,25000,MEDICAL,36,9.99,739,4.14,74.75,7,0,0,0
APP-18256,32,96196.43,0,MORTGAGE,9000,MEDICAL,36,13.41,676,10.42,21.37,12,0,0,0
APP-18257,59,57652.89,3,RENT,7000,PERSONAL,60,18.5,525,18.4,32.05,16,0,0,1
APP-18258,38,160670.68,6,MORTGAGE,10000,HOMEIMPROVEMENT,60,13.53,619,17.75,43.64,11,4,2,0
APP-18259,22,62390.46,17,RENT,16000,HOMEIMPROVEMENT,36,19.61,598,14.19,53.51,13,0,0,0
APP-18260,30,47143.91,15,MORTGAGE,25000,DEBTCONSOLIDATION,36,15.56,601,24.05,65.04,15,0,0,1
APP-18261,35,36258.98,19,RENT,12000,PERSONAL,36,14.61,680,16.86,40.95,9,0,0,0
APP-18262,50,46308.07,10,MORTGAGE,32000,HOMEIMPROVEMENT,60,12.35,715,36.9,39.82,7,0,2,0
APP-18263,64,40155.2,15,MORTGAGE,14000,HOMEIMPROVEMENT,60,12.94,613,2.99,46.73,5,0,0,0
APP-18264,37,55380.87,4,RENT,31000,DEBTCONSOLIDATION,36,9.67,733,26.5,48.7,11,2,0,0
APP-18265,24,139157.72,13,RENT,26000,MEDICAL,60,11.3,737,24.76,21.76,16,1,0,0
APP-18266,27,28863.86,14,MORTGAGE,13000,VENTURE,36,7.72,807,17.65,5.6,12,0,0,0
APP-18267,61,29895.35,17,RENT,22000,DEBTCONSOLIDATION,36,12.67,745,42.24,26.93,7,0,0,0
APP-18268,51,53246.23,10,MORTGAGE,25000,DEBTCONSOLIDATION,60,7.57,751,7.6,35.18,11,0,0,0
APP-18269,59,30288.96,13,RENT,27000,EDUCATION,60,13.94,700,15.77,89.19,4,0,0,1
APP-18270,54,36644.98,2,RENT,13000,DEBTCONSOLIDATION,36,14.17,633,3.52,36.15,5,0,0,0
APP-18271,26,70939.31,15,RENT,38000,HOMEIMPROVEMENT,36,10.47,673,6.21,70.3,6,2,0,0
APP-18272,58,58319.87,17,RENT,22000,DEBTCONSOLIDATION,60,9.69,753,25.83,61.02,12,0,0,0
APP-18273,65,74552.2,11,RENT,24000,DEBTCONSOLIDATION,36,13.86,679,12.65,24.8,6,0,1,0
APP-18274,54,80461.09,0,RENT,2000,MEDICAL,36,11.72,701,20.0,25.07,11,0,0,0
APP-18275,64,117160.14,5,RENT,11000,PERSONAL,36,11.52,741,5.49,94.0,8,0,0,0
APP-18276,35,72367.8,9,RENT,36000,VENTURE,36,15.0,697,23.96,48.35,12,0,3,1
APP-18277,34,109369.85,13,RENT,39000,DEBTCONSOLIDATION,36,16.63,675,6.22,40.46,9,0,0,0
APP-18278,26,63167.0,5,RENT,29000,HOMEIMPROVEMENT,36,13.12,651,12.74,40.42,10,0,0,0
APP-18279,57,72781.35,17,RENT,2000,DEBTCONSOLIDATION,36,10.09,811,11.29,68.59,9,0,0,0
APP-18280,52,72313.08,6,RENT,9000,MEDICAL,36,11.74,711,24.29,25.43,12,0,0,0
APP-18281,23,69028.79,0,MORTGAGE,24000,MEDICAL,36,13.01,622,6.4,43.44,13,0,2,0
APP-18282,23,66359.2,16,MORTGAGE,21000,HOMEIMPROVEMENT,36,12.13,647,4.53,46.1,11,0,0,0
APP-18283,42,148819.86,12,OWN,33000,DEBTCONSOLIDATION,36,12.86,688,13.8,2.41,18,0,0,0
APP-18284,42,84884.61,16,RENT,24000,PERSONAL,36,13.02,727,2.0,43.93,8,0,0,0
APP-18285,30,47872.97,6,RENT,8000,PERSONAL,36,12.07,681,10.37,75.25,10,0,0,0
APP-18286,23,193244.69,0,RENT,12000,VENTURE,36,15.89,598,18.1,11.7,12,0,0,0
APP-18287,32,49586.48,0,RENT,9000,PERSONAL,60,17.22,575,14.19,31.31,10,0,0,0
APP-18288,49,59717.82,0,OWN,15000,DEBTCONSOLIDATION,36,12.77,582,27.89,23.01,10,0,0,0
APP-18289,68,39524.84,16,RENT,15000,HOMEIMPROVEMENT,36,12.49,720,26.47,54.74,11,1,0,0
APP-18290,37,85695.56,5,MORTGAGE,37000,HOMEIMPROVEMENT,36,13.61,700,31.4,68.62,13,0,0,0
APP-18291,27,139402.09,20,RENT,28000,VENTURE,36,15.7,647,19.61,24.12,11,1,1,0
APP-18292,33,28407.75,15,MORTGAGE,21000,MEDICAL,60,9.06,810,12.58,20.85,14,0,0,0
APP-18293,22,52120.55,11,MORTGAGE,39000,MEDICAL,36,12.99,686,17.89,38.18,11,0,1,0
APP-18294,24,104642.69,20,RENT,26000,HOMEIMPROVEMENT,60,16.6,591,17.54,11.01,13,0,0,0
APP-18295,30,35254.25,5,MORTGAGE,30000,PERSONAL,60,14.72,680,26.39,25.52,10,0,0,0
APP-18296,59,79793.01,2,OWN,15000,VENTURE,60,12.03,715,4.65,63.85,7,0,0,0
APP-18297,44,31234.54,15,RENT,29000,DEBTCONSOLIDATION,60,15.08,659,16.88,50.47,9,0,0,0
APP-18298,37,73421.01,4,RENT,31000,VENTURE,60,13.2,678,21.18,52.42,9,0,0,0
APP-18299,26,62249.69,20,RENT,16000,PERSONAL,36,13.34,726,13.85,35.44,10,0,0,0
APP-18300,39,314516.4,20,MORTGAGE,22000,DEBTCONSOLIDATION,36,12.01,701,8.46,41.69,4,0,0,0
APP-18301,25,86875.74,19,RENT,13000,VENTURE,36,13.47,727,20.47,5.82,5,0,0,0
APP-18302,52,20207.08,19,MORTGAGE,12000,HOMEIMPROVEMENT,60,9.25,732,17.19,25.14,11,0,0,0
APP-18303,30,57677.76,12,MORTGAGE,40000,DEBTCONSOLIDATION,36,16.62,596,23.66,31.51,9,0,0,0
APP-18304,29,90413.42,14,MORTGAGE,7000,PERSONAL,60,13.4,724,24.32,9.5,4,0,0,0
APP-18305,47,48699.36,0,MORTGAGE,4000,PERSONAL,36,12.2,726,37.75,25.04,11,0,0,0
APP-18306,33,47653.66,15,MORTGAGE,16000,HOMEIMPROVEMENT,36,12.97,704,11.08,25.1,12,2,0,0
APP-18307,39,48831.34,2,RENT,35000,HOMEIMPROVEMENT,36,12.98,709,24.52,30.22,9,0,0,0
APP-18308,41,78714.27,17,OWN,5000,DEBTCONSOLIDATION,60,14.93,635,11.31,65.19,3,0,0,0
APP-18309,44,31963.98,20,MORTGAGE,35000,DEBTCONSOLIDATION,36,9.07,781,24.66,34.39,11,4,0,0
APP-18310,58,45217.4,3,MORTGAGE,39000,VENTURE,60,12.34,724,6.02,12.1,9,0,0,0
APP-18311,24,100357.1,0,RENT,40000,EDUCATION,36,12.29,730,20.2,13.96,7,0,0,0
APP-18312,44,46932.71,9,OWN,7000,MEDICAL,36,8.69,773,3.77,17.85,11,0,0,0
APP-18313,55,45549.14,16,RENT,23000,PERSONAL,36,12.02,740,27.33,42.76,6,0,0,0
APP-18314,23,30086.19,15,MORTGAGE,38000,PERSONAL,36,10.8,742,27.78,52.87,10,2,0,0
APP-18315,24,82698.52,14,RENT,33000,MEDICAL,36,16.75,543,9.15,47.01,12,1,0,0
APP-18316,57,74066.58,16,MORTGAGE,29000,PERSONAL,36,20.61,518,8.12,81.11,8,0,0,1
APP-18317,60,97361.12,2,OWN,27000,DEBTCONSOLIDATION,36,13.79,680,10.88,37.08,14,0,1,0
APP-18318,68,56586.93,13,MORTGAGE,5000,HOMEIMPROVEMENT,36,13.81,705,16.87,37.09,14,0,0,0
APP-18319,55,70114.93,12,MORTGAGE,11000,PERSONAL,36,11.32,710,20.26,39.05,8,0,0,0
APP-18320,51,69820.63,1,RENT,28000,VENTURE,60,14.43,706,39.28,41.42,5,0,0,0
APP-18321,64,29363.45,7,RENT,21000,VENTURE,36,12.16,707,12.15,26.82,11,0,0,0
APP-18322,45,194215.3,17,MORTGAGE,37000,MEDICAL,60,13.6,697,14.58,73.8,9,0,0,0
APP-18323,60,97638.7,20,RENT,6000,DEBTCONSOLIDATION,60,13.29,644,18.36,20.93,15,0,0,0
APP-18324,33,62286.5,13,RENT,18000,PERSONAL,60,16.81,605,16.87,54.67,10,0,0,0
APP-18325,24,53524.36,19,RENT,33000,VENTURE,36,14.09,681,40.48,16.31,18,2,1,0
APP-18326,66,116073.3,1,RENT,36000,PERSONAL,60,13.89,651,18.82,67.4,8,2,0,0
APP-18327,34,62815.8,20,MORTGAGE,24000,HOMEIMPROVEMENT,36,12.28,664,8.95,14.72,7,0,0,0
APP-18328,33,94543.11,0,RENT,14000,VENTURE,36,17.42,589,14.89,79.44,8,0,0,1
APP-18329,47,,10,MORTGAGE,2000,PERSONAL,60,14.86,678,14.95,3.85,11,0,0,0
APP-18330,26,38648.97,4,RENT,32000,PERSONAL,36,10.58,704,18.24,46.04,8,0,0,0
APP-18331,37,55222.84,16,RENT,20000,DEBTCONSOLIDATION,36,16.02,603,26.16,58.51,5,0,1,0
APP-18332,56,60191.64,3,RENT,24000,VENTURE,36,12.75,715,16.57,72.61,8,2,0,0
APP-18333,60,73995.59,0,RENT,35000,VENTURE,36,14.25,608,2.89,44.67,10,0,0,0
APP-18334,69,124672.99,7,RENT,5000,HOMEIMPROVEMENT,36,14.09,718,8.85,89.47,4,1,2,1
APP-18335,55,104403.23,0,RENT,35000,DEBTCONSOLIDATION,60,16.08,641,14.7,34.55,10,0,0,0
APP-18336,37,115728.64,4,RENT,31000,PERSONAL,36,11.62,752,8.79,65.46,10,0,0,0
APP-18337,61,41510.23,12,RENT,11000,DEBTCONSOLIDATION,36,15.08,643,5.98,8.08,7,1,0,0
APP-18338,22,51664.97,4,RENT,7000,DEBTCONSOLIDATION,36,14.19,626,11.84,41.27,15,0,0,1
APP-18339,33,97148.67,3,MORTGAGE,13000,PERSONAL,36,12.52,686,9.79,24.5,10,0,0,0
APP-18340,22,109916.22,1,MORTGAGE,13000,DEBTCONSOLIDATION,60,9.84,710,18.39,37.69,10,0,0,0
APP-18341,48,86762.17,1,RENT,19000,DEBTCONSOLIDATION,36,9.83,746,23.16,41.32,13,0,1,0
APP-18342,63,45190.51,10,RENT,37000,VENTURE,60,12.24,724,5.46,23.74,7,0,3,0
APP-18343,46,35567.62,13,MORTGAGE,36000,EDUCATION,36,15.25,630,11.82,50.59,13,0,0,0
APP-18344,42,67271.29,8,MORTGAGE,26000,DEBTCONSOLIDATION,36,11.51,704,14.59,44.07,12,1,0,0
APP-18345,67,38335.73,1,MORTGAGE,23000,DEBTCONSOLIDATION,60,15.72,616,13.78,36.9,3,0,1,0
APP-18346,63,75381.76,12,RENT,31000,MEDICAL,60,11.64,748,9.55,31.96,12,1,0,0
APP-18347,23,111897.96,10,MORTGAGE,30000,MEDICAL,36,8.65,769,15.81,7.35,9,0,0,0
APP-18348,55,65811.14,6,OTHER,8000,HOMEIMPROVEMENT,36,14.84,696,24.65,20.32,15,0,0,0
APP-18349,32,31166.07,5,RENT,4000,DEBTCONSOLIDATION,36,13.38,671,9.77,59.49,7,0,1,0
APP-18350,44,46413.8,2,RENT,22000,DEBTCONSOLIDATION,36,9.73,783,13.25,57.28,8,1,0,0
APP-18351,25,92257.76,1,RENT,21000,MEDICAL,36,9.62,769,11.41,33.66,13,0,0,0
APP-18352,40,75883.97,5,MORTGAGE,10000,MEDICAL,36,17.43,569,13.0,37.9,16,0,0,0
APP-18353,59,78979.71,0,RENT,37000,HOMEIMPROVEMENT,60,8.91,717,18.62,59.93,11,0,0,0
APP-18354,59,144998.9,8,RENT,15000,MEDICAL,36,12.87,674,23.65,41.55,10,2,0,0
APP-18355,33,71291.66,11,MORTGAGE,19000,DEBTCONSOLIDATION,36,14.93,596,22.91,31.0,8,4,0,0
APP-18356,61,70176.02,19,RENT,34000,DEBTCONSOLIDATION,60,9.91,782,21.19,48.14,7,0,0,0
APP-18357,65,91889.1,12,OWN,3000,DEBTCONSOLIDATION,36,14.67,633,36.09,9.01,7,0,0,0
APP-18358,32,33303.54,12,RENT,38000,DEBTCONSOLIDATION,36,9.55,741,17.86,14.64,15,0,0,0
APP-18359,33,47927.51,6,MORTGAGE,32000,VENTURE,36,13.24,649,19.41,17.26,7,0,0,0
APP-18360,30,41388.44,1,RENT,23000,MEDICAL,36,14.87,612,21.7,81.74,6,5,1,1
APP-18361,53,83071.51,8,MORTGAGE,10000,DEBTCONSOLIDATION,36,13.23,692,18.0,32.34,15,1,0,0
APP-18362,60,37814.54,11,OWN,21000,PERSONAL,60,17.31,588,10.95,30.49,13,0,0,0
APP-18363,36,79357.95,14,RENT,21000,PERSONAL,36,6.76,810,18.3,59.41,12,0,0,0
APP-18364,65,53724.0,17,MORTGAGE,2000,DEBTCONSOLIDATION,60,13.12,726,29.8,65.31,10,0,0,0
APP-18365,55,50107.3,4,MORTGAGE,31000,MEDICAL,36,14.83,651,7.03,3.46,11,1,0,0
APP-18366,23,94458.29,3,MORTGAGE,20000,PERSONAL,60,12.62,679,14.78,53.53,11,0,0,0
APP-18367,25,30758.37,11,RENT,37000,PERSONAL,36,14.22,630,6.53,29.41,8,1,0,0
APP-18368,46,46894.61,11,MORTGAGE,15000,DEBTCONSOLIDATION,60,12.79,704,20.67,38.73,13,0,1,0
APP-18369,31,259045.79,3,RENT,2000,PERSONAL,36,17.11,603,30.98,26.12,7,0,0,0
APP-18370,27,151026.3,11,OWN,6000,VENTURE,36,18.71,593,25.11,40.76,13,0,0,0
APP-18371,30,24168.19,6,MORTGAGE,11000,DEBTCONSOLIDATION,60,12.69,701,11.66,50.08,7,0,0,0
APP-18372,62,46454.18,12,MORTGAGE,10000,DEBTCONSOLIDATION,36,11.52,782,10.7,34.37,9,1,0,0
APP-18373,54,,4,OWN,15000,PERSONAL,36,16.48,633,10.42,71.94,7,0,0,0
APP-18374,23,29566.48,11,RENT,40000,HOMEIMPROVEMENT,36,15.94,643,22.62,26.9,9,0,0,1
APP-18375,28,164228.74,15,OTHER,19000,DEBTCONSOLIDATION,60,14.08,661,5.57,54.49,8,0,3,0
APP-18376,51,60766.3,20,MORTGAGE,26000,DEBTCONSOLIDATION,36,14.47,652,44.73,42.54,8,1,0,0
APP-18377,31,54559.07,18,RENT,37000,DEBTCONSOLIDATION,36,14.84,668,22.2,29.32,13,0,1,0
APP-18378,65,72441.36,9,MORTGAGE,32000,MEDICAL,36,11.59,711,3.98,25.7,10,2,0,0
APP-18379,27,71866.47,9,MORTGAGE,36000,DEBTCONSOLIDATION,60,16.09,669,8.96,5.14,11,0,0,0
APP-18380,65,39058.77,8,MORTGAGE,28000,DEBTCONSOLIDATION,60,17.78,584,35.08,65.67,13,0,0,0
APP-18381,22,115571.24,0,RENT,23000,VENTURE,36,11.66,664,21.66,26.66,12,0,0,0
APP-18382,26,64926.94,2,RENT,12000,VENTURE,36,11.23,708,38.27,58.76,10,0,0,0
APP-18383,61,115194.04,0,RENT,11000,PERSONAL,36,15.8,638,20.81,47.48,12,0,0,1
APP-18384,52,44899.45,14,OWN,9000,VENTURE,36,13.96,716,16.94,20.29,12,0,0,0
APP-18385,40,24392.6,7,RENT,29000,PERSONAL,36,13.01,744,37.52,43.65,5,0,0,0
APP-18386,54,122840.92,0,OWN,24000,DEBTCONSOLIDATION,60,12.45,704,13.42,4.57,11,0,0,0
APP-18387,36,86699.05,13,RENT,7000,PERSONAL,60,15.02,636,17.87,32.28,9,0,0,0
APP-18388,45,107377.73,12,RENT,15000,PERSONAL,36,10.22,773,24.96,20.61,11,0,1,0
APP-18389,32,110731.77,14,RENT,25000,DEBTCONSOLIDATION,36,12.52,751,16.77,39.52,11,0,0,0
APP-18390,27,60454.26,11,OWN,10000,DEBTCONSOLIDATION,60,10.98,701,19.33,73.99,9,0,0,1
APP-18391,59,49838.05,1,RENT,39000,MEDICAL,60,14.93,664,28.47,68.98,8,0,0,0
APP-18392,37,57191.52,0,RENT,26000,DEBTCONSOLIDATION,36,13.35,749,13.26,49.95,11,0,0,0
APP-18393,65,78882.39,16,MORTGAGE,39000,DEBTCONSOLIDATION,36,13.52,706,35.71,31.89,11,0,0,0
APP-18394,31,68769.75,3,MORTGAGE,31000,MEDICAL,36,10.2,747,10.67,60.39,16,1,0,0
APP-18395,26,23990.41,10,MORTGAGE,23000,DEBTCONSOLIDATION,36,13.95,671,22.49,33.06,9,0,0,0
APP-18396,43,56429.66,9,OWN,3000,DEBTCONSOLIDATION,60,15.34,663,11.63,33.54,11,0,0,0
APP-18397,47,121412.42,19,OWN,26000,VENTURE,36,15.51,587,17.47,26.29,7,0,0,0
APP-18398,66,59834.86,10,MORTGAGE,25000,DEBTCONSOLIDATION,60,8.44,783,10.51,27.95,14,0,0,0
APP-18399,26,182092.54,11,MORTGAGE,38000,HOMEIMPROVEMENT,60,5.89,766,32.56,34.01,9,0,0,0
APP-18400,58,37029.91,5,MORTGAGE,4000,HOMEIMPROVEMENT,60,16.33,651,14.52,88.5,10,1,0,0
APP-18401,22,71272.49,20,RENT,27000,DEBTCONSOLIDATION,60,13.61,698,15.18,62.69,4,0,0,0
APP-18402,42,36582.65,12,MORTGAGE,31000,DEBTCONSOLIDATION,60,12.43,729,6.84,45.39,17,0,0,0
APP-18403,40,39034.93,0,RENT,30000,PERSONAL,36,10.8,727,40.69,48.47,8,0,0,0
APP-18404,45,39216.84,10,MORTGAGE,8000,VENTURE,36,10.13,707,7.22,18.0,12,0,0,0
APP-18405,35,180744.55,6,MORTGAGE,10000,PERSONAL,36,12.66,661,33.7,22.61,16,2,0,0
APP-18406,69,52782.13,0,OTHER,31000,DEBTCONSOLIDATION,36,12.02,670,23.87,20.67,11,0,0,0
APP-18407,49,42136.97,8,RENT,17000,DEBTCONSOLIDATION,36,14.84,690,14.45,60.77,10,0,0,0
APP-18408,28,59793.12,15,MORTGAGE,15000,DEBTCONSOLIDATION,60,10.47,667,19.93,56.15,12,0,0,0
APP-18409,57,53572.59,9,MORTGAGE,27000,VENTURE,36,8.81,803,26.9,5.96,8,0,1,0
APP-18410,69,89834.62,12,OWN,38000,DEBTCONSOLIDATION,36,13.08,681,22.21,23.23,16,0,0,0
APP-18411,53,21598.19,12,RENT,11000,MEDICAL,36,14.89,680,25.4,28.51,12,0,0,0
APP-18412,42,37149.03,13,RENT,31000,DEBTCONSOLIDATION,60,11.73,669,19.11,21.27,16,0,0,0
APP-18413,67,91423.03,7,MORTGAGE,23000,DEBTCONSOLIDATION,60,12.63,621,20.66,11.13,12,0,0,0
APP-18414,25,46895.91,6,MORTGAGE,31000,PERSONAL,36,15.54,739,10.21,47.75,5,0,0,0
APP-18415,59,41049.11,0,RENT,33000,DEBTCONSOLIDATION,36,17.13,586,26.54,26.41,16,0,0,0
APP-18416,38,40140.83,1,OTHER,15000,HOMEIMPROVEMENT,36,10.28,710,6.41,22.57,5,0,0,0
APP-18417,58,85975.91,19,RENT,24000,MEDICAL,36,16.59,610,4.09,64.93,21,1,0,0
APP-18418,57,84118.57,17,MORTGAGE,18000,MEDICAL,60,9.53,716,26.24,22.34,9,0,0,0
APP-18419,50,96646.0,4,RENT,37000,DEBTCONSOLIDATION,36,10.68,753,44.33,71.07,8,1,0,0
APP-18420,51,33478.24,7,RENT,30000,DEBTCONSOLIDATION,36,14.18,726,14.36,35.64,9,0,0,0
APP-18421,30,32503.05,19,OTHER,25000,MEDICAL,36,12.6,644,20.18,47.88,5,1,0,0
APP-18422,35,105733.27,3,MORTGAGE,12000,VENTURE,60,15.58,630,20.99,8.74,5,0,0,0
APP-18423,62,66340.91,10,MORTGAGE,16000,DEBTCONSOLIDATION,36,12.56,683,12.65,10.36,15,0,0,0
APP-18424,68,44224.19,0,MORTGAGE,23000,VENTURE,36,13.69,621,12.13,42.62,16,0,0,1
APP-18425,64,55349.37,12,MORTGAGE,28000,HOMEIMPROVEMENT,36,12.79,644,12.81,51.85,8,0,0,0
APP-18426,38,32300.36,19,MORTGAGE,35000,DEBTCONSOLIDATION,36,13.45,663,17.19,35.11,12,0,0,0
APP-18427,43,45944.89,18,OWN,34000,MEDICAL,36,12.65,723,18.69,21.89,15,1,0,0
APP-18428,53,64835.42,9,RENT,22000,DEBTCONSOLIDATION,36,7.76,820,12.14,63.06,13,0,0,0
APP-18429,36,71484.5,13,RENT,25000,PERSONAL,36,10.79,700,15.3,33.32,12,5,0,0
APP-18430,58,57313.1,11,RENT,21000,HOMEIMPROVEMENT,60,14.03,652,16.08,42.99,8,1,0,0
APP-18431,55,54455.95,0,RENT,5000,DEBTCONSOLIDATION,60,7.12,758,12.88,53.84,9,0,0,0
APP-18432,54,86390.11,1,OTHER,38000,HOMEIMPROVEMENT,36,8.2,751,18.82,60.46,14,1,0,0
APP-18433,48,56914.87,20,MORTGAGE,38000,HOMEIMPROVEMENT,36,12.63,737,19.18,14.59,9,0,0,0
APP-18434,22,47879.48,4,MORTGAGE,34000,DEBTCONSOLIDATION,36,9.01,752,18.13,44.39,12,0,0,0
APP-18435,50,40898.62,7,RENT,32000,DEBTCONSOLIDATION,36,10.46,799,9.05,30.41,15,0,0,0
APP-18436,33,24740.65,9,OWN,35000,HOMEIMPROVEMENT,60,21.66,541,22.13,23.09,6,0,0,0
APP-18437,61,82864.29,20,RENT,23000,MEDICAL,36,13.3,683,3.16,13.53,8,0,0,0
APP-18438,36,124466.57,13,OWN,31000,MEDICAL,36,15.59,621,11.88,49.7,8,0,0,0
APP-18439,25,39606.35,12,OWN,6000,DEBTCONSOLIDATION,60,12.75,721,10.52,33.14,8,0,0,0
APP-18440,48,31728.58,10,RENT,24000,HOMEIMPROVEMENT,36,12.07,712,22.85,61.35,11,0,1,0
APP-18441,59,43854.72,14,MORTGAGE,14000,DEBTCONSOLIDATION,36,13.65,712,22.99,25.49,14,1,0,0
APP-18442,65,69235.36,13,MORTGAGE,10000,DEBTCONSOLIDATION,60,14.55,661,19.29,6.53,10,0,0,0
APP-18443,40,46506.62,18,RENT,15000,PERSONAL,36,12.41,709,24.83,73.39,5,0,1,0
APP-18444,44,46103.96,10,RENT,18000,DEBTCONSOLIDATION,60,11.42,719,9.42,79.33,7,0,0,0
APP-18445,47,57442.42,7,MORTGAGE,36000,MEDICAL,36,16.73,664,3.47,43.54,11,0,0,0
APP-18446,50,62969.42,16,MORTGAGE,19000,VENTURE,36,12.96,624,15.56,44.44,10,1,0,1
APP-18447,65,71978.74,16,RENT,13000,PERSONAL,36,12.46,779,34.19,45.45,4,0,0,0
APP-18448,47,51659.2,2,RENT,17000,PERSONAL,36,11.64,739,25.58,11.7,13,0,0,0
APP-18449,46,51201.39,3,MORTGAGE,31000,MEDICAL,36,20.03,465,21.8,63.96,11,0,0,0
APP-18450,27,22902.63,20,RENT,14000,DEBTCONSOLIDATION,60,13.97,621,13.15,8.54,9,0,0,0
APP-18451,62,95591.85,8,MORTGAGE,19000,DEBTCONSOLIDATION,36,13.46,663,3.09,71.34,8,0,0,0
APP-18452,67,67926.71,10,MORTGAGE,13000,DEBTCONSOLIDATION,36,12.79,731,14.83,36.39,11,0,0,0
APP-18453,58,127456.69,5,RENT,35000,DEBTCONSOLIDATION,60,18.25,570,36.56,24.32,12,0,0,0
APP-18454,25,77308.2,9,MORTGAGE,34000,EDUCATION,36,15.37,613,15.7,63.02,11,3,0,0
APP-18455,43,57710.92,15,MORTGAGE,7000,DEBTCONSOLIDATION,60,11.87,675,32.95,63.03,11,0,1,0
APP-18456,48,28481.01,9,OWN,19000,DEBTCONSOLIDATION,60,10.06,699,18.26,53.72,14,0,0,0
APP-18457,54,26452.83,5,MORTGAGE,4000,VENTURE,36,14.07,649,15.16,42.23,12,1,0,0
APP-18458,35,101131.22,0,OTHER,7000,VENTURE,36,12.33,708,8.19,25.99,12,0,0,0
APP-18459,52,79282.62,19,RENT,37000,HOMEIMPROVEMENT,36,16.08,657,27.93,25.76,6,4,0,0
APP-18460,46,124579.58,18,MORTGAGE,23000,DEBTCONSOLIDATION,60,13.21,598,9.66,48.14,17,1,0,0
APP-18461,68,95380.0,16,RENT,8000,DEBTCONSOLIDATION,36,13.57,708,5.28,43.77,6,0,0,0
APP-18462,51,49733.53,14,MORTGAGE,31000,EDUCATION,36,12.47,729,33.6,20.21,5,0,0,0
APP-18463,39,18957.56,9,MORTGAGE,3000,DEBTCONSOLIDATION,60,9.77,747,35.52,24.29,12,0,0,0
APP-18464,29,81004.51,18,MORTGAGE,33000,VENTURE,36,13.1,614,17.46,21.98,14,0,0,0
APP-18465,49,36024.34,16,OTHER,16000,MEDICAL,36,11.88,723,22.14,40.14,11,1,0,0
APP-18466,59,54603.27,16,OTHER,23000,PERSONAL,36,14.35,711,14.35,54.21,5,1,0,0
APP-18467,24,73574.62,5,RENT,39000,MEDICAL,36,5.73,799,16.07,79.43,5,5,0,0
APP-18468,23,43681.38,7,RENT,9000,DEBTCONSOLIDATION,36,17.97,627,13.9,31.17,12,0,0,0
APP-18469,49,39632.97,14,RENT,9000,MEDICAL,36,15.39,695,8.28,54.13,4,0,0,0
APP-18470,31,51349.55,6,RENT,40000,HOMEIMPROVEMENT,60,13.18,687,5.54,31.73,9,0,0,0
APP-18471,53,21523.69,9,RENT,37000,DEBTCONSOLIDATION,36,14.45,591,27.3,60.58,11,0,2,1
APP-18472,58,35708.9,12,MORTGAGE,21000,VENTURE,60,11.06,772,17.5,63.09,8,0,0,0
APP-18473,31,35451.8,8,MORTGAGE,38000,MEDICAL,60,11.87,635,10.29,22.68,10,1,0,0
APP-18474,47,53213.96,16,MORTGAGE,9000,PERSONAL,36,12.84,640,7.52,14.28,11,0,0,0
APP-18475,53,37287.79,0,MORTGAGE,15000,VENTURE,36,14.26,678,31.38,38.65,14,0,0,0
APP-18476,41,46262.61,14,OWN,21000,VENTURE,36,14.95,640,15.51,21.68,6,0,0,0
APP-18477,59,47931.0,1,RENT,36000,VENTURE,36,10.08,725,28.09,35.99,10,0,0,0
APP-18478,51,173484.38,19,MORTGAGE,26000,PERSONAL,60,13.91,690,3.86,13.43,14,0,0,0
APP-18479,58,87973.03,5,RENT,19000,HOMEIMPROVEMENT,36,17.69,570,22.05,54.57,11,0,0,0
APP-18480,66,56376.56,16,MORTGAGE,22000,PERSONAL,36,15.87,582,8.54,22.27,9,0,0,0
APP-18481,22,74947.2,10,RENT,38000,PERSONAL,36,11.23,718,27.93,39.11,6,0,0,0
APP-18482,47,94879.03,0,RENT,32000,DEBTCONSOLIDATION,36,14.07,645,10.25,20.81,12,0,0,0
APP-18483,56,69139.72,11,RENT,7000,MEDICAL,36,8.95,685,24.33,40.0,10,0,0,0
APP-18484,31,35705.34,19,RENT,21000,PERSONAL,36,13.4,709,20.52,38.41,5,1,0,0
APP-18485,67,55909.81,1,MORTGAGE,29000,DEBTCONSOLIDATION,36,16.11,622,7.22,24.25,13,0,0,0
APP-18486,38,36755.89,5,MORTGAGE,37000,DEBTCONSOLIDATION,36,14.92,611,25.71,39.76,10,0,0,1
APP-18487,21,50790.29,8,MORTGAGE,27000,DEBTCONSOLIDATION,36,11.51,727,24.53,13.73,9,1,0,0
APP-18488,55,55302.15,4,MORTGAGE,14000,DEBTCONSOLIDATION,60,13.2,665,24.77,44.16,16,0,0,0
APP-18489,55,101345.41,19,RENT,5000,PERSONAL,36,11.99,761,22.34,20.34,8,0,1,0
APP-18490,51,40253.0,6,MORTGAGE,35000,MEDICAL,36,10.37,727,15.62,56.17,4,0,0,0
APP-18491,48,38672.5,13,RENT,38000,DEBTCONSOLIDATION,36,13.04,710,6.48,44.89,10,1,1,1
APP-18492,59,41836.86,3,RENT,35000,EDUCATION,60,7.98,805,14.6,19.3,12,0,0,0
APP-18493,21,44156.57,3,RENT,17000,DEBTCONSOLIDATION,36,14.95,655,12.03,38.71,20,0,0,1
APP-18494,45,51068.12,2,MORTGAGE,24000,HOMEIMPROVEMENT,60,13.15,661,9.66,47.64,12,0,2,0
APP-18495,63,70591.26,8,MORTGAGE,24000,VENTURE,60,11.0,728,5.52,45.61,7,0,0,0
APP-18496,58,40434.8,10,RENT,16000,HOMEIMPROVEMENT,60,11.16,687,14.44,43.1,6,0,0,0
APP-18497,40,63414.39,0,RENT,26000,DEBTCONSOLIDATION,36,14.91,647,7.7,19.67,7,0,0,0
APP-18498,23,63807.49,17,MORTGAGE,30000,HOMEIMPROVEMENT,36,13.57,650,5.59,33.82,18,0,0,0
APP-18499,22,78971.15,9,MORTGAGE,37000,PERSONAL,60,16.71,610,17.31,20.26,21,0,0,0
APP-18500,38,53885.28,1,MORTGAGE,16000,DEBTCONSOLIDATION,60,14.62,695,14.44,35.68,9,0,0,0
APP-18501,64,90766.21,0,RENT,38000,DEBTCONSOLIDATION,36,11.52,731,15.36,27.16,11,0,0,0
APP-18502,30,72006.78,0,RENT,36000,DEBTCONSOLIDATION,36,10.93,685,14.61,29.91,9,0,0,0
APP-18503,25,70409.96,4,RENT,40000,DEBTCONSOLIDATION,36,10.05,736,4.38,65.98,5,0,0,1
APP-18504,29,45463.09,9,MORTGAGE,38000,HOMEIMPROVEMENT,60,14.4,686,11.72,55.65,15,0,0,0
APP-18505,22,68684.7,17,MORTGAGE,29000,EDUCATION,36,14.07,672,5.63,42.23,8,0,0,0
APP-18506,54,71406.48,18,MORTGAGE,31000,DEBTCONSOLIDATION,36,10.77,709,26.14,26.73,6,0,0,0
APP-18507,58,44409.35,17,MORTGAGE,8000,DEBTCONSOLIDATION,36,15.47,675,7.56,76.21,16,0,0,0
APP-18508,51,108786.36,5,MORTGAGE,5000,DEBTCONSOLIDATION,36,14.42,686,24.17,42.58,14,0,0,0
APP-18509,30,222293.3,5,MORTGAGE,8000,VENTURE,36,14.45,684,35.98,19.59,8,1,0,0
APP-18510,32,43106.74,20,RENT,34000,MEDICAL,60,15.14,611,34.28,48.44,8,3,0,0
APP-18511,56,47330.36,13,RENT,19000,DEBTCONSOLIDATION,36,15.81,706,10.41,47.3,5,0,1,0
APP-18512,41,47929.55,5,MORTGAGE,16000,MEDICAL,36,15.17,621,32.6,17.21,12,0,0,0
APP-18513,69,31107.95,5,MORTGAGE,36000,DEBTCONSOLIDATION,36,14.52,667,12.91,27.94,12,0,0,0
APP-18514,67,38632.71,8,RENT,38000,DEBTCONSOLIDATION,36,8.54,815,11.11,46.03,13,0,0,0
APP-18515,26,91914.49,12,MORTGAGE,6000,DEBTCONSOLIDATION,36,7.3,755,10.18,52.38,11,0,0,0
APP-18516,68,57468.56,18,RENT,24000,DEBTCONSOLIDATION,36,13.63,646,18.0,24.81,9,0,0,1
APP-18517,69,156296.19,2,MORTGAGE,11000,DEBTCONSOLIDATION,60,15.48,632,11.19,21.08,7,0,0,0
APP-18518,23,51831.22,0,OTHER,26000,PERSONAL,36,15.1,667,14.71,27.22,9,2,0,0
APP-18519,30,73730.76,7,RENT,23000,HOMEIMPROVEMENT,36,9.35,702,29.03,67.54,12,0,0,0
APP-18520,25,38095.56,3,RENT,32000,DEBTCONSOLIDATION,60,16.16,582,15.27,28.58,9,0,0,0
APP-18521,66,56664.85,11,MORTGAGE,24000,DEBTCONSOLIDATION,36,15.33,665,18.25,8.73,15,0,0,0
APP-18522,46,62561.83,14,MORTGAGE,29000,DEBTCONSOLIDATION,36,8.69,760,14.35,53.25,8,0,0,0
APP-18523,41,20909.48,5,RENT,16000,VENTURE,36,13.65,671,18.8,39.16,14,0,0,0
APP-18524,65,39637.02,13,MORTGAGE,8000,DEBTCONSOLIDATION,36,14.75,631,2.5,75.9,11,0,0,0
APP-18525,46,82286.74,6,RENT,39000,DEBTCONSOLIDATION,36,15.23,616,18.17,45.65,12,0,0,0
APP-18526,58,80124.24,12,RENT,16000,DEBTCONSOLIDATION,36,13.87,616,11.3,26.33,7,1,0,0
APP-18527,64,32074.36,12,MORTGAGE,6000,DEBTCONSOLIDATION,36,11.02,766,23.16,32.85,5,0,0,0
APP-18528,46,49987.04,4,MORTGAGE,13000,PERSONAL,36,11.54,703,2.86,59.07,9,0,0,0
APP-18529,28,18309.82,12,MORTGAGE,14000,DEBTCONSOLIDATION,36,12.49,685,31.16,40.77,13,0,0,0
APP-18530,25,59771.33,6,RENT,4000,DEBTCONSOLIDATION,36,12.97,740,22.52,56.2,6,0,0,0
APP-18531,35,112437.18,5,MORTGAGE,20000,VENTURE,60,10.43,738,17.95,3.52,6,0,0,0
APP-18532,36,114899.25,4,RENT,27000,EDUCATION,36,14.15,685,16.97,26.22,9,3,0,0
APP-18533,21,112874.79,6,MORTGAGE,31000,MEDICAL,36,10.04,721,8.16,72.45,15,0,0,0
APP-18534,36,77923.59,16,RENT,29000,EDUCATION,36,17.59,614,28.19,16.99,8,1,0,1
APP-18535,57,106841.56,3,MORTGAGE,16000,HOMEIMPROVEMENT,36,11.87,684,17.25,8.52,8,0,0,0
APP-18536,23,54468.0,13,MORTGAGE,19000,EDUCATION,36,11.93,682,29.31,4.43,21,0,0,0
APP-18537,67,46122.89,18,MORTGAGE,8000,PERSONAL,36,15.53,606,9.35,3.06,10,0,0,0
APP-18538,51,105906.04,6,MORTGAGE,15000,VENTURE,60,13.45,666,10.01,48.95,12,0,0,0
APP-18539,33,69163.59,0,MORTGAGE,25000,EDUCATION,60,11.94,809,35.37,33.93,10,0,0,0
APP-18540,36,24401.04,0,RENT,25000,HOMEIMPROVEMENT,36,10.96,716,12.86,57.69,8,0,0,0
APP-18541,63,110005.86,1,MORTGAGE,12000,EDUCATION,60,12.91,684,25.35,88.86,12,0,0,1
APP-18542,41,53641.31,0,RENT,40000,DEBTCONSOLIDATION,36,14.79,624,21.88,69.75,16,0,0,1
APP-18543,22,42891.85,15,RENT,11000,DEBTCONSOLIDATION,60,8.9,794,12.73,28.08,10,0,0,0
APP-18544,47,97680.02,4,MORTGAGE,34000,DEBTCONSOLIDATION,36,13.07,750,20.11,54.16,7,0,0,0
APP-18545,58,91311.55,13,OWN,21000,PERSONAL,36,11.42,729,12.47,11.91,11,0,0,0
APP-18546,46,37106.96,0,RENT,40000,MEDICAL,36,12.41,664,12.13,11.7,7,0,0,0
APP-18547,58,55351.34,4,RENT,23000,MEDICAL,60,15.69,555,45.24,65.1,13,0,0,1
APP-18548,66,38016.88,3,RENT,36000,HOMEIMPROVEMENT,60,12.85,770,17.4,34.03,9,0,0,0
APP-18549,45,38523.65,4,RENT,29000,DEBTCONSOLIDATION,36,10.12,772,8.23,37.78,11,0,0,0
APP-18550,31,18000.0,2,MORTGAGE,37000,DEBTCONSOLIDATION,36,13.82,689,22.29,26.04,7,1,0,1
APP-18551,28,36062.33,12,MORTGAGE,31000,HOMEIMPROVEMENT,36,16.3,611,15.16,29.78,13,0,0,0
APP-18552,28,54963.6,13,RENT,7000,PERSONAL,36,11.46,711,24.78,10.18,11,0,0,0
APP-18553,53,18000.0,1,RENT,2000,DEBTCONSOLIDATION,60,12.84,677,7.39,68.48,9,1,0,0
APP-18554,27,30154.03,15,MORTGAGE,5000,DEBTCONSOLIDATION,36,8.75,785,17.94,48.57,10,0,1,0
APP-18555,58,81107.11,3,RENT,26000,HOMEIMPROVEMENT,60,11.63,688,12.58,72.36,14,0,0,0
APP-18556,41,29550.28,4,RENT,40000,VENTURE,36,12.79,682,4.66,60.55,11,0,0,0
APP-18557,28,55347.33,17,MORTGAGE,12000,DEBTCONSOLIDATION,36,13.6,661,9.02,20.77,5,0,0,0
APP-18558,41,26194.84,18,RENT,39000,PERSONAL,36,10.05,669,22.66,32.94,3,3,0,1
APP-18559,40,73476.34,17,MORTGAGE,38000,HOMEIMPROVEMENT,36,15.94,623,15.29,20.93,9,0,0,0
APP-18560,28,50874.8,1,RENT,13000,PERSONAL,60,9.5,751,9.09,16.13,10,0,0,0
APP-18561,66,37841.55,20,OWN,30000,EDUCATION,60,17.78,613,24.48,10.85,7,0,0,1
APP-18562,51,18000.0,13,RENT,35000,DEBTCONSOLIDATION,60,14.99,682,18.92,66.94,12,1,0,1
APP-18563,49,38294.72,9,RENT,19000,MEDICAL,36,12.41,709,3.03,63.43,6,0,0,0
APP-18564,68,83480.71,19,MORTGAGE,10000,DEBTCONSOLIDATION,36,12.38,593,12.24,66.95,10,0,0,0
APP-18565,29,129966.18,16,OWN,13000,HOMEIMPROVEMENT,36,15.72,655,15.08,51.04,9,1,0,0
APP-18566,35,53657.21,13,MORTGAGE,10000,DEBTCONSOLIDATION,36,12.66,700,15.04,31.99,5,3,0,0
APP-18567,50,56951.71,17,RENT,2000,EDUCATION,36,11.3,686,25.37,78.11,6,0,0,0
APP-18568,46,42670.72,7,RENT,8000,DEBTCONSOLIDATION,60,14.5,688,23.28,91.24,10,0,0,1
APP-18569,30,110706.93,13,MORTGAGE,40000,PERSONAL,60,11.6,606,11.9,13.61,12,0,3,0
APP-18570,49,53086.1,2,MORTGAGE,35000,MEDICAL,60,15.03,615,10.59,24.66,8,0,0,0
APP-18571,36,93607.37,20,MORTGAGE,33000,PERSONAL,36,13.89,727,31.66,15.29,4,0,0,0
APP-18572,56,67785.56,11,MORTGAGE,29000,VENTURE,60,11.73,748,18.08,41.73,9,0,0,0
APP-18573,40,63668.97,16,MORTGAGE,27000,MEDICAL,60,10.58,759,17.36,52.07,13,0,0,0
APP-18574,65,35949.56,7,RENT,37000,DEBTCONSOLIDATION,36,12.85,686,8.52,24.6,6,0,0,0
APP-18575,57,145990.57,15,OTHER,15000,PERSONAL,36,11.56,726,4.46,56.94,8,0,0,0
APP-18576,42,124612.83,7,OWN,32000,HOMEIMPROVEMENT,36,18.74,596,21.12,65.43,7,0,0,0
APP-18577,27,186670.04,11,MORTGAGE,17000,VENTURE,60,11.92,612,8.94,9.47,9,0,0,0
APP-18578,43,34554.91,15,OWN,40000,DEBTCONSOLIDATION,60,14.37,667,10.16,48.17,7,0,0,0
APP-18579,61,68323.92,0,RENT,12000,PERSONAL,36,12.92,683,16.9,36.85,11,0,0,0
APP-18580,60,40269.23,6,MORTGAGE,12000,DEBTCONSOLIDATION,36,14.02,662,29.15,46.85,7,0,0,0
APP-18581,49,74744.49,10,RENT,39000,VENTURE,36,10.7,670,34.57,8.96,13,0,0,1
APP-18582,36,69293.86,5,OWN,13000,DEBTCONSOLIDATION,36,15.93,615,5.7,19.71,8,0,1,0
APP-18583,58,48679.18,5,MORTGAGE,10000,DEBTCONSOLIDATION,36,12.69,654,21.73,22.01,8,0,0,0
APP-18584,48,53406.63,4,MORTGAGE,23000,VENTURE,60,17.27,608,13.84,48.52,7,0,0,0
APP-18585,68,170311.45,3,MORTGAGE,39000,VENTURE,60,9.44,758,26.14,15.94,9,0,0,0
APP-18586,58,55957.28,17,MORTGAGE,10000,DEBTCONSOLIDATION,60,12.17,626,13.51,27.81,10,0,0,0
APP-18587,51,19904.71,19,RENT,4000,PERSONAL,36,9.14,730,65.0,32.04,6,4,0,1
APP-18588,34,45794.74,14,RENT,40000,HOMEIMPROVEMENT,36,11.74,686,19.86,17.1,11,0,0,0
APP-18589,53,34626.18,0,RENT,36000,HOMEIMPROVEMENT,36,13.19,721,24.14,42.18,10,0,0,1
APP-18590,29,37801.97,16,RENT,31000,VENTURE,36,11.99,693,8.87,30.96,12,0,0,0
APP-18591,47,85363.49,10,RENT,27000,DEBTCONSOLIDATION,60,14.9,660,17.94,4.06,11,0,0,0
APP-18592,44,93475.66,15,RENT,9000,PERSONAL,60,12.12,664,13.46,66.43,7,0,1,0
APP-18593,33,39280.21,8,RENT,33000,DEBTCONSOLIDATION,36,12.04,747,10.06,51.15,12,0,0,0
APP-18594,46,45463.16,0,RENT,23000,MEDICAL,60,15.59,644,7.76,66.39,13,0,0,0
APP-18595,49,42231.45,13,RENT,9000,HOMEIMPROVEMENT,36,14.23,672,21.47,52.63,9,0,0,0
APP-18596,69,127906.16,8,MORTGAGE,3000,DEBTCONSOLIDATION,36,8.62,790,7.9,55.26,8,0,0,0
APP-18597,63,94882.96,18,MORTGAGE,15000,DEBTCONSOLIDATION,36,12.87,672,5.01,21.5,9,0,0,0
APP-18598,48,83991.46,15,RENT,6000,DEBTCONSOLIDATION,36,11.69,690,22.64,16.37,13,0,0,0
APP-18599,48,35738.05,6,RENT,14000,PERSONAL,36,17.3,586,22.22,58.7,6,2,0,1
APP-18600,28,25472.9,14,MORTGAGE,24000,HOMEIMPROVEMENT,36,13.58,674,22.57,39.47,10,0,0,0
APP-18601,43,110773.03,9,OWN,14000,EDUCATION,36,14.64,683,13.53,66.28,9,0,0,0
APP-18602,49,156288.41,2,MORTGAGE,20000,HOMEIMPROVEMENT,36,10.96,672,17.5,68.9,11,1,0,0
APP-18603,25,24877.4,7,OWN,25000,HOMEIMPROVEMENT,60,11.94,716,4.66,80.69,11,0,0,0
APP-18604,62,183641.98,3,MORTGAGE,36000,VENTURE,36,14.24,681,42.35,65.98,10,1,0,0
APP-18605,27,56783.09,0,RENT,15000,PERSONAL,60,14.38,645,19.16,21.07,12,0,0,0
APP-18606,62,65126.53,3,RENT,5000,DEBTCONSOLIDATION,60,12.83,661,55.09,33.5,15,5,0,1
APP-18607,56,30978.76,3,RENT,27000,MEDICAL,60,11.98,716,15.07,58.01,10,0,0,0
APP-18608,61,24652.18,0,MORTGAGE,11000,PERSONAL,36,16.72,611,6.91,48.94,6,0,0,0
APP-18609,47,19304.6,16,RENT,39000,EDUCATION,36,14.19,674,12.05,24.07,9,0,0,0
APP-18610,66,100248.88,0,MORTGAGE,39000,PERSONAL,60,13.81,695,12.6,42.45,11,0,1,0
APP-18611,22,57447.79,8,MORTGAGE,35000,HOMEIMPROVEMENT,36,9.09,770,5.29,54.9,6,0,0,0
APP-18612,45,75387.08,7,RENT,35000,PERSONAL,60,9.36,782,27.13,82.09,12,0,0,0
APP-18613,29,105509.73,2,RENT,20000,DEBTCONSOLIDATION,60,13.82,719,10.26,24.09,16,0,0,0
APP-18614,47,57073.79,20,RENT,4000,MEDICAL,36,10.24,684,14.06,29.72,17,0,0,0
APP-18615,21,139348.5,11,MORTGAGE,37000,HOMEIMPROVEMENT,36,13.76,762,29.53,37.62,10,0,0,0
APP-18616,43,39628.07,16,MORTGAGE,5000,PERSONAL,60,8.72,748,29.4,32.15,14,0,0,0
APP-18617,30,48591.0,9,MORTGAGE,27000,DEBTCONSOLIDATION,36,11.55,713,7.76,49.1,8,0,0,0
APP-18618,62,38123.61,14,RENT,12000,EDUCATION,36,9.73,738,4.19,42.38,18,0,0,0
APP-18619,45,90921.62,20,RENT,4000,MEDICAL,36,14.04,667,9.94,85.09,8,1,0,0
APP-18620,23,104483.04,6,OWN,10000,PERSONAL,36,16.17,605,20.37,59.72,19,0,0,0
APP-18621,26,47740.66,9,RENT,3000,DEBTCONSOLIDATION,36,11.79,740,21.68,16.15,8,3,0,0
APP-18622,26,29834.67,9,RENT,15000,DEBTCONSOLIDATION,36,13.59,674,13.19,28.58,7,0,0,0
APP-18623,22,110780.46,20,MORTGAGE,4000,DEBTCONSOLIDATION,60,11.96,692,25.72,40.13,7,0,0,0
APP-18624,38,38546.69,3,RENT,3000,PERSONAL,36,12.83,698,11.62,73.61,9,0,0,0
APP-18625,43,48952.2,13,OWN,23000,VENTURE,60,11.98,746,9.84,23.64,9,0,0,0
APP-18626,22,35009.39,1,MORTGAGE,30000,DEBTCONSOLIDATION,36,13.58,650,31.47,32.57,11,0,0,1
APP-18627,32,69128.98,19,OWN,34000,PERSONAL,60,15.88,602,15.57,50.53,7,1,0,0
APP-18628,42,40742.17,11,MORTGAGE,37000,PERSONAL,60,12.25,704,7.46,78.74,12,0,0,0
APP-18629,57,85025.26,17,MORTGAGE,11000,DEBTCONSOLIDATION,36,10.83,761,3.75,49.51,8,3,0,0
APP-18630,40,45257.34,18,MORTGAGE,39000,DEBTCONSOLIDATION,36,15.71,606,19.08,52.15,4,0,0,0
APP-18631,59,78348.52,10,MORTGAGE,22000,PERSONAL,60,13.82,700,29.69,49.74,17,0,0,0
APP-18632,44,37709.13,13,RENT,32000,DEBTCONSOLIDATION,60,10.65,707,31.48,62.95,7,0,0,0
APP-18633,68,110539.86,14,RENT,36000,PERSONAL,36,8.51,798,20.91,73.47,6,0,0,0
APP-18634,40,46632.3,8,RENT,4000,DEBTCONSOLIDATION,36,11.0,721,11.97,39.58,12,5,0,0
APP-18635,21,62632.16,8,RENT,20000,VENTURE,60,16.56,624,38.52,18.5,9,0,0,0
APP-18636,21,33059.02,2,MORTGAGE,23000,VENTURE,36,12.21,715,24.16,21.12,12,0,0,0
APP-18637,37,59394.68,6,RENT,21000,HOMEIMPROVEMENT,36,12.5,697,8.94,75.8,14,0,0,0
APP-18638,21,33678.21,20,RENT,37000,PERSONAL,36,13.8,710,18.32,53.15,8,2,0,0
APP-18639,65,58574.37,4,RENT,20000,DEBTCONSOLIDATION,36,17.81,589,14.93,35.52,7,0,0,0
APP-18640,50,37020.74,15,MORTGAGE,5000,HOMEIMPROVEMENT,36,13.86,619,16.18,18.27,12,0,0,0
APP-18641,61,55399.39,0,MORTGAGE,33000,VENTURE,36,13.72,627,20.52,71.29,8,1,0,0
APP-18642,67,75581.02,8,MORTGAGE,9000,VENTURE,36,9.94,800,25.6,41.06,12,0,1,0
APP-18643,23,30146.7,0,RENT,27000,DEBTCONSOLIDATION,36,10.29,692,9.83,49.13,14,0,0,0
APP-18644,66,58585.1,9,RENT,2000,DEBTCONSOLIDATION,36,15.04,634,22.52,36.28,11,4,0,0
APP-18645,31,73434.92,0,RENT,27000,DEBTCONSOLIDATION,36,12.84,705,21.2,37.49,8,0,0,0
APP-18646,44,73279.48,12,MORTGAGE,10000,DEBTCONSOLIDATION,36,13.69,702,12.12,20.34,11,0,0,0
APP-18647,42,156246.66,11,RENT,36000,PERSONAL,36,9.78,716,42.65,68.52,13,0,0,0
APP-18648,64,41264.0,16,MORTGAGE,19000,DEBTCONSOLIDATION,36,14.81,624,14.66,52.75,13,0,0,1
APP-18649,65,59790.12,11,MORTGAGE,20000,VENTURE,36,10.63,704,6.62,95.05,6,0,0,0
APP-18650,46,143467.08,19,RENT,17000,HOMEIMPROVEMENT,36,13.21,665,18.28,3.4,14,3,0,0
APP-18651,33,30132.87,16,OTHER,29000,DEBTCONSOLIDATION,36,15.05,646,26.53,41.68,14,0,0,0
APP-18652,21,18981.63,1,MORTGAGE,4000,DEBTCONSOLIDATION,36,8.84,766,10.98,14.96,11,0,0,0
APP-18653,44,78259.53,4,MORTGAGE,19000,PERSONAL,60,10.01,771,33.4,58.52,10,0,0,0
APP-18654,30,100872.42,0,RENT,14000,HOMEIMPROVEMENT,60,11.85,706,20.93,38.42,11,0,0,0
APP-18655,55,20847.49,7,OWN,28000,VENTURE,36,11.75,658,9.95,11.98,9,5,1,0
APP-18656,44,51026.46,9,MORTGAGE,40000,EDUCATION,60,12.18,696,10.88,37.05,10,0,0,0
APP-18657,48,35991.27,19,RENT,25000,HOMEIMPROVEMENT,60,21.31,480,18.5,82.53,15,2,0,1
APP-18658,56,69901.17,10,MORTGAGE,30000,PERSONAL,36,10.83,780,12.38,55.57,7,1,0,0
APP-18659,36,58869.37,16,RENT,23000,PERSONAL,36,12.43,785,5.42,26.08,10,0,0,0
APP-18660,60,115205.53,4,OWN,27000,HOMEIMPROVEMENT,36,9.32,782,55.37,53.4,7,1,1,0
APP-18661,36,30563.82,1,MORTGAGE,21000,MEDICAL,36,12.85,639,18.71,37.82,8,0,0,0
APP-18662,37,72621.53,16,MORTGAGE,25000,PERSONAL,36,12.2,688,13.9,61.32,11,0,0,0
APP-18663,35,81699.74,3,RENT,13000,PERSONAL,36,8.83,766,14.81,42.16,20,5,0,0
APP-18664,36,61400.38,18,MORTGAGE,19000,DEBTCONSOLIDATION,60,15.64,603,11.39,51.45,8,0,0,0
APP-18665,35,21950.67,2,RENT,13000,MEDICAL,36,11.94,703,13.28,41.37,16,0,0,0
APP-18666,54,73700.87,17,RENT,39000,HOMEIMPROVEMENT,60,15.89,662,19.96,29.33,7,0,0,0
APP-18667,31,41550.81,15,MORTGAGE,33000,DEBTCONSOLIDATION,36,15.22,561,53.35,29.5,10,0,1,1
APP-18668,21,25043.3,12,RENT,24000,MEDICAL,36,12.02,722,18.32,24.95,13,0,0,0
APP-18669,35,72012.96,17,MORTGAGE,5000,EDUCATION,36,10.8,701,28.63,20.38,11,0,1,0
APP-18670,46,87868.87,5,RENT,13000,DEBTCONSOLIDATION,36,13.32,695,7.46,19.17,8,0,0,0
APP-18671,24,44015.63,2,MORTGAGE,18000,DEBTCONSOLIDATION,60,16.36,622,13.72,34.37,7,3,0,1
APP-18672,63,90845.98,1,RENT,22000,VENTURE,36,11.81,759,25.85,44.0,9,0,0,0
APP-18673,25,91303.15,4,MORTGAGE,38000,PERSONAL,36,10.46,713,13.27,18.17,9,0,0,0
APP-18674,55,59353.88,8,MORTGAGE,30000,MEDICAL,36,13.06,716,22.64,4.52,13,0,0,0
APP-18675,33,80673.82,18,RENT,7000,DEBTCONSOLIDATION,60,9.71,747,13.46,33.3,8,0,0,0
APP-18676,30,97555.81,0,MORTGAGE,29000,PERSONAL,36,12.14,725,22.11,22.03,10,0,0,0
APP-18677,31,77848.76,19,MORTGAGE,9000,PERSONAL,36,13.11,651,22.48,27.93,12,0,0,0
APP-18678,38,19082.13,19,MORTGAGE,32000,DEBTCONSOLIDATION,60,11.8,720,6.25,13.59,12,0,0,0
APP-18679,54,18000.0,14,RENT,21000,EDUCATION,60,12.94,695,8.59,53.41,11,1,0,0
APP-18680,59,102030.93,18,MORTGAGE,17000,HOMEIMPROVEMENT,36,14.95,694,12.92,32.73,8,0,0,0
APP-18681,61,42437.65,15,MORTGAGE,14000,HOMEIMPROVEMENT,60,8.7,726,3.25,43.81,10,0,0,0
APP-18682,62,46724.36,10,MORTGAGE,16000,DEBTCONSOLIDATION,60,17.34,629,26.32,14.44,11,0,0,0
APP-18683,43,154044.53,11,MORTGAGE,14000,HOMEIMPROVEMENT,36,17.21,537,23.16,32.67,9,0,0,1
APP-18684,27,41488.02,12,RENT,3000,VENTURE,60,12.43,669,16.29,44.18,8,0,0,0
APP-18685,59,55869.16,1,RENT,21000,VENTURE,36,15.05,591,9.48,65.13,13,1,0,0
APP-18686,23,60248.58,2,RENT,29000,MEDICAL,36,16.78,666,25.76,29.08,8,0,0,0
APP-18687,32,53826.53,10,RENT,19000,DEBTCONSOLIDATION,60,16.57,588,24.43,57.99,7,2,0,0
APP-18688,27,117247.31,0,RENT,8000,DEBTCONSOLIDATION,36,12.02,694,20.37,69.21,15,1,0,0
APP-18689,69,49647.26,20,RENT,22000,HOMEIMPROVEMENT,36,11.91,683,20.9,47.79,5,0,0,0
APP-18690,46,85791.51,9,MORTGAGE,40000,VENTURE,36,12.75,685,21.87,12.05,16,0,0,0
APP-18691,53,62014.92,6,RENT,10000,HOMEIMPROVEMENT,60,8.82,724,2.75,13.17,9,0,0,0
APP-18692,57,97097.04,1,OWN,11000,DEBTCONSOLIDATION,36,10.2,757,17.69,6.01,7,0,0,0
APP-18693,68,30152.57,7,RENT,32000,PERSONAL,60,14.69,654,2.86,48.28,11,0,0,0
APP-18694,35,19403.69,5,MORTGAGE,14000,HOMEIMPROVEMENT,36,11.86,703,25.73,27.13,5,0,0,0
APP-18695,22,60771.4,0,RENT,6000,DEBTCONSOLIDATION,36,13.86,703,49.96,4.05,11,0,0,0
APP-18696,61,39193.84,20,MORTGAGE,39000,DEBTCONSOLIDATION,60,15.02,601,29.18,32.49,9,0,0,0
APP-18697,27,124547.19,4,RENT,37000,DEBTCONSOLIDATION,36,10.45,743,7.94,74.93,16,0,0,0
APP-18698,52,57438.33,13,MORTGAGE,3000,DEBTCONSOLIDATION,36,13.21,635,14.7,19.87,7,0,0,0
APP-18699,24,66828.65,0,OWN,7000,DEBTCONSOLIDATION,60,15.94,644,21.36,52.06,10,1,0,0
APP-18700,40,51344.73,19,MORTGAGE,14000,DEBTCONSOLIDATION,36,12.06,670,24.67,57.08,15,0,0,0
APP-18701,56,43231.72,11,MORTGAGE,30000,PERSONAL,60,17.19,626,13.76,46.03,10,0,0,0
APP-18702,52,61620.71,13,RENT,15000,DEBTCONSOLIDATION,60,13.56,639,10.75,39.0,7,0,0,0
APP-18703,48,99445.27,16,MORTGAGE,31000,HOMEIMPROVEMENT,36,12.76,718,5.58,5.62,7,0,0,0
APP-18704,33,51210.84,12,RENT,26000,DEBTCONSOLIDATION,36,14.29,618,6.92,52.89,10,0,0,1
APP-18705,21,49443.56,0,MORTGAGE,36000,DEBTCONSOLIDATION,36,9.06,745,23.15,19.03,11,0,0,0
APP-18706,55,89537.11,8,RENT,38000,EDUCATION,36,15.09,632,19.96,68.33,8,0,0,0
APP-18707,68,25788.1,4,MORTGAGE,8000,VENTURE,36,9.06,737,35.59,54.48,13,0,0,0
APP-18708,50,108470.79,9,MORTGAGE,39000,PERSONAL,36,15.3,715,37.15,52.62,7,0,0,0
APP-18709,56,40007.54,7,MORTGAGE,19000,PERSONAL,36,15.43,626,34.55,61.11,9,0,0,0
APP-18710,45,96017.0,17,MORTGAGE,9000,DEBTCONSOLIDATION,36,14.83,632,18.58,39.45,10,0,0,0
APP-18711,36,69350.09,3,RENT,8000,VENTURE,60,7.9,724,36.09,55.66,11,0,0,0
APP-18712,39,21121.14,2,OTHER,35000,DEBTCONSOLIDATION,60,10.9,752,16.42,47.32,12,0,0,0
APP-18713,21,60230.63,20,MORTGAGE,37000,DEBTCONSOLIDATION,36,13.87,691,4.75,31.8,6,0,0,0
APP-18714,25,115513.28,19,RENT,11000,PERSONAL,36,9.44,757,20.52,21.11,12,0,0,0
APP-18715,42,51442.7,20,RENT,30000,DEBTCONSOLIDATION,36,10.05,761,21.94,56.86,9,0,0,0
APP-18716,44,53858.86,11,RENT,17000,HOMEIMPROVEMENT,36,15.19,637,19.91,55.93,7,0,0,0
APP-18717,63,40794.19,0,RENT,26000,DEBTCONSOLIDATION,36,12.29,768,15.59,80.83,19,0,0,0
APP-18718,65,108853.21,18,OWN,30000,DEBTCONSOLIDATION,36,9.58,729,4.18,36.36,12,0,0,0
APP-18719,57,47502.69,1,RENT,9000,VENTURE,36,16.31,639,21.88,27.55,10,0,0,0
APP-18720,56,146644.27,1,RENT,21000,PERSONAL,60,15.17,654,13.55,33.63,8,0,0,0
APP-18721,56,,2,RENT,37000,DEBTCONSOLIDATION,36,8.33,757,26.2,46.03,10,2,0,0
APP-18722,24,116537.9,13,RENT,28000,DEBTCONSOLIDATION,36,6.73,780,16.22,52.43,9,0,0,0
APP-18723,56,62323.05,0,RENT,14000,DEBTCONSOLIDATION,60,11.72,679,18.15,14.28,15,0,0,0
APP-18724,38,46949.93,15,RENT,27000,VENTURE,60,7.03,831,12.6,71.93,15,0,0,0
APP-18725,36,76055.04,0,OWN,26000,PERSONAL,60,7.39,783,35.37,38.46,9,0,0,0
APP-18726,61,130091.82,0,RENT,29000,PERSONAL,36,11.77,732,30.04,22.37,10,0,2,0
APP-18727,38,145309.37,8,RENT,10000,DEBTCONSOLIDATION,60,9.81,725,12.27,22.56,15,0,0,0
APP-18728,42,23656.7,6,OWN,27000,HOMEIMPROVEMENT,60,12.24,726,13.72,15.95,9,0,0,0
APP-18729,22,231514.71,20,MORTGAGE,13000,DEBTCONSOLIDATION,60,15.53,598,42.45,57.94,9,2,0,1
APP-18730,41,67919.01,20,RENT,27000,PERSONAL,60,13.64,655,7.69,32.31,12,0,0,0
APP-18731,56,88394.55,2,RENT,23000,PERSONAL,36,14.51,688,30.59,24.02,9,0,0,0
APP-18732,64,38267.58,19,RENT,2000,VENTURE,36,15.17,668,27.31,47.81,11,0,0,0
APP-18733,59,36971.84,14,MORTGAGE,13000,VENTURE,60,12.41,729,10.95,23.03,7,3,0,0
APP-18734,67,,7,RENT,25000,DEBTCONSOLIDATION,60,10.53,701,29.63,20.27,10,0,0,0
APP-18735,59,140340.39,15,MORTGAGE,31000,MEDICAL,60,9.75,726,5.06,36.74,4,5,0,0
APP-18736,49,42444.95,18,MORTGAGE,15000,DEBTCONSOLIDATION,60,12.27,679,20.98,54.28,13,0,0,1
APP-18737,46,57185.37,2,RENT,24000,DEBTCONSOLIDATION,36,12.69,770,9.87,62.9,13,1,0,0
APP-18738,41,51499.03,2,MORTGAGE,3000,DEBTCONSOLIDATION,36,10.34,704,13.11,73.94,11,3,0,0
APP-18739,37,35939.28,7,OWN,4000,HOMEIMPROVEMENT,36,14.1,678,26.27,45.02,6,0,0,0
APP-18740,36,54204.68,2,MORTGAGE,7000,PERSONAL,60,9.17,731,13.45,37.4,10,0,0,0
APP-18741,51,62564.29,6,MORTGAGE,20000,DEBTCONSOLIDATION,36,12.01,736,10.89,61.55,8,0,0,0
APP-18742,29,111791.29,12,MORTGAGE,22000,DEBTCONSOLIDATION,60,11.33,696,43.38,47.12,5,0,0,0
APP-18743,51,35258.09,16,RENT,21000,DEBTCONSOLIDATION,60,16.69,601,23.63,11.82,13,0,0,0
APP-18744,34,44723.29,5,MORTGAGE,22000,MEDICAL,36,9.25,749,4.23,46.51,10,2,2,0
APP-18745,69,78830.38,4,MORTGAGE,5000,HOMEIMPROVEMENT,36,15.18,595,19.11,53.35,12,3,0,0
APP-18746,57,61248.55,15,MORTGAGE,26000,DEBTCONSOLIDATION,36,15.38,611,8.76,29.95,9,0,0,0
APP-18747,22,61815.28,6,MORTGAGE,8000,MEDICAL,36,11.39,697,16.9,31.49,10,0,0,0
APP-18748,68,36844.56,16,OWN,8000,DEBTCONSOLIDATION,36,12.03,665,17.67,70.84,7,0,0,0
APP-18749,66,88364.98,20,MORTGAGE,34000,HOMEIMPROVEMENT,36,11.79,696,43.58,27.77,8,0,0,0
APP-18750,34,121395.85,20,MORTGAGE,27000,PERSONAL,36,9.86,779,11.72,59.42,11,0,1,0
APP-18751,53,115911.62,13,RENT,18000,DEBTCONSOLIDATION,36,7.36,717,19.1,13.35,8,0,0,0
APP-18752,55,54349.61,6,RENT,9000,DEBTCONSOLIDATION,36,14.6,647,13.65,39.82,12,0,0,0
APP-18753,59,18000.0,0,RENT,27000,PERSONAL,36,8.26,743,7.53,70.46,11,0,0,1
APP-18754,67,67296.63,15,MORTGAGE,16000,MEDICAL,36,16.19,608,12.73,34.96,11,1,0,0
APP-18755,40,62953.72,20,RENT,21000,HOMEIMPROVEMENT,36,17.37,654,33.7,45.22,16,1,0,1
APP-18756,22,35988.0,0,MORTGAGE,20000,HOMEIMPROVEMENT,36,12.5,689,12.36,37.79,8,0,0,0
APP-18757,61,39702.58,0,MORTGAGE,8000,MEDICAL,36,14.24,657,16.26,17.26,10,0,0,0
APP-18758,39,36396.26,17,OWN,2000,PERSONAL,60,9.48,733,17.39,21.02,12,0,0,0
APP-18759,57,68683.35,0,MORTGAGE,40000,DEBTCONSOLIDATION,36,12.27,694,8.94,3.99,6,0,0,0
APP-18760,38,39687.72,0,RENT,38000,EDUCATION,60,9.61,709,12.04,43.5,8,0,0,0
APP-18761,36,65026.08,18,RENT,19000,PERSONAL,60,14.11,699,6.3,33.45,11,0,0,0
APP-18762,24,196471.09,0,RENT,9000,DEBTCONSOLIDATION,36,8.82,748,7.35,24.83,9,0,0,0
APP-18763,32,54561.3,0,RENT,16000,VENTURE,36,14.58,632,19.71,19.51,7,0,0,0
APP-18764,49,33522.87,11,MORTGAGE,7000,PERSONAL,36,18.82,593,8.07,31.13,15,0,0,0
APP-18765,27,28950.07,15,RENT,38000,DEBTCONSOLIDATION,60,10.81,736,22.77,47.28,11,2,0,0
APP-18766,34,70617.58,7,RENT,23000,DEBTCONSOLIDATION,36,14.0,649,12.29,32.34,7,5,0,1
APP-18767,32,162990.43,7,RENT,12000,PERSONAL,36,15.28,633,4.24,79.41,6,0,0,0
APP-18768,55,38146.91,12,MORTGAGE,27000,DEBTCONSOLIDATION,60,14.55,700,17.3,24.92,9,0,0,0
APP-18769,25,20384.23,9,MORTGAGE,9000,PERSONAL,60,11.72,705,9.47,37.34,19,0,0,0
APP-18770,37,140608.25,0,OWN,10000,DEBTCONSOLIDATION,36,12.76,758,6.78,42.16,7,0,0,0
APP-18771,62,210686.64,0,OWN,14000,PERSONAL,60,13.06,698,19.58,44.14,5,0,0,0
APP-18772,52,87409.82,11,RENT,4000,EDUCATION,60,13.7,693,2.0,10.64,6,0,0,0
APP-18773,30,74256.25,16,MORTGAGE,4000,VENTURE,36,15.45,651,15.98,27.74,6,2,0,0
APP-18774,63,61905.4,15,MORTGAGE,8000,HOMEIMPROVEMENT,36,9.77,782,20.27,30.32,9,1,0,0
APP-18775,37,84162.98,15,MORTGAGE,4000,DEBTCONSOLIDATION,36,9.87,759,10.64,65.89,12,0,0,0
APP-18776,25,82240.45,15,MORTGAGE,12000,PERSONAL,60,16.21,586,19.02,20.1,7,0,0,0
APP-18777,65,68974.59,0,RENT,29000,VENTURE,36,8.51,775,10.97,46.67,13,0,0,0
APP-18778,62,37191.87,18,OWN,32000,DEBTCONSOLIDATION,36,12.5,656,13.69,12.65,10,2,0,0
APP-18779,29,68792.32,18,MORTGAGE,10000,DEBTCONSOLIDATION,60,9.78,755,19.09,11.64,15,0,0,0
APP-18780,69,56999.25,10,RENT,28000,HOMEIMPROVEMENT,36,11.41,714,15.35,56.39,4,0,0,0
APP-18781,53,40093.74,3,RENT,13000,HOMEIMPROVEMENT,36,9.74,749,30.37,32.78,15,0,0,0
APP-18782,56,68712.06,11,MORTGAGE,9000,VENTURE,36,9.26,745,15.19,35.76,10,0,0,0
APP-18783,56,46952.95,10,MORTGAGE,23000,HOMEIMPROVEMENT,36,12.72,718,34.64,54.66,15,0,0,0
APP-18784,38,61936.67,3,MORTGAGE,19000,VENTURE,60,13.75,733,8.7,28.54,11,0,0,0
APP-18785,29,75225.39,11,RENT,31000,DEBTCONSOLIDATION,60,17.54,640,20.33,43.38,11,0,0,0
APP-18786,49,80747.06,16,RENT,12000,DEBTCONSOLIDATION,36,7.99,850,23.49,20.08,5,0,0,0
APP-18787,34,47534.97,16,MORTGAGE,3000,HOMEIMPROVEMENT,36,11.94,648,13.69,30.72,8,1,0,0
APP-18788,45,74996.44,0,RENT,30000,DEBTCONSOLIDATION,36,14.65,714,27.49,30.98,12,0,0,0
APP-18789,35,84253.92,2,RENT,27000,DEBTCONSOLIDATION,36,13.44,696,10.58,71.08,7,0,0,0
APP-18790,26,97435.17,13,RENT,15000,DEBTCONSOLIDATION,60,13.32,714,14.78,36.88,10,0,0,0
APP-18791,62,69733.1,17,RENT,29000,VENTURE,36,17.08,627,19.96,2.41,14,0,0,0
APP-18792,49,81038.07,10,RENT,36000,VENTURE,36,15.0,691,23.76,36.43,11,0,0,0
APP-18793,35,48499.07,14,RENT,7000,DEBTCONSOLIDATION,36,14.67,641,11.42,71.78,6,0,0,0
APP-18794,49,217175.24,0,OWN,37000,MEDICAL,36,15.06,590,13.5,51.98,10,0,1,0
APP-18795,24,57985.26,12,MORTGAGE,13000,PERSONAL,60,15.6,664,14.83,8.77,9,0,0,0
APP-18796,38,104882.13,20,MORTGAGE,35000,EDUCATION,60,5.0,797,4.25,53.19,10,0,0,0
APP-18797,69,46939.76,13,RENT,7000,EDUCATION,60,12.55,657,13.24,40.45,10,0,0,0
APP-18798,64,72213.11,19,MORTGAGE,38000,VENTURE,36,14.57,716,18.58,39.67,13,1,0,0
APP-18799,59,70877.77,11,MORTGAGE,38000,DEBTCONSOLIDATION,60,10.64,721,18.44,24.22,14,1,0,0
APP-18800,36,77956.55,17,RENT,9000,DEBTCONSOLIDATION,36,13.36,743,14.2,41.68,17,5,0,0
APP-18801,31,39183.01,1,RENT,38000,PERSONAL,36,11.26,701,9.99,55.11,9,0,2,0
APP-18802,34,72745.42,1,MORTGAGE,34000,DEBTCONSOLIDATION,36,8.99,741,14.49,56.27,9,0,1,0
APP-18803,23,47031.02,1,RENT,32000,VENTURE,36,12.1,719,20.22,36.77,8,2,0,0
APP-18804,62,90194.95,9,RENT,35000,MEDICAL,36,10.58,785,20.1,59.33,8,0,0,0
APP-18805,58,38595.29,5,RENT,12000,EDUCATION,60,13.87,640,2.0,58.24,13,0,3,0
APP-18806,65,69769.34,14,MORTGAGE,37000,DEBTCONSOLIDATION,60,11.22,749,7.08,17.15,16,0,0,0
APP-18807,62,59032.66,18,MORTGAGE,5000,DEBTCONSOLIDATION,36,12.52,711,21.9,48.12,10,0,0,1
APP-18808,38,151365.53,12,MORTGAGE,18000,DEBTCONSOLIDATION,36,14.34,659,6.11,27.85,7,0,0,0
APP-18809,40,104704.11,3,RENT,17000,DEBTCONSOLIDATION,36,17.18,689,25.94,26.68,16,0,0,0
APP-18810,68,118925.04,19,OTHER,31000,DEBTCONSOLIDATION,60,8.01,796,13.51,31.16,13,0,0,0
APP-18811,45,40709.73,10,MORTGAGE,40000,DEBTCONSOLIDATION,36,13.5,686,26.89,39.61,9,2,1,0
APP-18812,58,49430.28,14,RENT,6000,DEBTCONSOLIDATION,60,9.82,746,28.18,33.96,15,2,0,0
APP-18813,33,59752.47,18,MORTGAGE,38000,DEBTCONSOLIDATION,36,10.49,707,15.09,53.96,10,0,0,0
APP-18814,24,106115.07,20,MORTGAGE,27000,VENTURE,36,9.65,772,18.83,43.46,9,0,0,0
APP-18815,34,72260.88,9,RENT,29000,HOMEIMPROVEMENT,36,10.59,682,19.4,49.76,12,0,0,0
APP-18816,53,41167.78,16,RENT,20000,PERSONAL,60,11.18,753,5.39,53.02,9,0,0,0
APP-18817,48,42047.12,11,RENT,22000,PERSONAL,36,14.07,671,21.05,36.56,7,0,0,0
APP-18818,57,108687.9,9,MORTGAGE,29000,DEBTCONSOLIDATION,36,11.42,705,12.22,34.37,6,1,0,0
APP-18819,28,73436.03,10,OWN,20000,MEDICAL,60,14.95,620,5.86,31.75,14,0,0,0
APP-18820,64,61465.46,9,RENT,37000,DEBTCONSOLIDATION,36,16.74,632,18.32,11.97,8,0,0,0
APP-18821,54,58971.31,7,MORTGAGE,12000,HOMEIMPROVEMENT,60,12.27,692,9.73,52.53,5,0,0,0
APP-18822,64,93685.42,14,RENT,20000,DEBTCONSOLIDATION,36,11.45,684,12.89,31.02,10,0,0,0
APP-18823,25,35341.47,3,MORTGAGE,6000,EDUCATION,36,15.3,593,23.13,23.64,8,0,1,0
APP-18824,25,61447.01,12,OWN,3000,MEDICAL,60,13.81,705,3.73,18.59,7,0,0,0
APP-18825,51,63310.76,14,MORTGAGE,26000,DEBTCONSOLIDATION,60,15.1,700,11.66,12.52,13,0,1,0
APP-18826,65,32113.92,18,MORTGAGE,27000,EDUCATION,36,15.01,635,2.0,29.26,9,0,0,0
APP-18827,29,53976.24,5,MORTGAGE,31000,HOMEIMPROVEMENT,60,10.93,751,11.76,19.22,8,0,0,0
APP-18828,62,187824.3,17,RENT,18000,HOMEIMPROVEMENT,36,12.34,693,11.73,21.62,13,0,0,0
APP-18829,52,39438.44,19,OWN,22000,DEBTCONSOLIDATION,36,14.46,632,19.86,65.85,13,1,0,0
APP-18830,53,63768.84,13,MORTGAGE,21000,DEBTCONSOLIDATION,60,9.56,737,18.96,31.57,13,1,0,0
APP-18831,23,21193.2,15,MORTGAGE,19000,MEDICAL,36,16.99,573,13.31,62.04,8,0,0,0
APP-18832,50,55856.64,7,MORTGAGE,17000,DEBTCONSOLIDATION,60,15.89,591,17.78,36.69,12,0,0,0
APP-18833,32,34989.83,19,MORTGAGE,29000,MEDICAL,36,13.53,606,3.99,3.04,9,0,0,1
APP-18834,49,50216.03,13,MORTGAGE,13000,DEBTCONSOLIDATION,36,12.61,705,14.95,36.13,18,1,0,0
APP-18835,23,74093.52,5,MORTGAGE,7000,DEBTCONSOLIDATION,36,9.61,728,19.21,32.25,9,0,0,0
APP-18836,46,34102.2,7,RENT,25000,PERSONAL,36,10.0,639,13.4,12.46,12,0,0,0
APP-18837,50,67542.84,12,RENT,7000,DEBTCONSOLIDATION,36,11.72,713,49.68,69.69,12,0,0,1
APP-18838,29,40542.79,3,OWN,18000,EDUCATION,60,8.78,772,12.82,21.18,6,2,0,0
APP-18839,46,30707.84,15,RENT,20000,DEBTCONSOLIDATION,60,13.14,655,25.43,58.98,9,0,1,0
APP-18840,22,97865.76,3,MORTGAGE,29000,DEBTCONSOLIDATION,36,16.95,606,17.79,33.43,5,0,0,0
APP-18841,23,37023.05,11,RENT,30000,PERSONAL,36,5.24,830,17.5,61.77,9,0,0,0
APP-18842,66,48439.98,14,RENT,8000,HOMEIMPROVEMENT,60,14.45,703,37.76,23.29,13,0,0,0
APP-18843,24,45009.61,17,MORTGAGE,20000,EDUCATION,36,15.99,618,14.82,31.19,15,3,0,0
APP-18844,45,66732.14,14,MORTGAGE,9000,DEBTCONSOLIDATION,36,15.5,659,25.13,69.31,11,0,0,0
APP-18845,33,60849.03,16,RENT,9000,PERSONAL,60,16.67,539,5.44,4.14,8,0,0,0
APP-18846,59,55126.4,19,OWN,6000,HOMEIMPROVEMENT,60,18.15,626,21.39,58.59,8,0,0,1
APP-18847,64,42008.69,11,MORTGAGE,35000,DEBTCONSOLIDATION,60,11.82,698,5.75,64.24,8,0,0,0
APP-18848,55,52436.0,17,RENT,22000,PERSONAL,36,11.73,706,4.24,17.23,17,0,0,0
APP-18849,43,69349.96,3,MORTGAGE,5000,VENTURE,36,16.94,586,30.87,13.73,12,0,0,0
APP-18850,29,63509.61,16,MORTGAGE,37000,DEBTCONSOLIDATION,36,11.99,716,6.82,49.52,16,0,0,0
APP-18851,22,104912.77,3,RENT,6000,DEBTCONSOLIDATION,60,14.37,666,45.57,24.93,14,0,0,0
APP-18852,61,87684.93,19,MORTGAGE,24000,PERSONAL,60,12.34,710,15.05,46.19,15,0,0,0
APP-18853,64,,5,RENT,20000,HOMEIMPROVEMENT,36,6.99,775,4.52,12.65,10,1,0,0
APP-18854,51,117795.37,2,RENT,16000,DEBTCONSOLIDATION,60,12.25,736,25.56,42.17,4,0,0,0
APP-18855,64,65745.26,1,OWN,15000,DEBTCONSOLIDATION,60,13.64,689,28.44,59.08,14,0,1,0
APP-18856,67,91748.89,2,MORTGAGE,9000,DEBTCONSOLIDATION,36,11.96,668,7.35,15.86,8,1,1,0
APP-18857,22,70816.4,8,RENT,10000,EDUCATION,60,12.84,634,19.44,10.6,9,0,0,0
APP-18858,52,116236.4,10,MORTGAGE,12000,PERSONAL,36,16.27,609,39.54,12.65,12,0,0,0
APP-18859,38,24898.72,19,RENT,19000,DEBTCONSOLIDATION,60,15.18,638,30.91,59.5,6,0,0,0
APP-18860,33,51134.74,6,MORTGAGE,33000,DEBTCONSOLIDATION,36,12.79,736,20.91,42.39,10,0,0,0
APP-18861,66,73499.72,3,MORTGAGE,37000,DEBTCONSOLIDATION,60,15.06,674,22.38,43.02,10,0,0,0
APP-18862,25,79616.8,15,MORTGAGE,22000,DEBTCONSOLIDATION,36,19.3,587,30.52,57.81,8,0,1,1
APP-18863,62,59348.41,1,MORTGAGE,28000,HOMEIMPROVEMENT,60,13.25,653,13.8,20.13,12,0,0,0
APP-18864,64,26075.46,18,MORTGAGE,22000,PERSONAL,36,8.59,762,24.95,15.82,7,0,0,0
APP-18865,30,54787.71,7,RENT,12000,VENTURE,60,11.34,669,36.09,48.72,14,0,0,0
APP-18866,63,90048.38,12,OWN,35000,DEBTCONSOLIDATION,36,14.79,603,10.45,21.49,7,0,2,0
APP-18867,45,51132.44,2,RENT,6000,DEBTCONSOLIDATION,36,13.59,708,32.79,20.46,15,0,0,0
APP-18868,54,62708.41,1,MORTGAGE,29000,PERSONAL,36,10.04,700,3.67,14.06,11,2,0,0
APP-18869,57,,16,MORTGAGE,11000,PERSONAL,36,12.1,649,10.22,23.56,5,0,0,0
APP-18870,50,,8,MORTGAGE,13000,DEBTCONSOLIDATION,36,10.9,709,22.39,62.32,8,0,0,0
APP-18871,27,55343.19,20,MORTGAGE,4000,PERSONAL,36,12.46,707,19.87,54.63,11,0,0,0
APP-18872,26,65978.65,10,OWN,2000,DEBTCONSOLIDATION,36,13.74,693,13.34,67.65,12,0,0,0
APP-18873,23,67424.88,17,RENT,38000,DEBTCONSOLIDATION,60,9.85,769,10.41,31.75,10,3,0,1
APP-18874,33,64042.94,20,RENT,2000,HOMEIMPROVEMENT,36,11.0,705,13.13,31.07,6,2,0,0
APP-18875,23,72882.25,4,OWN,14000,DEBTCONSOLIDATION,60,14.22,685,22.3,76.62,7,0,0,0
APP-18876,46,33023.25,16,MORTGAGE,39000,MEDICAL,60,11.91,697,4.37,28.28,6,1,0,0
APP-18877,44,56353.39,0,RENT,16000,MEDICAL,36,8.07,703,7.58,74.53,11,0,0,0
APP-18878,26,32396.67,13,MORTGAGE,8000,DEBTCONSOLIDATION,36,13.01,714,13.42,42.46,9,0,0,0
APP-18879,63,,15,MORTGAGE,31000,EDUCATION,36,13.97,686,9.53,40.47,14,0,0,0
APP-18880,69,81006.76,9,MORTGAGE,25000,PERSONAL,36,11.14,778,32.67,68.15,14,0,0,0
APP-18881,62,55862.67,1,MORTGAGE,9000,EDUCATION,36,13.54,629,8.13,50.71,9,0,0,0
APP-18882,32,37293.74,12,MORTGAGE,4000,EDUCATION,36,11.51,740,15.58,33.45,9,0,0,0
APP-18883,69,48268.8,18,MORTGAGE,16000,VENTURE,36,15.74,659,12.6,49.94,13,1,0,0
APP-18884,56,147340.95,19,RENT,37000,DEBTCONSOLIDATION,60,14.62,691,23.02,43.56,7,4,0,0
APP-18885,22,123605.27,15,OWN,15000,PERSONAL,60,9.53,758,26.9,17.1,13,0,0,0
APP-18886,31,45656.08,4,MORTGAGE,28000,HOMEIMPROVEMENT,36,9.66,727,14.19,17.26,13,0,0,0
APP-18887,59,45542.71,18,RENT,31000,DEBTCONSOLIDATION,60,10.71,695,10.43,11.92,9,0,0,0
APP-18888,54,56704.53,18,MORTGAGE,38000,MEDICAL,36,8.26,684,10.7,14.51,15,0,0,0
APP-18889,46,111283.83,6,RENT,7000,MEDICAL,60,15.29,621,19.29,46.11,10,0,0,0
APP-18890,38,24947.3,2,MORTGAGE,20000,MEDICAL,36,7.71,770,15.27,2.53,12,0,0,0
APP-18891,41,45361.27,18,RENT,38000,PERSONAL,36,14.25,697,19.28,37.3,7,0,2,0
APP-18892,56,73545.5,18,RENT,2000,DEBTCONSOLIDATION,36,9.55,719,4.09,61.88,18,1,0,0
APP-18893,60,69420.66,0,OWN,26000,PERSONAL,36,10.02,771,31.34,21.02,14,0,0,0
APP-18894,66,48347.77,20,MORTGAGE,11000,HOMEIMPROVEMENT,36,10.64,671,8.48,56.1,10,0,0,0
APP-18895,64,52778.24,10,RENT,27000,PERSONAL,36,16.33,622,17.66,30.43,11,0,0,1
APP-18896,42,70649.09,20,RENT,24000,DEBTCONSOLIDATION,36,16.65,648,25.01,17.92,7,0,0,0
APP-18897,50,48766.64,8,MORTGAGE,18000,DEBTCONSOLIDATION,36,16.73,621,13.47,33.17,12,0,0,0
APP-18898,63,35181.58,10,OWN,31000,PERSONAL,60,10.5,792,27.53,3.16,9,2,0,0
APP-18899,50,54573.19,4,MORTGAGE,28000,DEBTCONSOLIDATION,36,15.1,662,19.87,17.0,10,1,0,0
APP-18900,28,65819.96,18,MORTGAGE,12000,HOMEIMPROVEMENT,36,18.59,576,20.6,57.76,16,0,0,0
APP-18901,54,20697.69,8,RENT,5000,PERSONAL,60,15.18,605,8.07,16.75,9,1,0,0
APP-18902,67,72846.63,16,MORTGAGE,19000,DEBTCONSOLIDATION,36,5.0,814,13.86,36.29,14,0,0,0
APP-18903,29,97449.33,0,RENT,20000,PERSONAL,60,12.54,706,10.72,39.09,16,0,0,0
APP-18904,40,50079.75,16,MORTGAGE,37000,VENTURE,60,10.59,743,9.43,56.76,10,0,1,0
APP-18905,60,50536.05,9,RENT,27000,MEDICAL,36,16.7,612,32.03,28.98,16,0,0,0
APP-18906,45,41389.87,0,MORTGAGE,2000,DEBTCONSOLIDATION,36,12.07,754,5.83,55.82,10,0,0,0
APP-18907,39,55481.66,3,RENT,21000,PERSONAL,60,16.23,613,11.85,39.25,16,0,0,0
APP-18908,25,45293.29,2,RENT,12000,VENTURE,60,9.82,675,10.72,69.35,7,0,0,0
APP-18909,31,123476.09,15,RENT,26000,DEBTCONSOLIDATION,36,9.79,707,17.46,60.54,9,0,0,0
APP-18910,35,63723.15,9,RENT,20000,DEBTCONSOLIDATION,36,12.65,691,13.46,31.23,8,1,0,0
APP-18911,28,20460.35,1,RENT,33000,PERSONAL,60,13.38,701,16.42,27.54,14,0,0,0
APP-18912,39,79639.65,4,OTHER,2000,DEBTCONSOLIDATION,36,13.28,642,15.85,60.81,8,0,0,0
APP-18913,43,141431.38,9,MORTGAGE,2000,PERSONAL,36,12.7,676,9.02,63.28,9,0,0,0
APP-18914,47,77229.29,0,MORTGAGE,4000,MEDICAL,36,16.56,625,5.26,38.27,13,0,0,0
APP-18915,60,108554.57,7,MORTGAGE,33000,DEBTCONSOLIDATION,36,9.69,773,5.48,15.77,7,0,0,0
APP-18916,52,84001.56,13,RENT,37000,DEBTCONSOLIDATION,36,15.08,682,9.4,49.81,14,0,3,0
APP-18917,46,98271.76,10,MORTGAGE,9000,DEBTCONSOLIDATION,36,14.97,626,12.32,29.81,9,1,0,0
APP-18918,47,95908.19,11,OTHER,31000,DEBTCONSOLIDATION,36,8.37,796,11.05,61.66,8,2,0,0
APP-18919,39,96459.26,5,RENT,40000,PERSONAL,36,11.8,661,18.05,30.16,10,0,0,0
APP-18920,62,70146.28,2,OTHER,35000,DEBTCONSOLIDATION,36,9.42,735,7.46,35.42,11,0,0,0
APP-18921,49,25399.47,16,RENT,9000,MEDICAL,36,12.84,659,6.22,48.17,11,0,0,0
APP-18922,59,34729.86,18,RENT,26000,VENTURE,36,15.4,694,13.89,64.03,10,0,0,0
APP-18923,61,35049.68,9,RENT,27000,DEBTCONSOLIDATION,36,14.95,730,36.74,9.29,7,0,0,0
APP-18924,53,18000.0,5,OTHER,28000,DEBTCONSOLIDATION,36,12.71,677,22.24,8.01,6,0,0,0
APP-18925,39,48176.07,9,MORTGAGE,20000,DEBTCONSOLIDATION,60,13.52,721,8.32,47.26,11,0,0,0
APP-18926,57,121508.15,18,MORTGAGE,24000,DEBTCONSOLIDATION,60,11.35,758,25.36,41.54,6,0,0,0
APP-18927,39,29196.73,13,RENT,17000,DEBTCONSOLIDATION,36,14.03,633,7.9,49.95,10,0,0,0
APP-18928,53,86166.57,17,RENT,9000,HOMEIMPROVEMENT,36,14.99,587,6.71,30.97,7,0,0,0
APP-18929,67,78006.85,5,OWN,31000,PERSONAL,60,14.34,664,47.42,32.66,12,0,0,0
APP-18930,36,67170.16,14,RENT,9000,EDUCATION,60,8.84,743,14.72,51.37,14,1,1,0
APP-18931,43,108151.71,13,RENT,12000,VENTURE,60,17.39,659,14.71,13.44,10,0,1,0
APP-18932,27,58650.01,11,RENT,8000,DEBTCONSOLIDATION,60,10.76,759,19.83,10.67,4,0,0,0
APP-18933,46,128125.08,10,RENT,22000,HOMEIMPROVEMENT,36,13.15,725,25.44,40.87,3,1,0,1
APP-18934,52,54190.15,10,MORTGAGE,35000,DEBTCONSOLIDATION,60,11.08,729,21.72,58.89,14,0,0,0
APP-18935,32,71088.58,17,MORTGAGE,22000,DEBTCONSOLIDATION,60,15.22,682,14.72,35.57,8,0,2,0
APP-18936,28,55781.58,19,MORTGAGE,6000,PERSONAL,36,16.02,651,9.9,25.57,4,0,0,0
APP-18937,25,37725.86,0,RENT,18000,PERSONAL,36,13.81,677,16.18,12.97,6,0,0,0
APP-18938,62,30537.39,11,RENT,22000,HOMEIMPROVEMENT,36,10.05,690,17.38,9.79,9,0,0,0
APP-18939,48,79827.31,19,RENT,7000,VENTURE,36,11.02,689,7.24,29.08,11,0,0,0
APP-18940,25,117435.37,1,MORTGAGE,8000,VENTURE,36,13.42,695,10.32,32.75,10,0,0,0
APP-18941,69,67648.28,7,RENT,12000,DEBTCONSOLIDATION,36,15.3,671,20.73,30.0,12,0,0,0
APP-18942,46,77418.1,0,RENT,19000,HOMEIMPROVEMENT,36,14.72,666,8.34,53.86,13,0,0,0
APP-18943,25,27524.7,0,RENT,39000,EDUCATION,60,11.4,757,14.34,73.52,7,0,0,0
APP-18944,42,72593.37,18,MORTGAGE,13000,VENTURE,36,16.3,634,17.97,29.7,14,0,3,0
APP-18945,35,21167.18,8,MORTGAGE,23000,PERSONAL,60,13.8,678,8.34,50.69,10,0,0,0
APP-18946,33,32932.32,13,RENT,4000,EDUCATION,36,10.32,781,29.25,34.87,12,0,0,0
APP-18947,48,116669.03,1,MORTGAGE,20000,DEBTCONSOLIDATION,60,15.52,681,17.2,39.39,9,0,0,0
APP-18948,53,60284.18,0,RENT,24000,DEBTCONSOLIDATION,60,10.87,742,15.02,66.87,15,1,0,0
APP-18949,63,63127.89,18,MORTGAGE,35000,VENTURE,36,16.37,657,14.45,48.05,10,0,0,0
APP-18950,43,78976.11,11,MORTGAGE,4000,PERSONAL,36,11.78,629,13.85,56.28,5,0,0,0
APP-18951,53,89238.26,0,RENT,24000,DEBTCONSOLIDATION,36,8.62,797,27.11,87.28,5,1,0,0
APP-18952,63,52291.35,20,OWN,6000,DEBTCONSOLIDATION,60,14.25,629,32.26,33.55,12,1,0,0
APP-18953,38,69317.92,9,MORTGAGE,30000,DEBTCONSOLIDATION,60,13.98,690,18.59,39.82,8,0,0,0
APP-18954,50,57828.9,9,RENT,35000,PERSONAL,60,8.24,782,23.25,44.41,14,0,0,0
APP-18955,46,27833.83,12,MORTGAGE,6000,DEBTCONSOLIDATION,60,14.18,621,18.55,39.26,15,0,0,0
APP-18956,36,50148.64,0,MORTGAGE,30000,DEBTCONSOLIDATION,36,9.75,728,10.4,61.67,13,0,0,0
APP-18957,33,73609.08,11,OWN,25000,DEBTCONSOLIDATION,36,12.52,721,29.06,50.94,16,2,0,0
APP-18958,59,49390.27,12,RENT,40000,DEBTCONSOLIDATION,36,13.36,690,12.05,24.47,8,0,0,0
APP-18959,53,49614.89,5,MORTGAGE,22000,DEBTCONSOLIDATION,36,10.03,797,28.76,41.26,13,0,0,0
APP-18960,46,88530.23,14,OWN,33000,DEBTCONSOLIDATION,36,11.52,706,16.03,45.96,10,1,0,0
APP-18961,68,64897.18,6,RENT,6000,HOMEIMPROVEMENT,60,13.04,697,10.64,57.58,11,0,0,0
APP-18962,21,71391.75,14,MORTGAGE,19000,HOMEIMPROVEMENT,36,13.57,639,10.47,49.67,11,0,0,0
APP-18963,69,26572.66,1,MORTGAGE,39000,DEBTCONSOLIDATION,36,13.36,686,22.3,56.53,5,0,0,0
APP-18964,58,74918.79,19,MORTGAGE,36000,PERSONAL,36,13.57,726,15.46,24.1,12,0,0,0
APP-18965,22,34398.87,18,MORTGAGE,39000,MEDICAL,36,10.73,741,24.02,21.7,14,0,0,0
APP-18966,69,59144.53,1,MORTGAGE,17000,DEBTCONSOLIDATION,60,10.56,733,24.75,70.87,8,0,0,0
APP-18967,26,35185.82,19,RENT,36000,EDUCATION,36,16.16,590,14.07,12.91,8,0,0,0
APP-18968,66,95460.01,10,MORTGAGE,25000,DEBTCONSOLIDATION,60,13.4,687,20.5,22.64,5,0,0,0
APP-18969,58,149462.97,14,RENT,37000,DEBTCONSOLIDATION,60,15.46,642,14.98,55.35,16,0,0,0
APP-18970,62,55615.23,17,RENT,6000,DEBTCONSOLIDATION,36,15.84,602,3.3,22.38,10,0,0,0
APP-18971,44,55356.82,0,MORTGAGE,10000,PERSONAL,36,13.83,654,7.38,68.01,9,0,0,0
APP-18972,38,100245.24,2,RENT,5000,DEBTCONSOLIDATION,36,15.11,664,9.99,76.98,8,0,0,0
APP-18973,47,79693.52,4,RENT,34000,PERSONAL,36,14.36,632,21.24,20.06,12,0,0,0
APP-18974,61,57777.73,9,RENT,28000,MEDICAL,60,12.9,691,8.26,53.11,11,4,0,0
APP-18975,28,71977.22,6,MORTGAGE,23000,DEBTCONSOLIDATION,36,10.91,734,11.44,39.69,14,0,0,0
APP-18976,48,165199.11,9,RENT,12000,VENTURE,36,11.61,719,2.42,59.73,16,1,0,0
APP-18977,30,,2,MORTGAGE,6000,DEBTCONSOLIDATION,60,14.19,663,28.65,40.1,5,0,0,0
APP-18978,37,44669.98,13,RENT,11000,VENTURE,36,11.44,739,40.01,43.74,12,0,0,1
APP-18979,49,,0,RENT,4000,MEDICAL,60,13.56,652,34.94,12.54,7,0,0,0
APP-18980,26,172166.48,6,RENT,16000,DEBTCONSOLIDATION,60,10.51,784,6.12,40.24,15,0,0,0
APP-18981,34,65421.61,2,RENT,38000,PERSONAL,36,11.91,702,10.35,40.07,11,0,0,0
APP-18982,42,25469.05,14,MORTGAGE,18000,DEBTCONSOLIDATION,60,10.58,741,12.25,15.45,7,0,0,0
APP-18983,26,72779.6,18,RENT,21000,DEBTCONSOLIDATION,36,14.84,662,20.86,23.65,9,0,0,0
APP-18984,46,46051.97,0,MORTGAGE,5000,VENTURE,60,14.18,675,10.07,74.31,14,0,0,0
APP-18985,59,75969.02,16,MORTGAGE,35000,HOMEIMPROVEMENT,36,12.75,696,17.56,46.17,10,0,0,0
APP-18986,32,30343.49,18,RENT,35000,VENTURE,60,13.2,682,2.0,51.76,10,1,0,0
APP-18987,55,28626.99,20,RENT,32000,PERSONAL,36,13.39,666,13.93,37.71,9,0,0,0
APP-18988,34,51614.85,11,MORTGAGE,35000,DEBTCONSOLIDATION,36,15.53,610,13.94,22.73,10,0,0,0
APP-18989,42,136779.44,5,MORTGAGE,4000,PERSONAL,36,13.14,654,21.85,32.49,6,0,0,0
APP-18990,43,30157.58,5,MORTGAGE,29000,DEBTCONSOLIDATION,36,19.57,623,17.44,25.3,7,0,0,1
APP-18991,68,51012.56,6,RENT,38000,DEBTCONSOLIDATION,36,17.58,587,45.58,13.85,10,0,0,0
APP-18992,27,28799.06,12,MORTGAGE,30000,DEBTCONSOLIDATION,60,11.78,701,9.6,57.02,12,0,0,0
APP-18993,60,69212.45,9,RENT,16000,HOMEIMPROVEMENT,36,15.11,644,23.76,34.92,9,1,0,1
APP-18994,45,66886.48,13,RENT,37000,DEBTCONSOLIDATION,60,7.6,763,20.21,18.31,7,0,0,0
APP-18995,33,29379.25,0,RENT,36000,DEBTCONSOLIDATION,36,13.65,647,15.18,31.26,9,0,0,0
APP-18996,41,113989.9,0,RENT,11000,DEBTCONSOLIDATION,60,16.68,637,19.97,67.98,12,0,1,1
APP-18997,61,22900.11,20,MORTGAGE,18000,PERSONAL,36,13.69,751,17.01,9.12,10,0,0,0
APP-18998,30,131692.7,20,RENT,31000,DEBTCONSOLIDATION,36,10.68,724,27.78,18.29,11,0,0,0
APP-18999,29,119042.33,15,MORTGAGE,9000,DEBTCONSOLIDATION,36,11.4,749,10.22,39.42,15,0,0,0
APP-19000,35,69765.75,4,RENT,24000,DEBTCONSOLIDATION,36,12.56,674,5.03,33.12,11,0,0,0
APP-19001,22,93718.95,19,RENT,20000,PERSONAL,36,17.9,592,19.39,58.73,9,0,0,0
APP-19002,45,,3,OWN,38000,PERSONAL,36,9.21,727,15.85,61.87,15,0,0,0
APP-19003,33,27717.37,14,MORTGAGE,37000,DEBTCONSOLIDATION,36,11.38,744,21.21,20.66,17,0,3,1
APP-19004,54,67389.38,0,MORTGAGE,5000,DEBTCONSOLIDATION,60,11.51,672,13.29,27.07,9,1,0,0
APP-19005,54,27297.25,13,RENT,27000,VENTURE,36,9.18,786,18.69,57.38,10,0,0,0
APP-19006,55,59549.31,15,RENT,28000,PERSONAL,60,11.23,722,15.83,42.55,12,0,0,0
APP-19007,58,32259.85,17,RENT,14000,PERSONAL,36,12.91,690,10.98,28.81,12,0,0,0
APP-19008,23,97509.67,14,MORTGAGE,35000,PERSONAL,60,13.64,726,25.59,34.02,14,1,0,0
APP-19009,62,72408.89,19,RENT,34000,DEBTCONSOLIDATION,36,15.55,637,14.52,40.5,11,2,0,0
APP-19010,26,84048.78,10,MORTGAGE,27000,DEBTCONSOLIDATION,60,12.67,697,25.47,36.28,7,0,0,0
APP-19011,68,70979.49,13,MORTGAGE,21000,PERSONAL,36,15.87,609,19.19,51.42,6,0,1,1
APP-19012,69,153339.06,6,OWN,9000,MEDICAL,60,12.77,700,14.72,77.69,11,0,1,0
APP-19013,39,99827.59,0,OTHER,17000,PERSONAL,36,13.68,700,26.63,46.26,6,0,0,0
APP-19014,23,140338.26,15,MORTGAGE,6000,HOMEIMPROVEMENT,36,13.02,702,6.95,12.06,15,0,0,0
APP-19015,38,38176.48,18,RENT,35000,VENTURE,36,15.2,680,20.81,55.89,10,0,1,0
APP-19016,59,45647.65,2,MORTGAGE,28000,PERSONAL,36,13.47,632,28.45,24.5,10,0,0,0
APP-19017,29,18000.0,0,OWN,37000,VENTURE,36,8.23,812,20.59,27.29,10,0,0,0
APP-19018,32,49207.73,2,MORTGAGE,5000,EDUCATION,60,14.8,632,23.95,42.21,15,1,0,0
APP-19019,25,58819.31,18,RENT,8000,PERSONAL,60,14.91,621,22.01,76.24,13,0,0,1
APP-19020,23,74395.89,4,MORTGAGE,38000,PERSONAL,36,13.01,684,59.65,24.1,11,0,0,0
APP-19021,31,45914.16,3,RENT,37000,VENTURE,36,13.74,682,16.24,23.13,19,0,1,0
APP-19022,50,86526.03,0,RENT,25000,HOMEIMPROVEMENT,36,10.98,701,3.39,81.07,9,0,0,1
APP-19023,24,83547.57,5,MORTGAGE,16000,HOMEIMPROVEMENT,36,7.87,733,11.24,29.17,12,0,0,0
APP-19024,25,47250.28,14,MORTGAGE,7000,MEDICAL,36,15.49,631,19.66,9.18,13,0,1,0
APP-19025,21,37078.18,20,MORTGAGE,27000,HOMEIMPROVEMENT,36,8.81,768,8.01,25.5,8,0,0,0
APP-19026,47,61880.1,5,MORTGAGE,27000,HOMEIMPROVEMENT,36,11.71,670,31.18,6.84,10,0,1,0
APP-19027,48,62922.63,3,MORTGAGE,26000,DEBTCONSOLIDATION,36,15.9,596,5.96,55.49,11,0,0,0
APP-19028,49,44184.56,18,OWN,34000,HOMEIMPROVEMENT,36,14.35,717,13.66,48.51,4,2,0,0
APP-19029,38,52596.02,17,MORTGAGE,4000,MEDICAL,60,15.49,680,8.26,17.8,7,1,0,0
APP-19030,32,29468.3,5,MORTGAGE,10000,PERSONAL,36,12.2,699,9.31,27.68,13,1,0,0
APP-19031,33,84059.09,0,MORTGAGE,38000,MEDICAL,36,8.95,741,20.84,31.85,13,0,0,0
APP-19032,61,84741.98,20,MORTGAGE,39000,DEBTCONSOLIDATION,36,11.55,766,28.52,17.75,14,4,0,1
APP-19033,22,,13,OWN,31000,DEBTCONSOLIDATION,36,17.75,636,36.36,25.81,14,0,3,0
APP-19034,57,87794.23,19,RENT,28000,PERSONAL,36,20.44,550,19.45,40.03,8,0,0,0
APP-19035,65,63932.19,6,RENT,14000,DEBTCONSOLIDATION,36,13.57,668,19.45,57.25,19,0,0,0
APP-19036,36,134340.52,12,RENT,24000,DEBTCONSOLIDATION,36,14.88,654,6.15,0.62,15,0,0,1
APP-19037,68,31313.23,13,MORTGAGE,4000,DEBTCONSOLIDATION,36,14.05,675,17.1,54.01,10,0,2,0
APP-19038,44,66230.42,18,MORTGAGE,24000,PERSONAL,60,16.5,596,39.3,28.51,13,0,0,0
APP-19039,55,94058.7,20,RENT,36000,MEDICAL,36,12.75,665,24.99,15.97,3,0,0,0
APP-19040,42,126253.87,0,RENT,25000,DEBTCONSOLIDATION,36,13.0,643,9.31,54.45,11,0,1,0
APP-19041,56,88990.74,12,MORTGAGE,38000,DEBTCONSOLIDATION,36,16.42,628,14.09,51.56,12,2,0,0
APP-19042,31,35632.37,5,OTHER,13000,EDUCATION,36,16.83,587,22.62,42.99,13,1,0,1
APP-19043,66,26172.79,16,RENT,21000,MEDICAL,36,14.52,663,12.78,49.99,13,0,0,0
APP-19044,49,54998.52,15,MORTGAGE,19000,VENTURE,36,9.7,759,4.1,45.29,7,1,0,0
APP-19045,55,,18,RENT,8000,DEBTCONSOLIDATION,36,12.66,668,25.38,59.11,8,1,0,0
APP-19046,68,96025.35,6,OWN,27000,HOMEIMPROVEMENT,36,14.31,576,17.99,48.93,12,0,0,0
APP-19047,35,34622.71,2,MORTGAGE,13000,DEBTCONSOLIDATION,60,6.52,787,12.99,17.3,11,1,1,0
APP-19048,51,81256.74,0,MORTGAGE,35000,HOMEIMPROVEMENT,36,18.12,583,17.51,72.49,17,0,0,0
APP-19049,62,18000.0,4,RENT,33000,PERSONAL,36,15.78,683,6.88,35.9,8,3,2,0
APP-19050,61,41367.59,6,MORTGAGE,31000,HOMEIMPROVEMENT,36,14.29,651,12.88,49.46,9,0,0,0
APP-19051,63,92054.74,19,RENT,3000,PERSONAL,60,14.29,651,9.99,63.52,14,0,0,0
APP-19052,36,33004.35,9,MORTGAGE,9000,MEDICAL,36,12.95,656,7.1,51.58,9,0,0,0
APP-19053,30,34482.54,10,MORTGAGE,34000,DEBTCONSOLIDATION,36,9.97,723,19.35,31.35,16,0,0,0
APP-19054,69,46041.04,18,MORTGAGE,31000,DEBTCONSOLIDATION,36,12.09,683,11.55,3.74,6,0,0,0
APP-19055,52,65414.3,18,MORTGAGE,29000,VENTURE,60,13.22,741,8.85,14.71,12,0,0,0
APP-19056,22,34281.89,10,RENT,14000,HOMEIMPROVEMENT,60,11.04,828,10.25,75.33,10,1,0,0
APP-19057,44,58915.42,0,RENT,25000,DEBTCONSOLIDATION,60,9.52,731,10.5,50.53,11,0,0,0
APP-19058,43,48238.4,4,MORTGAGE,34000,DEBTCONSOLIDATION,36,12.56,728,14.05,49.86,12,0,0,0
APP-19059,22,106827.0,8,MORTGAGE,6000,DEBTCONSOLIDATION,36,15.46,671,19.49,48.41,12,2,0,0
APP-19060,58,47009.72,15,RENT,7000,PERSONAL,36,10.33,740,21.98,32.56,10,0,0,0
APP-19061,51,60728.58,14,RENT,5000,DEBTCONSOLIDATION,36,12.64,703,16.65,52.1,14,0,0,0
APP-19062,60,65066.72,12,MORTGAGE,35000,VENTURE,36,12.83,655,7.58,14.3,12,0,0,0
APP-19063,46,48539.41,18,RENT,30000,PERSONAL,36,14.49,690,15.98,40.42,15,2,0,0
APP-19064,49,87978.76,16,OWN,22000,MEDICAL,36,14.84,661,13.29,39.05,7,0,1,0
APP-19065,23,97616.99,20,MORTGAGE,27000,DEBTCONSOLIDATION,60,9.23,731,20.2,38.67,12,0,0,0
APP-19066,34,46888.01,18,MORTGAGE,33000,DEBTCONSOLIDATION,36,15.49,604,28.94,56.58,9,0,0,0
APP-19067,45,69324.95,2,MORTGAGE,23000,MEDICAL,60,12.38,685,17.76,19.64,13,0,0,0
APP-19068,68,37655.55,0,MORTGAGE,15000,DEBTCONSOLIDATION,36,13.28,737,52.61,58.41,13,0,0,0
APP-19069,21,79371.99,7,RENT,35000,DEBTCONSOLIDATION,36,10.66,760,18.86,57.24,6,0,0,0
APP-19070,23,67266.09,12,MORTGAGE,38000,PERSONAL,60,13.06,673,7.22,17.37,5,0,0,0
APP-19071,46,49912.65,12,MORTGAGE,2000,PERSONAL,60,12.75,734,17.14,27.8,6,0,0,0
APP-19072,38,70612.76,4,MORTGAGE,33000,DEBTCONSOLIDATION,36,7.91,756,14.91,72.41,7,0,0,1
APP-19073,29,80533.44,17,RENT,33000,PERSONAL,36,10.89,680,6.23,23.55,10,0,0,0
APP-19074,58,110768.08,5,MORTGAGE,25000,DEBTCONSOLIDATION,60,12.17,773,18.84,5.64,7,0,1,0
APP-19075,43,73038.43,19,RENT,22000,DEBTCONSOLIDATION,36,12.97,668,16.29,39.75,9,0,0,0
APP-19076,41,93358.78,8,RENT,13000,EDUCATION,36,14.6,611,25.66,46.6,14,0,0,0
APP-19077,21,155193.45,0,RENT,21000,DEBTCONSOLIDATION,36,13.96,644,31.08,4.96,12,0,0,0
APP-19078,41,35703.97,1,RENT,38000,VENTURE,36,16.13,681,4.28,36.93,10,0,0,0
APP-19079,47,107544.63,0,MORTGAGE,21000,PERSONAL,36,12.74,736,35.02,16.15,9,0,0,0
APP-19080,62,38577.55,0,RENT,3000,DEBTCONSOLIDATION,36,13.55,606,13.02,19.61,10,0,1,0
APP-19081,26,41909.79,14,RENT,15000,HOMEIMPROVEMENT,60,12.99,691,6.89,49.23,11,1,1,0
APP-19082,64,59521.93,2,MORTGAGE,18000,PERSONAL,36,8.44,780,29.7,68.2,6,0,0,0
APP-19083,56,43346.64,17,OWN,25000,PERSONAL,36,15.41,669,16.31,50.53,11,0,0,0
APP-19084,48,39870.18,4,RENT,31000,DEBTCONSOLIDATION,36,10.17,717,8.78,42.22,9,0,0,0
APP-19085,65,58092.84,0,MORTGAGE,16000,DEBTCONSOLIDATION,60,13.4,691,5.51,26.51,13,0,0,0
APP-19086,37,50684.5,16,RENT,35000,HOMEIMPROVEMENT,36,12.34,691,19.87,48.46,8,0,0,1
APP-19087,60,42930.96,8,RENT,9000,VENTURE,36,15.06,628,16.9,36.43,6,1,0,0
APP-19088,23,37186.16,11,RENT,4000,VENTURE,60,15.77,619,18.05,39.1,11,5,0,0
APP-19089,32,122097.43,5,MORTGAGE,12000,DEBTCONSOLIDATION,36,14.26,696,8.13,36.55,14,0,0,0
APP-19090,59,32856.34,0,MORTGAGE,28000,DEBTCONSOLIDATION,36,10.6,722,30.83,61.91,10,0,0,0
APP-19091,32,55058.98,6,RENT,10000,EDUCATION,36,9.98,720,10.82,66.35,9,0,0,0
APP-19092,22,104711.2,10,RENT,16000,DEBTCONSOLIDATION,36,11.98,730,18.46,26.1,7,0,0,0
APP-19093,66,89749.13,0,RENT,33000,DEBTCONSOLIDATION,36,10.41,718,14.69,21.12,14,1,0,0
APP-19094,42,67296.09,11,MORTGAGE,12000,VENTURE,60,13.9,678,21.5,33.1,9,0,2,0
APP-19095,43,43834.61,18,MORTGAGE,4000,DEBTCONSOLIDATION,60,14.04,649,26.12,41.94,10,0,0,0
APP-19096,50,59315.32,3,MORTGAGE,27000,DEBTCONSOLIDATION,60,9.46,744,52.94,51.2,11,0,0,0
APP-19097,25,34131.12,19,MORTGAGE,8000,DEBTCONSOLIDATION,36,12.67,650,13.68,13.87,10,0,0,0
APP-19098,29,51918.62,0,MORTGAGE,29000,DEBTCONSOLIDATION,36,13.92,690,5.74,2.11,10,0,2,0
APP-19099,41,51527.25,17,RENT,40000,DEBTCONSOLIDATION,60,16.76,572,32.79,26.95,11,0,0,0
APP-19100,31,54076.15,17,RENT,5000,PERSONAL,36,8.15,780,16.95,37.87,10,2,0,0
APP-19101,25,40376.17,4,RENT,31000,DEBTCONSOLIDATION,60,13.64,663,8.93,34.93,7,0,0,0
APP-19102,55,25643.86,20,OTHER,39000,DEBTCONSOLIDATION,36,15.59,577,24.77,16.5,6,0,0,1
APP-19103,47,111963.32,7,MORTGAGE,15000,MEDICAL,36,10.21,771,32.61,21.96,15,0,0,0
APP-19104,69,100196.13,1,MORTGAGE,37000,MEDICAL,36,13.48,687,10.56,70.13,10,0,0,0
APP-19105,22,92718.86,11,RENT,32000,VENTURE,60,12.98,687,29.18,41.38,10,0,0,0
APP-19106,44,72345.58,20,RENT,20000,HOMEIMPROVEMENT,60,8.55,789,17.36,55.55,8,0,0,0
APP-19107,51,65197.82,18,RENT,13000,HOMEIMPROVEMENT,36,12.03,663,16.95,31.33,7,0,0,0
APP-19108,53,42326.02,4,MORTGAGE,16000,DEBTCONSOLIDATION,36,9.98,774,8.73,38.61,5,0,0,0
APP-19109,59,44648.98,11,RENT,10000,DEBTCONSOLIDATION,36,14.19,613,13.03,33.29,13,0,0,0
APP-19110,50,123955.48,0,OWN,28000,DEBTCONSOLIDATION,36,10.95,716,5.15,15.23,11,0,0,0
APP-19111,66,138892.24,8,MORTGAGE,21000,EDUCATION,60,12.05,708,25.92,19.78,6,0,0,0
APP-19112,57,54590.94,10,RENT,29000,HOMEIMPROVEMENT,36,11.79,733,10.96,25.94,13,0,0,0
APP-19113,48,59986.94,5,RENT,26000,EDUCATION,60,17.25,630,23.53,42.28,12,0,0,1
APP-19114,51,86349.71,9,RENT,17000,DEBTCONSOLIDATION,36,15.15,594,39.29,15.91,13,0,0,0
APP-19115,31,62738.67,19,RENT,19000,HOMEIMPROVEMENT,60,6.99,827,4.17,36.11,13,1,0,0
APP-19116,43,65154.54,9,OWN,37000,VENTURE,60,7.81,750,21.1,57.56,3,1,0,0
APP-19117,22,58110.43,17,MORTGAGE,5000,DEBTCONSOLIDATION,60,13.47,676,26.22,31.93,18,0,0,0
APP-19118,60,37461.99,5,RENT,22000,HOMEIMPROVEMENT,36,9.85,721,20.58,67.18,12,0,0,0
APP-19119,61,49686.76,20,RENT,28000,DEBTCONSOLIDATION,60,15.39,653,15.57,64.51,12,0,0,0
APP-19120,47,56003.35,0,RENT,2000,DEBTCONSOLIDATION,60,13.03,695,15.13,6.95,9,5,0,0
APP-19121,55,18000.0,11,MORTGAGE,6000,HOMEIMPROVEMENT,36,12.68,642,5.32,26.11,11,0,0,0
APP-19122,22,62552.2,16,MORTGAGE,11000,PERSONAL,36,13.02,681,16.04,31.02,9,0,0,0
APP-19123,59,191239.71,16,RENT,22000,MEDICAL,60,15.46,616,14.61,8.26,10,0,0,0
APP-19124,57,48306.21,2,MORTGAGE,11000,DEBTCONSOLIDATION,36,10.78,794,11.65,25.23,11,1,0,0
APP-19125,41,60874.1,7,RENT,27000,DEBTCONSOLIDATION,60,13.71,682,34.08,12.03,8,1,0,0
APP-19126,25,39330.56,12,MORTGAGE,17000,DEBTCONSOLIDATION,36,13.04,649,9.72,58.29,9,1,0,0
APP-19127,65,34649.91,5,RENT,39000,MEDICAL,36,17.5,632,21.39,56.41,11,0,0,0
APP-19128,41,51274.77,13,RENT,4000,VENTURE,36,7.57,788,14.82,42.98,7,0,0,0
APP-19129,49,82034.62,6,RENT,21000,DEBTCONSOLIDATION,36,15.34,690,4.68,51.96,15,1,2,0
APP-19130,40,53269.72,6,RENT,6000,VENTURE,36,9.79,775,5.5,56.58,12,0,1,0
APP-19131,58,49660.31,0,RENT,7000,DEBTCONSOLIDATION,36,10.37,702,11.02,49.23,7,0,0,0
APP-19132,40,76710.81,0,MORTGAGE,26000,DEBTCONSOLIDATION,60,10.31,727,8.14,65.21,12,0,0,1
APP-19133,45,66174.37,17,RENT,26000,MEDICAL,60,13.01,703,14.07,19.67,9,0,0,0
APP-19134,22,68846.66,9,MORTGAGE,13000,MEDICAL,36,17.31,618,8.8,46.13,11,0,1,0
APP-19135,52,108569.65,11,MORTGAGE,2000,DEBTCONSOLIDATION,36,8.73,768,14.84,40.93,10,0,1,0
APP-19136,46,101958.09,6,RENT,4000,DEBTCONSOLIDATION,36,11.38,708,17.24,16.31,11,0,0,0
APP-19137,26,126483.86,1,RENT,22000,MEDICAL,36,12.52,654,14.0,17.44,7,0,0,0
APP-19138,61,32649.48,8,MORTGAGE,6000,DEBTCONSOLIDATION,60,11.86,689,10.51,33.74,10,0,0,0
APP-19139,23,91915.75,3,RENT,16000,MEDICAL,60,10.86,712,13.24,39.95,15,0,0,0
APP-19140,53,136340.6,17,OWN,5000,PERSONAL,36,12.65,665,17.23,2.9,9,1,0,0
APP-19141,21,26467.48,20,MORTGAGE,20000,HOMEIMPROVEMENT,36,14.88,641,40.59,25.38,5,0,0,0
APP-19142,25,59275.59,18,MORTGAGE,18000,PERSONAL,36,13.76,627,14.97,72.67,14,0,0,0
APP-19143,33,45632.08,10,RENT,9000,PERSONAL,36,13.4,674,16.8,20.18,6,0,0,0
APP-19144,39,59150.03,12,MORTGAGE,38000,DEBTCONSOLIDATION,36,12.86,754,23.44,37.79,6,0,2,0
APP-19145,32,106243.52,19,MORTGAGE,25000,DEBTCONSOLIDATION,36,12.21,653,12.87,7.38,6,0,0,0
APP-19146,68,29796.08,10,RENT,5000,PERSONAL,36,15.15,656,16.07,45.37,9,1,0,0
APP-19147,45,67676.47,12,MORTGAGE,25000,PERSONAL,60,11.58,672,26.05,86.6,5,0,0,0
APP-19148,55,45147.59,12,MORTGAGE,20000,PERSONAL,36,13.28,668,38.98,22.82,13,0,0,0
APP-19149,32,107884.97,14,OWN,25000,DEBTCONSOLIDATION,60,12.69,706,32.39,29.23,11,0,0,0
APP-19150,50,73899.93,12,RENT,22000,PERSONAL,36,13.14,682,15.87,47.95,9,0,0,0
APP-19151,25,55333.11,13,RENT,18000,DEBTCONSOLIDATION,36,14.78,658,9.7,14.22,12,0,0,0
APP-19152,54,41812.12,14,RENT,9000,DEBTCONSOLIDATION,36,10.99,699,19.22,74.69,9,0,0,0
APP-19153,42,226151.62,16,RENT,32000,EDUCATION,36,10.86,743,10.21,43.23,18,0,0,0
APP-19154,59,68867.82,7,RENT,20000,HOMEIMPROVEMENT,36,9.95,730,16.93,24.5,4,0,0,0
APP-19155,33,29437.44,15,MORTGAGE,12000,PERSONAL,36,13.74,668,11.06,49.37,7,3,0,0
APP-19156,67,39919.85,0,MORTGAGE,24000,PERSONAL,60,13.04,725,11.09,47.32,7,0,0,0
APP-19157,23,73593.18,18,OWN,38000,PERSONAL,60,14.63,690,21.35,28.57,6,0,0,0
APP-19158,40,41563.88,4,RENT,29000,MEDICAL,36,14.95,661,22.59,21.32,15,0,1,0
APP-19159,51,44200.7,7,MORTGAGE,24000,VENTURE,36,17.24,581,7.55,54.0,12,0,0,1
APP-19160,25,98023.54,16,MORTGAGE,13000,DEBTCONSOLIDATION,36,12.53,708,34.4,41.31,12,0,0,0
APP-19161,44,93779.81,12,OWN,17000,DEBTCONSOLIDATION,36,13.35,681,10.43,28.44,10,0,1,0
APP-19162,60,44999.04,5,MORTGAGE,17000,DEBTCONSOLIDATION,60,12.64,738,11.23,38.17,18,0,0,0
APP-19163,53,107519.51,3,MORTGAGE,15000,DEBTCONSOLIDATION,36,5.78,799,31.78,68.22,9,0,0,0
APP-19164,28,41969.24,20,OWN,8000,PERSONAL,60,14.58,641,5.92,30.47,5,0,0,0
APP-19165,44,139632.69,0,RENT,22000,DEBTCONSOLIDATION,60,15.96,610,18.67,37.92,6,0,0,0
APP-19166,40,78336.81,0,OWN,22000,DEBTCONSOLIDATION,60,13.65,622,21.91,8.94,12,0,0,0
APP-19167,36,69223.17,13,MORTGAGE,36000,DEBTCONSOLIDATION,36,8.24,713,23.58,17.69,6,0,0,0
APP-19168,32,49394.7,12,RENT,25000,MEDICAL,60,12.34,670,10.65,57.75,4,1,0,0
APP-19169,33,44164.39,15,OWN,2000,DEBTCONSOLIDATION,60,14.5,698,17.64,78.41,11,0,0,1
APP-19170,65,18708.83,14,RENT,15000,DEBTCONSOLIDATION,60,16.87,679,11.0,17.85,6,2,0,0
APP-19171,62,51685.22,17,OWN,21000,DEBTCONSOLIDATION,36,7.24,744,12.96,40.23,9,0,0,0
APP-19172,59,59560.76,19,MORTGAGE,29000,DEBTCONSOLIDATION,36,13.72,691,13.1,37.14,5,0,0,0
APP-19173,45,24027.38,15,MORTGAGE,19000,MEDICAL,60,14.81,624,26.64,67.68,14,0,0,1
APP-19174,66,90372.2,3,RENT,4000,DEBTCONSOLIDATION,36,13.9,641,22.87,64.74,11,5,0,0
APP-19175,52,55260.53,8,RENT,28000,PERSONAL,36,9.01,744,22.44,14.65,8,0,0,0
APP-19176,44,109903.29,12,OWN,7000,PERSONAL,60,14.07,656,47.9,54.41,6,0,0,0
APP-19177,68,42538.71,10,RENT,5000,HOMEIMPROVEMENT,36,7.89,726,12.17,71.6,8,0,0,1
APP-19178,67,111102.71,1,MORTGAGE,2000,PERSONAL,36,13.89,695,9.37,53.11,11,3,0,0
APP-19179,64,47833.65,11,MORTGAGE,22000,PERSONAL,36,13.98,741,19.13,36.45,15,0,0,0
APP-19180,29,58387.52,18,MORTGAGE,36000,VENTURE,36,8.92,773,11.47,59.53,7,1,0,0
APP-19181,60,66689.82,7,MORTGAGE,29000,EDUCATION,36,12.05,645,20.42,10.27,4,0,0,0
APP-19182,43,58639.81,13,RENT,19000,HOMEIMPROVEMENT,36,8.15,757,7.01,47.19,14,0,1,0
APP-19183,33,69715.53,12,RENT,36000,PERSONAL,36,14.28,630,13.89,25.87,11,0,0,0
APP-19184,52,22873.3,6,MORTGAGE,22000,PERSONAL,36,8.88,741,12.88,23.94,9,2,0,0
APP-19185,35,55843.37,11,MORTGAGE,17000,HOMEIMPROVEMENT,60,13.67,662,19.52,30.66,8,0,0,0
APP-19186,56,57514.31,3,MORTGAGE,27000,HOMEIMPROVEMENT,36,18.14,560,32.34,57.03,8,0,0,1
APP-19187,69,22175.86,10,RENT,40000,PERSONAL,36,7.78,812,12.55,73.48,6,0,1,0
APP-19188,25,82556.25,16,OTHER,10000,DEBTCONSOLIDATION,36,12.77,683,32.14,38.2,14,0,0,0
APP-19189,42,37961.33,15,MORTGAGE,24000,EDUCATION,36,12.14,734,2.92,9.9,7,0,0,0
APP-19190,36,95909.91,6,MORTGAGE,3000,VENTURE,36,12.71,675,6.14,33.81,9,0,1,0
APP-19191,61,62503.37,0,MORTGAGE,4000,DEBTCONSOLIDATION,60,12.96,741,16.35,50.4,8,0,0,1
APP-19192,30,44929.91,16,MORTGAGE,34000,DEBTCONSOLIDATION,60,15.49,645,38.97,14.51,8,3,0,0
APP-19193,44,98947.63,4,MORTGAGE,25000,MEDICAL,36,14.12,661,21.76,20.39,5,0,0,0
APP-19194,38,137438.73,0,MORTGAGE,24000,HOMEIMPROVEMENT,36,11.43,726,12.35,70.61,15,1,0,0
APP-19195,69,61038.09,8,RENT,7000,DEBTCONSOLIDATION,36,13.46,683,24.99,25.04,13,0,0,0
APP-19196,38,119067.17,15,MORTGAGE,22000,DEBTCONSOLIDATION,36,16.47,632,7.49,51.94,13,1,0,0
APP-19197,27,54826.93,16,RENT,6000,DEBTCONSOLIDATION,60,11.69,716,23.65,11.1,13,1,0,0
APP-19198,24,96873.47,20,MORTGAGE,14000,DEBTCONSOLIDATION,60,13.19,711,33.25,72.54,20,0,0,0
APP-19199,46,49824.46,2,RENT,14000,PERSONAL,36,14.1,680,6.35,69.5,3,0,0,0
APP-19200,25,149185.52,4,RENT,20000,VENTURE,36,11.89,651,16.32,68.58,11,0,0,0
APP-19201,36,102606.2,12,MORTGAGE,10000,PERSONAL,60,15.02,683,18.17,14.64,14,0,0,0
APP-19202,55,75748.38,16,RENT,4000,HOMEIMPROVEMENT,36,10.73,739,35.92,40.25,8,0,0,0
APP-19203,46,18000.0,3,MORTGAGE,32000,PERSONAL,36,11.79,668,17.87,44.83,11,0,2,1
APP-19204,38,74937.4,7,MORTGAGE,40000,DEBTCONSOLIDATION,36,17.77,592,25.08,54.01,10,1,0,1
APP-19205,49,32290.67,7,RENT,14000,DEBTCONSOLIDATION,36,13.11,678,15.89,79.74,10,0,2,1
APP-19206,43,71440.95,15,MORTGAGE,12000,DEBTCONSOLIDATION,36,11.39,687,16.44,59.83,9,0,0,0
APP-19207,34,113408.27,3,MORTGAGE,12000,MEDICAL,36,13.56,701,16.04,34.24,6,0,0,0
APP-19208,35,84499.3,20,RENT,2000,DEBTCONSOLIDATION,36,12.27,699,15.47,10.57,8,0,0,0
APP-19209,69,91982.74,9,RENT,36000,DEBTCONSOLIDATION,36,11.27,728,6.89,39.95,11,0,0,0
APP-19210,53,49686.49,4,RENT,36000,DEBTCONSOLIDATION,36,13.68,682,6.36,40.0,6,2,0,0
APP-19211,45,27936.79,4,RENT,4000,EDUCATION,60,10.49,680,38.32,46.63,7,0,0,0
APP-19212,41,40711.93,0,OWN,5000,VENTURE,60,12.84,705,2.0,34.38,8,0,0,0
APP-19213,37,50773.6,14,MORTGAGE,25000,VENTURE,36,17.73,587,18.24,65.59,14,0,0,0
APP-19214,43,59454.68,15,RENT,31000,DEBTCONSOLIDATION,36,13.93,664,32.73,12.0,9,1,1,0
APP-19215,63,112934.58,0,RENT,33000,DEBTCONSOLIDATION,60,13.81,665,17.56,33.45,9,0,0,0
APP-19216,37,86274.46,11,RENT,21000,DEBTCONSOLIDATION,60,15.47,677,36.95,21.03,9,0,0,0
APP-19217,34,181654.65,16,MORTGAGE,37000,MEDICAL,36,13.0,620,7.82,60.61,9,0,3,0
APP-19218,49,36292.14,6,RENT,14000,DEBTCONSOLIDATION,60,13.48,696,31.0,26.52,8,0,0,0
APP-19219,40,107149.88,8,MORTGAGE,40000,MEDICAL,36,13.91,673,14.98,13.39,10,0,0,0
APP-19220,50,92751.4,6,MORTGAGE,5000,PERSONAL,36,13.83,602,21.55,43.23,8,0,0,0
APP-19221,39,56484.35,5,RENT,29000,HOMEIMPROVEMENT,60,13.97,656,6.22,67.5,2,0,0,0
APP-19222,59,37031.23,9,MORTGAGE,8000,PERSONAL,60,13.89,693,9.57,36.52,11,0,0,0
APP-19223,33,44013.88,2,RENT,10000,MEDICAL,60,11.34,755,24.8,41.57,9,0,0,0
APP-19224,38,42968.47,8,RENT,23000,DEBTCONSOLIDATION,60,9.27,781,8.29,21.07,7,0,0,0
APP-19225,43,140833.54,19,RENT,5000,PERSONAL,36,12.09,682,27.6,40.62,13,0,0,0
APP-19226,66,90592.37,0,RENT,37000,DEBTCONSOLIDATION,60,10.5,758,35.43,25.88,10,0,0,0
APP-19227,53,92302.65,2,MORTGAGE,34000,PERSONAL,60,10.41,749,8.3,9.22,16,3,0,0
APP-19228,59,62557.21,15,MORTGAGE,7000,EDUCATION,36,12.21,722,4.82,24.06,4,0,0,0
APP-19229,60,53401.92,1,OTHER,4000,DEBTCONSOLIDATION,36,13.62,638,11.29,43.85,5,0,1,0
APP-19230,38,70874.64,4,MORTGAGE,36000,PERSONAL,36,11.21,727,9.24,25.47,9,1,0,0
APP-19231,29,63021.59,8,RENT,34000,HOMEIMPROVEMENT,36,15.65,650,16.5,28.55,10,0,0,0
APP-19232,53,57067.22,19,RENT,8000,MEDICAL,36,12.77,740,34.08,20.52,9,0,0,0
APP-19233,52,71922.5,2,MORTGAGE,36000,DEBTCONSOLIDATION,36,11.74,678,33.85,2.57,11,0,0,0
APP-19234,37,35138.7,19,RENT,4000,PERSONAL,36,11.21,681,17.92,21.0,7,0,0,0
APP-19235,39,68425.77,14,MORTGAGE,19000,EDUCATION,36,8.26,726,5.89,45.74,6,5,0,0
APP-19236,47,56647.32,13,RENT,4000,VENTURE,36,8.75,786,13.67,53.04,6,1,0,0
APP-19237,26,41885.37,14,RENT,40000,VENTURE,36,14.39,717,20.87,24.93,9,0,1,0
APP-19238,55,82480.21,0,RENT,28000,VENTURE,60,9.55,802,11.75,3.71,12,0,0,0
APP-19239,57,146912.34,0,RENT,10000,PERSONAL,36,15.94,638,11.2,36.38,11,0,0,0
APP-19240,54,113440.63,5,RENT,18000,PERSONAL,36,13.93,660,23.69,29.57,7,0,0,0
APP-19241,40,51984.07,0,RENT,6000,DEBTCONSOLIDATION,60,14.25,676,28.99,67.86,10,0,0,0
APP-19242,45,83466.34,20,MORTGAGE,5000,PERSONAL,36,13.15,659,9.05,16.74,4,0,0,0
APP-19243,24,91280.59,11,MORTGAGE,15000,DEBTCONSOLIDATION,36,11.22,740,4.28,23.46,8,0,0,0
APP-19244,30,63550.23,9,MORTGAGE,30000,DEBTCONSOLIDATION,36,14.86,656,8.89,58.0,4,0,0,0
APP-19245,30,59160.1,16,RENT,12000,DEBTCONSOLIDATION,36,15.95,656,17.52,5.92,6,1,0,0
APP-19246,44,71102.64,20,MORTGAGE,23000,DEBTCONSOLIDATION,36,16.54,605,22.18,28.23,9,0,0,0
APP-19247,41,210299.8,19,RENT,6000,HOMEIMPROVEMENT,60,12.77,689,25.35,75.75,11,0,0,0
APP-19248,31,68094.97,16,MORTGAGE,13000,DEBTCONSOLIDATION,60,8.83,757,22.95,52.82,7,0,0,0
APP-19249,47,31770.38,6,MORTGAGE,22000,VENTURE,36,11.1,724,15.94,24.79,11,0,0,0
APP-19250,36,35484.58,0,RENT,16000,VENTURE,36,9.07,812,25.26,37.38,11,0,0,0
APP-19251,46,54962.38,0,RENT,25000,PERSONAL,36,10.04,755,20.78,57.54,17,0,3,0
APP-19252,50,32098.29,0,MORTGAGE,14000,PERSONAL,36,8.76,758,49.09,38.1,9,0,0,0
APP-19253,69,56035.52,0,RENT,33000,PERSONAL,36,9.55,805,5.75,3.87,10,0,0,0
APP-19254,36,182153.56,19,RENT,27000,PERSONAL,60,11.32,728,30.43,16.17,11,0,0,0
APP-19255,27,46364.24,19,RENT,27000,DEBTCONSOLIDATION,36,14.19,619,2.92,52.03,12,0,0,0
APP-19256,36,34764.72,13,RENT,37000,HOMEIMPROVEMENT,60,8.15,727,34.36,58.42,12,0,0,1
APP-19257,55,53971.47,14,RENT,31000,PERSONAL,36,11.7,721,2.83,12.58,7,0,0,0
APP-19258,36,56841.71,9,RENT,10000,DEBTCONSOLIDATION,36,12.56,679,35.95,34.05,9,0,1,0
APP-19259,60,36518.94,3,MORTGAGE,25000,DEBTCONSOLIDATION,60,18.14,645,5.21,23.94,14,0,0,0
APP-19260,32,32235.3,19,RENT,39000,PERSONAL,36,13.42,729,15.21,43.2,11,0,0,0
APP-19261,55,,4,MORTGAGE,19000,MEDICAL,36,11.55,677,28.68,3.66,8,0,0,0
APP-19262,69,76909.29,15,MORTGAGE,10000,EDUCATION,36,15.35,668,14.85,38.36,12,0,1,0
APP-19263,41,47034.18,3,RENT,23000,VENTURE,36,8.41,815,38.66,38.32,6,0,0,0
APP-19264,63,33600.55,18,OWN,39000,HOMEIMPROVEMENT,60,11.44,770,23.82,49.81,10,1,0,0
APP-19265,56,46225.14,13,MORTGAGE,22000,PERSONAL,60,19.96,603,5.38,41.7,9,0,0,0
APP-19266,68,32434.63,12,RENT,8000,PERSONAL,60,6.4,845,19.35,92.21,12,0,0,0
APP-19267,37,44813.24,0,MORTGAGE,13000,DEBTCONSOLIDATION,36,11.48,707,6.34,92.05,6,0,0,0
APP-19268,52,168291.69,7,OWN,37000,HOMEIMPROVEMENT,36,9.68,736,16.85,57.99,9,0,2,0
APP-19269,61,,10,OWN,12000,DEBTCONSOLIDATION,36,11.83,752,36.93,27.19,9,0,0,0
APP-19270,26,43958.09,4,MORTGAGE,4000,PERSONAL,36,11.25,766,19.96,5.41,11,0,0,0
APP-19271,44,84100.5,18,MORTGAGE,28000,VENTURE,36,13.39,746,16.09,50.11,8,0,0,0
APP-19272,47,37608.24,17,RENT,8000,EDUCATION,60,15.16,650,3.1,32.47,10,0,0,0
APP-19273,40,48883.13,9,OTHER,3000,HOMEIMPROVEMENT,36,9.27,728,4.57,69.89,7,0,0,0
APP-19274,45,23692.51,6,RENT,11000,DEBTCONSOLIDATION,36,12.66,755,18.02,60.55,15,1,0,0
APP-19275,22,113213.93,16,RENT,4000,PERSONAL,60,10.54,765,41.31,32.56,11,0,0,0
APP-19276,29,54129.54,2,OWN,18000,PERSONAL,36,14.58,629,31.64,61.98,13,1,0,0
APP-19277,48,39760.04,0,RENT,2000,EDUCATION,36,9.67,738,24.03,60.27,13,0,0,0
APP-19278,58,82846.55,0,MORTGAGE,35000,VENTURE,36,12.16,746,21.68,30.82,11,0,0,0
APP-19279,23,35459.24,0,MORTGAGE,14000,DEBTCONSOLIDATION,36,12.33,644,12.72,70.25,13,0,0,0
APP-19280,40,36553.52,9,MORTGAGE,15000,DEBTCONSOLIDATION,60,14.01,731,29.98,29.97,14,0,0,0
APP-19281,26,49537.04,4,RENT,18000,VENTURE,36,13.16,678,9.07,38.7,12,0,0,0
APP-19282,59,32900.43,13,MORTGAGE,35000,EDUCATION,36,10.75,654,21.68,24.29,15,0,0,0
APP-19283,53,43186.17,13,RENT,18000,DEBTCONSOLIDATION,36,15.19,638,23.55,24.48,6,0,0,0
APP-19284,21,54226.29,10,RENT,26000,HOMEIMPROVEMENT,60,13.68,675,34.16,57.33,10,1,0,1
APP-19285,57,56730.24,6,MORTGAGE,31000,DEBTCONSOLIDATION,36,10.74,738,26.51,27.03,14,0,0,0
APP-19286,26,30874.4,17,MORTGAGE,37000,DEBTCONSOLIDATION,36,20.62,547,10.23,33.57,7,0,0,0
APP-19287,65,52988.76,14,RENT,12000,VENTURE,60,16.98,618,11.36,42.99,13,0,0,0
APP-19288,54,80044.15,4,RENT,22000,HOMEIMPROVEMENT,36,11.77,661,35.11,53.03,11,0,2,1
APP-19289,67,87004.77,9,RENT,21000,DEBTCONSOLIDATION,36,11.11,761,15.24,73.05,3,1,1,0
APP-19290,35,46687.73,1,MORTGAGE,30000,DEBTCONSOLIDATION,36,14.29,685,20.23,13.08,4,0,0,0
APP-19291,65,54479.53,5,RENT,5000,EDUCATION,60,9.33,766,30.66,70.45,13,0,1,0
APP-19292,46,52896.38,20,RENT,35000,HOMEIMPROVEMENT,36,13.2,665,11.51,28.5,11,1,0,0
APP-19293,34,29856.33,3,RENT,18000,VENTURE,60,16.06,597,16.34,44.1,13,1,0,0
APP-19294,27,45703.07,14,OWN,13000,DEBTCONSOLIDATION,36,13.6,604,12.87,9.87,14,0,0,0
APP-19295,66,89153.43,3,MORTGAGE,5000,PERSONAL,36,13.48,655,8.47,13.31,8,0,0,0
APP-19296,51,89864.42,19,MORTGAGE,15000,HOMEIMPROVEMENT,36,16.35,592,9.1,28.98,8,0,0,1
APP-19297,44,73566.57,5,RENT,5000,VENTURE,36,14.28,695,19.51,52.89,8,0,0,0
APP-19298,51,18000.0,6,MORTGAGE,35000,DEBTCONSOLIDATION,36,7.69,804,6.73,33.86,4,3,0,1
APP-19299,49,40507.55,11,OWN,19000,HOMEIMPROVEMENT,60,15.75,610,17.89,25.63,8,0,0,0
APP-19300,62,75644.29,11,MORTGAGE,14000,VENTURE,36,9.65,737,5.5,10.51,6,0,0,0
APP-19301,52,140955.05,11,RENT,11000,VENTURE,36,8.49,777,38.2,42.04,7,0,2,0
APP-19302,37,59439.84,11,OTHER,15000,PERSONAL,36,12.46,666,22.44,31.52,7,3,0,0
APP-19303,34,62814.2,5,MORTGAGE,10000,PERSONAL,60,12.6,673,19.37,95.47,8,0,2,0
APP-19304,60,56580.75,8,RENT,21000,DEBTCONSOLIDATION,36,15.74,613,8.11,43.63,7,0,0,0
APP-19305,56,31155.22,11,MORTGAGE,2000,PERSONAL,36,16.45,608,9.37,25.45,8,0,0,0
APP-19306,68,71393.58,13,RENT,30000,HOMEIMPROVEMENT,36,13.79,701,9.62,7.08,13,0,0,0
APP-19307,44,27982.26,4,RENT,18000,MEDICAL,60,5.92,827,17.56,11.15,8,1,0,0
APP-19308,65,57375.88,14,OWN,9000,DEBTCONSOLIDATION,36,14.58,656,21.23,70.96,6,0,0,0
APP-19309,47,62600.27,19,RENT,18000,EDUCATION,60,9.18,727,2.93,25.97,8,0,0,0
APP-19310,45,61368.33,15,MORTGAGE,22000,DEBTCONSOLIDATION,60,10.75,634,32.62,35.12,13,0,2,0
APP-19311,52,31281.95,0,OWN,26000,DEBTCONSOLIDATION,60,14.72,651,6.57,28.2,9,0,0,0
APP-19312,38,42002.59,8,MORTGAGE,21000,DEBTCONSOLIDATION,36,15.33,627,23.35,42.82,13,0,0,0
APP-19313,66,84488.27,8,MORTGAGE,26000,EDUCATION,60,15.91,645,29.63,53.28,7,0,0,1
APP-19314,38,62095.51,5,OWN,22000,PERSONAL,36,11.02,696,5.66,10.18,6,2,0,0
APP-19315,57,42140.44,9,MORTGAGE,14000,DEBTCONSOLIDATION,36,15.76,588,8.78,73.49,5,0,0,0
APP-19316,46,35046.59,8,RENT,14000,DEBTCONSOLIDATION,36,13.66,682,23.13,20.85,10,1,0,0
APP-19317,29,89447.32,0,OWN,31000,EDUCATION,36,16.85,563,31.65,24.05,12,0,0,0
APP-19318,55,60911.76,3,RENT,14000,MEDICAL,36,13.39,661,25.9,46.47,13,0,1,1
APP-19319,28,34017.17,3,RENT,8000,DEBTCONSOLIDATION,36,15.94,615,5.81,20.7,15,0,0,0
APP-19320,40,54484.66,6,RENT,13000,DEBTCONSOLIDATION,36,11.24,774,20.36,14.3,12,0,0,0
APP-19321,62,40012.46,2,MORTGAGE,3000,VENTURE,36,14.39,701,13.24,55.42,11,0,0,0
APP-19322,42,69611.83,0,OWN,15000,MEDICAL,36,14.35,677,15.94,47.68,7,0,0,0
APP-19323,39,112062.2,2,MORTGAGE,18000,VENTURE,36,14.49,606,11.42,57.03,6,0,0,0
APP-19324,50,34876.91,17,RENT,14000,MEDICAL,36,11.22,687,29.96,65.22,12,0,0,0
APP-19325,48,64769.31,16,RENT,2000,PERSONAL,36,17.63,672,12.55,8.68,17,0,0,0
APP-19326,55,64182.91,8,MORTGAGE,2000,VENTURE,60,11.55,704,25.13,39.78,11,0,0,0
APP-19327,63,20490.95,18,RENT,27000,MEDICAL,36,12.76,676,16.5,47.94,12,1,0,0
APP-19328,31,90790.34,3,MORTGAGE,14000,MEDICAL,36,14.5,643,19.23,31.15,12,0,0,1
APP-19329,51,171009.4,11,MORTGAGE,35000,PERSONAL,36,10.49,688,23.54,37.65,11,1,0,0
APP-19330,69,64152.49,1,MORTGAGE,10000,HOMEIMPROVEMENT,36,14.52,601,19.03,48.92,9,0,0,0
APP-19331,68,118161.78,17,MORTGAGE,20000,HOMEIMPROVEMENT,36,19.56,523,20.97,47.87,4,2,0,1
APP-19332,59,31975.32,1,RENT,24000,VENTURE,36,12.45,633,16.18,68.76,6,0,0,0
APP-19333,56,41798.59,0,MORTGAGE,29000,DEBTCONSOLIDATION,60,14.88,604,26.77,30.01,8,0,1,0
APP-19334,50,62045.4,4,RENT,31000,DEBTCONSOLIDATION,36,8.51,759,18.09,30.36,8,0,0,0
APP-19335,43,39071.95,18,RENT,8000,PERSONAL,36,9.04,766,11.18,87.06,10,0,0,0
APP-19336,39,61025.61,1,RENT,15000,VENTURE,36,10.7,732,16.08,56.75,9,1,0,0
APP-19337,32,98882.48,5,RENT,3000,DEBTCONSOLIDATION,60,14.3,682,13.17,80.03,13,0,0,0
APP-19338,35,38502.08,5,RENT,13000,PERSONAL,36,16.26,629,14.06,42.15,13,0,0,0
APP-19339,51,101089.31,16,RENT,3000,DEBTCONSOLIDATION,36,12.91,687,7.33,56.33,8,0,1,0
APP-19340,63,22887.66,7,RENT,29000,VENTURE,60,14.57,631,13.72,52.26,14,0,0,1
APP-19341,57,,12,RENT,29000,DEBTCONSOLIDATION,36,12.25,642,5.1,28.26,12,0,0,0
APP-19342,57,54259.53,7,RENT,13000,VENTURE,36,12.14,641,6.15,23.05,8,0,0,0
APP-19343,35,37666.3,10,RENT,31000,HOMEIMPROVEMENT,36,11.37,739,20.07,88.23,5,0,0,1
APP-19344,49,45369.41,0,MORTGAGE,23000,MEDICAL,36,15.3,671,13.35,14.95,4,0,0,0
APP-19345,63,120339.53,6,MORTGAGE,19000,MEDICAL,60,18.67,533,11.1,46.1,5,0,0,0
APP-19346,46,111297.93,17,RENT,15000,VENTURE,60,14.82,637,35.98,80.15,7,2,0,1
APP-19347,64,85820.84,13,MORTGAGE,26000,PERSONAL,36,16.1,681,17.22,41.08,12,0,0,0
APP-19348,22,100771.03,20,MORTGAGE,11000,DEBTCONSOLIDATION,36,13.56,697,27.57,64.53,12,0,0,0
APP-19349,40,43906.37,16,OWN,37000,DEBTCONSOLIDATION,36,14.15,597,25.77,31.09,12,0,2,0
APP-19350,35,32486.5,8,RENT,10000,PERSONAL,60,9.58,727,11.22,40.01,12,0,0,0
APP-19351,24,39982.6,13,MORTGAGE,12000,HOMEIMPROVEMENT,36,9.89,749,34.67,12.92,10,0,0,0
APP-19352,42,43066.09,15,MORTGAGE,28000,PERSONAL,60,10.2,714,40.04,76.54,10,0,0,0
APP-19353,58,44145.33,4,MORTGAGE,14000,PERSONAL,36,11.73,692,16.47,36.46,9,0,0,0
APP-19354,43,77969.22,0,MORTGAGE,2000,PERSONAL,36,11.62,721,32.45,24.25,4,2,1,0
APP-19355,46,70374.69,7,OWN,40000,HOMEIMPROVEMENT,60,10.04,712,10.02,25.94,11,0,0,0
APP-19356,31,54839.67,1,OWN,12000,DEBTCONSOLIDATION,36,14.82,631,10.73,32.08,13,0,0,0
APP-19357,48,56554.56,4,MORTGAGE,4000,PERSONAL,36,10.99,747,2.06,45.72,7,0,0,0
APP-19358,22,103513.9,19,RENT,3000,PERSONAL,60,13.82,755,31.09,58.29,14,0,0,0
APP-19359,28,31385.1,17,MORTGAGE,25000,PERSONAL,36,16.29,584,13.27,43.6,11,0,0,0
APP-19360,49,88861.7,11,MORTGAGE,21000,HOMEIMPROVEMENT,36,15.29,600,12.34,50.05,5,2,0,0
APP-19361,31,20834.24,7,OTHER,16000,DEBTCONSOLIDATION,60,15.08,703,18.52,14.44,7,1,0,0
APP-19362,57,45118.7,4,MORTGAGE,7000,PERSONAL,60,9.85,708,52.26,46.01,13,0,0,1
APP-19363,38,127426.29,11,RENT,21000,PERSONAL,36,14.57,743,14.29,8.82,11,1,0,0
APP-19364,34,69593.12,10,RENT,23000,MEDICAL,36,11.27,745,10.93,53.53,11,0,0,0
APP-19365,30,47414.3,16,MORTGAGE,3000,VENTURE,36,13.33,721,12.66,12.94,5,0,0,0
APP-19366,55,94623.41,19,MORTGAGE,16000,DEBTCONSOLIDATION,36,12.35,686,25.46,41.69,12,5,0,1
APP-19367,29,80624.03,5,MORTGAGE,35000,PERSONAL,60,12.76,632,2.09,30.58,8,0,0,0
APP-19368,55,79008.24,2,OWN,32000,HOMEIMPROVEMENT,36,9.01,743,15.92,22.55,5,0,0,0
APP-19369,31,54139.56,7,MORTGAGE,31000,PERSONAL,36,12.0,730,29.69,39.75,14,0,0,0
APP-19370,64,96758.41,8,RENT,29000,HOMEIMPROVEMENT,60,13.71,744,16.47,33.09,14,0,1,0
APP-19371,32,43392.82,0,MORTGAGE,34000,DEBTCONSOLIDATION,36,13.86,612,21.7,6.9,6,0,0,0
APP-19372,23,42378.99,17,RENT,22000,DEBTCONSOLIDATION,36,10.6,758,18.29,40.65,10,0,0,0
APP-19373,59,152838.92,20,OWN,24000,PERSONAL,36,8.18,754,25.07,52.82,6,0,0,0
APP-19374,34,46631.98,19,MORTGAGE,14000,VENTURE,60,16.67,632,8.05,9.55,5,0,0,0
APP-19375,48,21678.53,17,OTHER,27000,DEBTCONSOLIDATION,36,12.85,701,8.62,16.99,5,0,0,0
APP-19376,31,101849.1,20,RENT,20000,PERSONAL,60,9.33,716,10.69,41.18,10,0,1,0
APP-19377,59,118261.21,18,RENT,28000,EDUCATION,36,11.09,746,27.2,60.34,12,0,0,1
APP-19378,45,53216.56,13,MORTGAGE,8000,VENTURE,36,13.83,679,15.29,43.02,12,5,0,0
APP-19379,41,21010.97,2,RENT,26000,PERSONAL,36,15.06,673,14.1,58.73,5,0,0,0
APP-19380,30,58243.69,1,MORTGAGE,37000,DEBTCONSOLIDATION,36,13.47,688,27.84,39.14,10,0,0,0
APP-19381,63,168746.11,0,MORTGAGE,8000,DEBTCONSOLIDATION,36,10.21,633,21.96,79.85,9,0,0,0
APP-19382,35,66255.88,7,MORTGAGE,21000,DEBTCONSOLIDATION,36,9.46,691,43.44,84.28,6,0,0,1
APP-19383,39,87963.66,16,RENT,25000,MEDICAL,60,12.32,722,24.36,44.72,8,0,0,1
APP-19384,68,90527.23,9,MORTGAGE,29000,HOMEIMPROVEMENT,60,8.55,728,15.17,19.92,10,0,0,0
APP-19385,42,97309.0,6,MORTGAGE,6000,MEDICAL,60,18.34,673,19.13,57.2,14,0,0,1
APP-19386,41,151943.65,0,OTHER,37000,MEDICAL,60,11.68,729,3.34,53.87,16,0,0,0
APP-19387,64,102750.65,0,RENT,32000,HOMEIMPROVEMENT,36,13.25,700,23.02,48.72,12,1,0,0
APP-19388,52,57505.82,7,RENT,34000,DEBTCONSOLIDATION,36,11.89,691,25.95,36.94,12,0,0,0
APP-19389,43,34271.28,0,MORTGAGE,25000,PERSONAL,60,8.81,807,21.76,55.58,7,0,0,0
APP-19390,33,74225.06,0,RENT,11000,VENTURE,36,15.95,706,12.29,43.04,9,0,0,0
APP-19391,25,54354.03,7,RENT,39000,DEBTCONSOLIDATION,36,12.66,682,15.69,29.46,9,0,0,0
APP-19392,24,85681.58,9,OWN,6000,MEDICAL,60,13.33,698,24.33,64.77,7,0,1,0
APP-19393,48,38892.82,2,RENT,32000,EDUCATION,36,13.94,690,23.73,16.92,8,0,1,0
APP-19394,34,51518.38,13,RENT,10000,PERSONAL,60,11.76,677,8.57,13.82,9,0,0,0
APP-19395,28,60209.16,7,RENT,33000,PERSONAL,36,11.43,732,23.27,19.57,8,0,0,0
APP-19396,29,37436.3,0,RENT,6000,HOMEIMPROVEMENT,36,13.07,695,23.94,68.42,10,2,0,0
APP-19397,55,61079.42,12,MORTGAGE,28000,PERSONAL,36,12.49,753,8.9,48.54,6,0,0,0
APP-19398,57,88736.62,6,RENT,29000,DEBTCONSOLIDATION,36,12.38,682,9.12,55.39,12,1,0,0
APP-19399,41,155603.94,0,MORTGAGE,13000,DEBTCONSOLIDATION,60,6.59,791,16.33,16.51,11,0,0,0
APP-19400,38,41454.23,19,MORTGAGE,6000,DEBTCONSOLIDATION,60,14.91,689,9.15,38.29,16,0,1,0
APP-19401,53,94175.28,11,MORTGAGE,9000,DEBTCONSOLIDATION,36,12.91,692,6.32,72.49,11,0,0,0
APP-19402,28,22269.91,9,RENT,18000,DEBTCONSOLIDATION,60,15.06,658,12.79,29.52,12,2,0,0
APP-19403,69,59648.85,17,MORTGAGE,9000,EDUCATION,36,12.98,711,16.74,31.2,14,0,0,0
APP-19404,37,62026.98,19,OWN,35000,PERSONAL,36,11.24,811,20.42,33.08,7,0,0,0
APP-19405,63,,3,MORTGAGE,24000,DEBTCONSOLIDATION,36,13.18,693,17.46,70.03,9,0,0,0
APP-19406,51,46173.44,16,RENT,19000,HOMEIMPROVEMENT,36,12.67,739,16.48,54.15,5,0,0,0
APP-19407,54,67668.69,17,RENT,11000,PERSONAL,36,13.91,679,17.32,17.31,10,0,0,0
APP-19408,26,104214.71,0,RENT,40000,DEBTCONSOLIDATION,36,18.16,541,34.9,52.89,9,0,0,0
APP-19409,42,34077.27,14,MORTGAGE,6000,MEDICAL,36,12.07,788,52.74,57.56,13,0,0,0
APP-19410,34,22488.05,0,RENT,18000,DEBTCONSOLIDATION,36,13.51,721,9.48,57.3,7,0,0,0
APP-19411,23,102719.68,11,MORTGAGE,12000,DEBTCONSOLIDATION,36,6.12,845,4.85,93.25,7,0,0,0
APP-19412,32,36360.72,13,OWN,20000,DEBTCONSOLIDATION,36,12.91,697,26.6,29.34,10,0,0,0
APP-19413,56,75242.8,6,RENT,22000,MEDICAL,36,13.25,679,17.61,35.01,9,0,0,0
APP-19414,32,158743.33,18,RENT,4000,MEDICAL,36,12.69,689,34.15,31.56,13,0,0,0
APP-19415,65,90961.43,16,OWN,2000,MEDICAL,36,12.01,732,6.18,43.35,14,0,0,0
APP-19416,22,36839.69,19,MORTGAGE,25000,MEDICAL,36,13.69,679,24.34,50.39,9,1,0,0
APP-19417,22,28821.55,5,MORTGAGE,37000,DEBTCONSOLIDATION,36,11.64,663,23.84,70.21,14,2,0,0
APP-19418,35,40569.2,0,MORTGAGE,7000,HOMEIMPROVEMENT,60,13.87,645,3.56,28.82,15,0,0,0
APP-19419,43,65278.29,16,RENT,11000,HOMEIMPROVEMENT,60,12.3,692,14.4,32.77,11,2,0,0
APP-19420,49,52840.95,3,OWN,35000,EDUCATION,36,9.87,745,11.7,30.79,14,0,0,0
APP-19421,37,118294.09,8,MORTGAGE,25000,HOMEIMPROVEMENT,36,10.42,710,4.69,30.22,9,0,0,0
APP-19422,52,83580.35,16,RENT,24000,VENTURE,60,11.76,700,18.19,30.19,16,0,0,0
APP-19423,27,41551.21,3,RENT,21000,HOMEIMPROVEMENT,60,12.58,683,11.72,44.18,13,0,0,0
APP-19424,50,91403.03,5,OWN,39000,HOMEIMPROVEMENT,60,14.89,628,30.01,70.55,8,0,0,0
APP-19425,48,127160.98,8,MORTGAGE,36000,PERSONAL,60,10.95,716,34.64,31.82,10,0,0,0
APP-19426,34,51146.94,4,RENT,35000,EDUCATION,60,14.1,653,9.61,53.63,10,1,0,0
APP-19427,64,76099.04,8,RENT,37000,MEDICAL,36,9.23,702,13.84,28.93,6,0,0,0
APP-19428,50,38665.94,0,RENT,17000,PERSONAL,36,9.42,764,8.46,61.72,9,0,0,0
APP-19429,37,55777.54,3,OWN,24000,DEBTCONSOLIDATION,60,15.33,676,34.39,57.77,12,0,1,0
APP-19430,52,38330.35,17,MORTGAGE,2000,PERSONAL,36,14.77,632,14.08,13.28,10,0,0,0
APP-19431,66,111262.23,7,MORTGAGE,10000,HOMEIMPROVEMENT,36,10.96,727,49.75,48.37,15,0,0,0
APP-19432,26,46588.65,12,OWN,13000,PERSONAL,60,11.49,724,12.52,29.5,11,1,0,0
APP-19433,44,74609.13,3,MORTGAGE,38000,PERSONAL,36,17.77,636,14.35,21.31,9,0,0,0
APP-19434,26,82258.62,13,MORTGAGE,18000,DEBTCONSOLIDATION,60,16.58,637,2.54,45.85,8,0,0,0
APP-19435,47,283378.51,20,OTHER,4000,PERSONAL,36,12.08,714,20.59,45.69,8,0,0,0
APP-19436,38,52424.68,11,RENT,39000,EDUCATION,60,9.6,756,17.31,31.31,6,0,0,0
APP-19437,44,40596.11,12,OTHER,30000,DEBTCONSOLIDATION,36,10.27,730,7.38,77.85,15,0,0,0
APP-19438,57,57750.66,0,RENT,32000,EDUCATION,36,14.89,659,10.16,38.83,7,0,0,0
APP-19439,44,39133.82,7,MORTGAGE,36000,DEBTCONSOLIDATION,36,10.44,775,22.08,33.72,12,0,0,0
APP-19440,58,46923.12,17,RENT,39000,DEBTCONSOLIDATION,60,13.43,664,5.17,69.33,6,1,0,0
APP-19441,54,86137.87,17,OWN,27000,DEBTCONSOLIDATION,36,12.12,762,41.1,17.47,16,0,0,0
APP-19442,60,42794.12,10,MORTGAGE,14000,VENTURE,36,9.64,765,17.09,24.31,9,3,0,0
APP-19443,67,79299.37,18,RENT,20000,DEBTCONSOLIDATION,60,10.01,732,17.07,86.76,8,0,0,0
APP-19444,35,80678.23,1,RENT,33000,VENTURE,36,14.51,645,6.65,28.96,14,1,0,0
APP-19445,31,67825.03,13,RENT,28000,PERSONAL,36,7.38,764,29.16,4.23,10,1,0,0
APP-19446,42,83679.93,3,MORTGAGE,40000,HOMEIMPROVEMENT,36,9.23,806,7.24,66.67,12,0,0,0
APP-19447,44,51678.62,12,MORTGAGE,14000,VENTURE,60,8.6,762,7.18,31.41,11,1,0,0
APP-19448,21,21996.31,0,MORTGAGE,35000,DEBTCONSOLIDATION,60,15.36,627,2.43,64.26,8,0,0,0
APP-19449,38,61674.85,19,MORTGAGE,20000,DEBTCONSOLIDATION,36,17.91,617,56.68,54.51,10,0,0,0
APP-19450,64,62264.47,16,MORTGAGE,20000,DEBTCONSOLIDATION,36,11.6,716,20.77,40.21,11,0,0,0
APP-19451,32,49757.77,2,MORTGAGE,4000,DEBTCONSOLIDATION,60,16.03,619,14.03,24.22,9,2,0,0
APP-19452,63,82779.78,12,RENT,4000,DEBTCONSOLIDATION,36,11.42,702,17.66,70.03,7,0,0,0
APP-19453,48,87741.74,15,OWN,27000,PERSONAL,36,14.16,689,32.01,53.49,9,0,1,0
APP-19454,60,66774.64,3,RENT,7000,DEBTCONSOLIDATION,36,14.83,642,26.45,66.13,13,0,0,0
APP-19455,27,62901.12,0,RENT,14000,DEBTCONSOLIDATION,60,10.19,744,28.76,53.63,6,0,0,0
APP-19456,43,110127.05,6,MORTGAGE,39000,MEDICAL,60,12.03,634,7.24,40.51,12,0,0,0
APP-19457,41,34996.24,1,OWN,28000,HOMEIMPROVEMENT,36,11.43,735,23.3,67.11,10,1,0,0
APP-19458,54,50731.99,11,MORTGAGE,25000,HOMEIMPROVEMENT,36,12.38,682,11.45,22.97,10,1,0,0
APP-19459,31,98608.19,7,OWN,11000,HOMEIMPROVEMENT,60,14.98,692,10.4,31.85,10,0,1,0
APP-19460,42,78267.48,8,RENT,17000,PERSONAL,60,9.91,684,9.23,69.0,8,0,0,0
APP-19461,62,53235.74,10,MORTGAGE,24000,PERSONAL,36,14.35,685,12.8,45.95,8,0,0,0
APP-19462,55,72786.56,20,RENT,13000,MEDICAL,60,9.62,784,12.63,33.06,6,0,0,0
APP-19463,49,45519.49,16,MORTGAGE,29000,DEBTCONSOLIDATION,36,16.8,563,2.0,23.88,6,0,1,0
APP-19464,62,64902.42,12,RENT,14000,DEBTCONSOLIDATION,60,12.18,774,16.01,9.33,15,0,0,0
APP-19465,48,84459.54,6,MORTGAGE,19000,DEBTCONSOLIDATION,36,18.57,568,15.83,17.76,10,0,0,0
APP-19466,38,114226.01,0,RENT,3000,DEBTCONSOLIDATION,36,9.16,756,13.82,43.66,6,0,0,0
APP-19467,34,83320.76,0,RENT,18000,DEBTCONSOLIDATION,36,11.5,683,17.93,28.51,7,0,0,0
APP-19468,38,118398.96,14,RENT,24000,DEBTCONSOLIDATION,36,12.96,722,37.13,72.99,10,0,0,0
APP-19469,48,29105.45,6,RENT,24000,HOMEIMPROVEMENT,36,14.69,680,19.96,35.34,9,0,0,0
APP-19470,44,19804.09,5,RENT,2000,DEBTCONSOLIDATION,36,12.07,685,25.54,34.49,10,0,0,0
APP-19471,28,20105.93,18,RENT,15000,DEBTCONSOLIDATION,60,14.15,695,23.59,34.05,13,0,0,0
APP-19472,62,104613.55,9,RENT,13000,PERSONAL,36,14.76,702,10.38,48.62,8,0,0,0
APP-19473,65,80970.79,18,RENT,15000,DEBTCONSOLIDATION,36,15.22,646,18.31,31.22,12,1,0,0
APP-19474,28,41807.99,18,RENT,39000,VENTURE,36,16.56,613,14.67,38.67,9,0,0,0
APP-19475,24,49392.46,0,RENT,17000,HOMEIMPROVEMENT,36,20.97,531,22.26,17.85,14,0,0,0
APP-19476,47,70844.22,19,MORTGAGE,35000,DEBTCONSOLIDATION,36,12.9,687,20.64,7.44,9,0,0,0
APP-19477,56,41703.8,0,MORTGAGE,19000,DEBTCONSOLIDATION,36,8.47,834,12.73,50.6,7,1,0,0
APP-19478,25,39791.18,20,MORTGAGE,11000,HOMEIMPROVEMENT,36,16.01,589,14.3,47.58,11,3,0,0
APP-19479,53,43161.84,8,RENT,20000,DEBTCONSOLIDATION,36,8.87,791,15.37,44.67,13,0,0,0
APP-19480,69,41346.7,15,MORTGAGE,31000,DEBTCONSOLIDATION,36,12.72,704,17.6,34.2,9,0,0,0
APP-19481,54,61211.81,14,RENT,5000,DEBTCONSOLIDATION,36,11.13,688,22.15,45.93,6,0,0,0
APP-19482,50,137519.48,10,MORTGAGE,8000,PERSONAL,36,12.92,732,6.22,32.23,4,0,1,0
APP-19483,28,36186.61,12,RENT,17000,DEBTCONSOLIDATION,36,14.43,673,23.78,39.83,9,0,0,0
APP-19484,59,57721.61,19,MORTGAGE,38000,DEBTCONSOLIDATION,36,12.77,650,18.73,14.55,9,1,0,0
APP-19485,67,75380.8,19,MORTGAGE,6000,EDUCATION,36,13.94,597,47.82,11.05,13,0,0,1
APP-19486,46,78258.84,13,OWN,40000,MEDICAL,60,12.15,689,18.64,17.79,9,0,1,0
APP-19487,57,46493.21,13,RENT,34000,PERSONAL,36,13.73,678,4.62,29.18,6,0,0,0
APP-19488,54,81580.83,3,OWN,36000,VENTURE,36,12.88,669,15.12,54.75,11,0,0,0
APP-19489,27,73866.48,17,MORTGAGE,35000,HOMEIMPROVEMENT,36,11.81,746,19.63,66.02,9,0,0,0
APP-19490,60,47780.38,12,OTHER,34000,DEBTCONSOLIDATION,36,11.19,670,12.46,39.64,10,0,0,0
APP-19491,48,30443.81,17,MORTGAGE,40000,PERSONAL,36,10.66,739,33.61,45.97,16,0,0,1
APP-19492,59,33804.26,13,MORTGAGE,11000,DEBTCONSOLIDATION,60,16.21,612,15.77,44.46,5,0,0,0
APP-19493,59,86936.02,5,MORTGAGE,4000,PERSONAL,60,9.75,749,42.8,55.71,9,0,0,0
APP-19494,48,122214.38,2,MORTGAGE,30000,DEBTCONSOLIDATION,36,9.04,767,13.38,49.97,11,0,0,0
APP-19495,34,59896.75,0,MORTGAGE,36000,DEBTCONSOLIDATION,60,14.24,693,24.28,43.05,9,0,0,0
APP-19496,58,120686.65,11,MORTGAGE,32000,VENTURE,60,13.13,692,16.8,36.59,11,0,0,0
APP-19497,24,58326.38,4,MORTGAGE,40000,VENTURE,60,12.09,736,30.23,30.97,9,0,0,0
APP-19498,62,33784.54,12,RENT,16000,MEDICAL,36,13.33,724,17.54,11.05,12,0,1,0
APP-19499,38,53920.52,0,MORTGAGE,2000,MEDICAL,36,13.96,660,14.67,58.68,8,1,0,0
APP-19500,64,126238.53,6,RENT,20000,MEDICAL,36,12.85,698,9.51,63.61,11,0,1,0
APP-19501,68,44279.06,4,RENT,38000,DEBTCONSOLIDATION,36,9.31,826,19.25,34.54,6,0,0,0
APP-19502,45,55939.38,6,MORTGAGE,28000,HOMEIMPROVEMENT,36,16.54,657,23.36,13.67,9,0,0,0
APP-19503,27,108317.0,0,MORTGAGE,22000,HOMEIMPROVEMENT,60,12.75,723,9.26,33.64,10,0,0,0
APP-19504,58,104652.01,14,RENT,8000,DEBTCONSOLIDATION,36,14.54,719,27.04,33.34,11,0,0,0
APP-19505,48,69770.26,0,MORTGAGE,34000,EDUCATION,36,15.05,695,26.2,54.3,10,0,0,0
APP-19506,25,78223.39,0,MORTGAGE,3000,DEBTCONSOLIDATION,36,7.64,763,38.18,85.77,9,0,0,0
APP-19507,23,101867.16,19,RENT,15000,PERSONAL,36,10.5,791,12.7,26.17,7,1,0,0
APP-19508,64,69862.17,2,MORTGAGE,4000,MEDICAL,36,8.37,782,10.53,20.34,7,0,0,0
APP-19509,51,113579.13,17,MORTGAGE,15000,DEBTCONSOLIDATION,36,12.89,740,23.45,53.01,9,0,0,0
APP-19510,67,83781.7,20,RENT,6000,HOMEIMPROVEMENT,36,11.74,773,10.61,50.09,6,2,0,0
APP-19511,62,55606.3,10,MORTGAGE,18000,HOMEIMPROVEMENT,36,16.28,628,15.29,54.63,10,0,0,0
APP-19512,40,74403.64,10,RENT,40000,HOMEIMPROVEMENT,60,14.15,588,10.32,30.67,6,0,0,0
APP-19513,39,49378.93,6,MORTGAGE,2000,PERSONAL,60,18.97,531,11.91,80.25,6,0,0,0
APP-19514,68,36946.6,7,MORTGAGE,29000,MEDICAL,60,15.81,658,15.0,25.61,8,0,0,0
APP-19515,31,33835.95,9,MORTGAGE,39000,HOMEIMPROVEMENT,36,9.7,788,9.9,46.6,11,0,0,0
APP-19516,60,53998.32,1,RENT,15000,DEBTCONSOLIDATION,36,12.53,706,35.69,30.14,11,1,0,0
APP-19517,23,70016.78,6,MORTGAGE,18000,VENTURE,60,13.64,640,26.69,39.86,16,3,0,0
APP-19518,43,147344.03,16,MORTGAGE,16000,HOMEIMPROVEMENT,36,7.99,835,43.78,35.25,11,1,0,0
APP-19519,27,73720.78,2,OWN,8000,DEBTCONSOLIDATION,36,13.41,639,34.63,7.46,9,0,1,0
APP-19520,43,65890.28,14,RENT,8000,DEBTCONSOLIDATION,36,15.52,637,15.99,20.41,4,0,0,0
APP-19521,27,56964.37,13,RENT,25000,DEBTCONSOLIDATION,36,13.64,652,19.67,57.59,7,0,0,0
APP-19522,66,50076.92,0,RENT,27000,DEBTCONSOLIDATION,60,8.55,740,48.04,46.36,9,1,0,0
APP-19523,54,63919.45,0,RENT,15000,DEBTCONSOLIDATION,36,13.32,614,18.92,32.23,5,0,0,0
APP-19524,62,52162.49,6,RENT,20000,DEBTCONSOLIDATION,36,11.67,720,2.67,2.68,9,0,0,0
APP-19525,39,50897.78,14,OWN,27000,PERSONAL,36,14.55,620,8.4,32.74,11,0,0,0
APP-19526,29,90254.38,5,RENT,17000,EDUCATION,36,12.82,720,15.95,47.14,10,0,0,0
APP-19527,68,38035.13,13,MORTGAGE,35000,MEDICAL,60,11.57,728,11.13,24.92,3,3,1,0
APP-19528,38,52840.85,13,MORTGAGE,3000,VENTURE,36,16.21,657,27.19,89.44,8,0,0,1
APP-19529,61,42454.66,16,MORTGAGE,2000,HOMEIMPROVEMENT,60,16.09,674,17.51,26.26,12,0,0,0
APP-19530,68,63500.45,0,OWN,37000,MEDICAL,60,18.49,565,25.37,49.71,4,0,0,0
APP-19531,65,91755.24,11,MORTGAGE,36000,DEBTCONSOLIDATION,36,13.09,709,14.43,5.56,7,0,0,0
APP-19532,62,71324.46,0,RENT,25000,DEBTCONSOLIDATION,36,11.2,682,3.44,42.4,12,0,0,0
APP-19533,45,53613.16,2,RENT,6000,PERSONAL,36,14.93,625,7.32,11.88,9,0,2,0
APP-19534,34,95816.55,5,OWN,30000,VENTURE,36,9.14,782,19.06,31.48,10,0,1,0
APP-19535,64,93092.93,14,OTHER,2000,HOMEIMPROVEMENT,36,12.8,698,23.37,54.48,7,0,0,0
APP-19536,45,61068.39,20,RENT,10000,VENTURE,36,13.05,681,3.12,20.68,13,0,0,0
APP-19537,39,132786.59,6,MORTGAGE,37000,DEBTCONSOLIDATION,60,9.92,772,4.47,25.8,10,0,0,0
APP-19538,59,73842.86,10,MORTGAGE,17000,DEBTCONSOLIDATION,60,17.06,574,39.14,14.25,14,1,0,1
APP-19539,35,72854.02,4,MORTGAGE,16000,HOMEIMPROVEMENT,36,14.96,637,17.19,16.54,16,0,3,0
APP-19540,36,32815.67,13,OWN,11000,DEBTCONSOLIDATION,36,15.29,666,34.7,23.68,10,1,0,0
APP-19541,47,25800.59,6,RENT,38000,PERSONAL,60,18.02,572,10.59,43.47,9,0,0,1
APP-19542,60,61803.68,9,MORTGAGE,17000,VENTURE,36,12.85,667,11.27,42.16,8,0,0,0
APP-19543,30,,11,RENT,39000,DEBTCONSOLIDATION,36,15.29,568,11.87,23.92,18,0,0,0
APP-19544,24,70562.44,13,MORTGAGE,37000,DEBTCONSOLIDATION,36,13.6,618,7.49,17.47,13,0,1,0
APP-19545,39,96321.12,0,RENT,16000,DEBTCONSOLIDATION,36,11.65,706,14.07,42.29,15,0,0,0
APP-19546,48,48690.54,10,MORTGAGE,4000,MEDICAL,60,15.7,675,10.95,68.51,11,2,0,0
APP-19547,41,62395.47,8,RENT,20000,PERSONAL,36,12.96,701,42.82,40.77,9,0,0,0
APP-19548,67,60375.87,1,MORTGAGE,38000,DEBTCONSOLIDATION,36,16.56,620,9.08,8.05,8,0,0,0
APP-19549,34,24324.87,3,MORTGAGE,4000,HOMEIMPROVEMENT,36,12.08,670,15.34,11.58,11,0,0,0
APP-19550,53,146452.98,18,RENT,9000,DEBTCONSOLIDATION,60,12.95,666,3.21,57.42,11,0,0,0
APP-19551,68,108964.87,18,RENT,25000,VENTURE,36,17.63,577,39.96,29.0,8,0,0,0
APP-19552,30,95245.86,0,MORTGAGE,15000,HOMEIMPROVEMENT,36,11.36,731,16.56,20.4,11,0,0,0
APP-19553,39,113830.24,13,RENT,36000,DEBTCONSOLIDATION,36,11.21,771,2.0,57.92,9,0,0,0
APP-19554,50,47407.56,10,MORTGAGE,17000,PERSONAL,60,9.64,758,25.63,0.83,5,0,0,0
APP-19555,42,89133.22,19,MORTGAGE,8000,PERSONAL,36,17.75,584,26.59,40.3,11,0,1,0
APP-19556,23,47353.05,18,RENT,36000,DEBTCONSOLIDATION,36,8.44,739,17.53,37.39,12,0,0,0
APP-19557,57,64472.89,11,MORTGAGE,9000,DEBTCONSOLIDATION,60,14.85,659,9.22,21.47,6,0,0,0
APP-19558,61,25056.36,1,MORTGAGE,13000,DEBTCONSOLIDATION,60,12.56,799,36.84,5.54,13,0,3,0
APP-19559,38,55581.56,8,RENT,17000,PERSONAL,36,13.72,681,18.03,51.55,13,0,0,0
APP-19560,31,27857.91,14,RENT,5000,DEBTCONSOLIDATION,60,12.1,756,21.3,19.78,9,0,0,0
APP-19561,68,31982.07,19,OWN,36000,DEBTCONSOLIDATION,36,14.23,619,12.59,54.34,13,0,0,0
APP-19562,22,58287.85,6,MORTGAGE,33000,EDUCATION,36,14.41,691,11.18,60.38,12,0,0,0
APP-19563,32,42029.8,16,RENT,13000,DEBTCONSOLIDATION,60,5.73,846,14.36,65.16,13,2,0,0
APP-19564,26,70932.09,13,MORTGAGE,22000,HOMEIMPROVEMENT,60,16.52,607,14.46,28.91,4,0,0,0
APP-19565,63,138340.94,0,MORTGAGE,16000,MEDICAL,36,14.2,701,9.35,41.42,11,0,0,0
APP-19566,60,43876.94,10,MORTGAGE,36000,DEBTCONSOLIDATION,36,9.38,734,46.64,3.95,12,2,0,0
APP-19567,64,52449.99,2,OTHER,4000,EDUCATION,36,12.46,663,12.82,36.43,7,3,0,0
APP-19568,49,83471.06,13,RENT,3000,PERSONAL,36,12.67,642,20.36,46.77,12,3,0,0
APP-19569,50,42832.26,12,MORTGAGE,7000,VENTURE,36,6.9,767,51.87,58.7,5,0,0,0
APP-19570,22,41869.06,20,OTHER,17000,HOMEIMPROVEMENT,60,14.57,710,13.88,29.04,8,0,0,0
APP-19571,29,47943.45,19,MORTGAGE,24000,HOMEIMPROVEMENT,36,10.07,802,15.42,31.23,15,1,0,0
APP-19572,67,93007.95,0,MORTGAGE,32000,VENTURE,36,12.05,672,13.9,48.75,12,0,0,0
APP-19573,22,24732.97,0,RENT,31000,DEBTCONSOLIDATION,36,11.57,711,18.47,14.17,10,0,0,0
APP-19574,49,39193.18,15,RENT,4000,DEBTCONSOLIDATION,36,11.95,629,2.73,20.43,7,2,0,0
APP-19575,53,128726.33,13,MORTGAGE,17000,EDUCATION,36,9.36,748,22.82,34.48,11,0,0,0
APP-19576,30,18000.0,16,OTHER,5000,DEBTCONSOLIDATION,36,16.61,639,18.82,24.07,11,0,0,0
APP-19577,54,56179.94,4,RENT,37000,DEBTCONSOLIDATION,36,8.27,725,7.02,32.69,10,0,0,0
APP-19578,64,128664.89,17,RENT,29000,HOMEIMPROVEMENT,36,11.19,673,14.32,52.97,10,0,0,0
APP-19579,28,155592.13,8,OWN,29000,DEBTCONSOLIDATION,36,13.21,687,10.46,29.38,8,0,0,0
APP-19580,57,89292.93,4,RENT,4000,PERSONAL,36,13.68,696,31.3,35.69,11,0,0,0
APP-19581,53,107572.36,0,MORTGAGE,27000,HOMEIMPROVEMENT,36,11.16,694,14.42,16.31,15,0,0,0
APP-19582,67,37260.67,18,RENT,40000,VENTURE,36,10.98,695,15.64,21.57,7,0,1,1
APP-19583,26,38823.15,10,RENT,14000,PERSONAL,36,14.79,611,15.63,42.47,9,0,0,0
APP-19584,64,141079.95,20,RENT,8000,PERSONAL,36,11.24,714,15.04,4.6,14,0,1,0
APP-19585,60,52474.35,14,RENT,14000,HOMEIMPROVEMENT,36,9.35,658,18.34,10.5,12,0,3,0
APP-19586,65,23422.85,0,MORTGAGE,5000,DEBTCONSOLIDATION,60,11.41,721,9.57,36.0,8,0,0,0
APP-19587,39,73806.82,11,RENT,17000,HOMEIMPROVEMENT,36,9.39,725,34.51,53.07,12,0,1,0
APP-19588,52,54420.78,0,MORTGAGE,29000,MEDICAL,36,13.44,642,22.01,52.36,7,0,0,0
APP-19589,47,62352.92,10,RENT,14000,HOMEIMPROVEMENT,60,16.18,617,5.93,34.33,14,0,0,0
APP-19590,21,18203.35,6,RENT,11000,DEBTCONSOLIDATION,36,10.67,716,7.72,31.15,4,0,0,0
APP-19591,63,18000.0,12,OTHER,6000,PERSONAL,36,12.46,687,36.82,38.23,8,0,0,0
APP-19592,53,,10,RENT,37000,HOMEIMPROVEMENT,36,11.93,699,14.58,61.22,10,0,0,0
APP-19593,60,51453.55,4,RENT,20000,DEBTCONSOLIDATION,36,11.53,665,25.86,50.54,10,0,0,0
APP-19594,52,47646.71,1,RENT,31000,VENTURE,60,13.43,672,10.04,41.8,12,0,0,0
APP-19595,25,72783.3,7,RENT,29000,DEBTCONSOLIDATION,36,15.5,643,17.01,46.41,14,2,0,0
APP-19596,37,40560.89,20,MORTGAGE,32000,PERSONAL,36,13.65,697,17.4,43.55,8,0,0,0
APP-19597,28,52432.38,8,MORTGAGE,37000,EDUCATION,36,13.22,657,19.24,46.11,4,0,0,0
APP-19598,62,47840.2,15,MORTGAGE,2000,EDUCATION,36,15.7,575,28.35,52.63,11,0,0,0
APP-19599,54,93220.51,0,MORTGAGE,10000,HOMEIMPROVEMENT,36,12.99,692,5.07,35.36,11,0,0,0
APP-19600,29,23401.67,6,RENT,13000,PERSONAL,36,15.81,695,15.35,78.58,11,0,0,0
APP-19601,43,43318.0,11,RENT,24000,DEBTCONSOLIDATION,36,9.57,801,34.7,33.82,7,0,0,0
APP-19602,55,103247.14,15,MORTGAGE,13000,DEBTCONSOLIDATION,36,14.83,634,7.09,63.14,6,0,1,0
APP-19603,27,39396.43,10,MORTGAGE,10000,PERSONAL,60,12.31,688,29.7,56.41,8,0,0,0
APP-19604,35,63575.06,9,MORTGAGE,27000,HOMEIMPROVEMENT,36,9.48,753,15.78,81.83,8,0,0,0
APP-19605,40,137960.17,15,RENT,31000,VENTURE,60,9.13,702,11.43,52.18,4,0,0,0
APP-19606,45,64808.72,5,RENT,21000,DEBTCONSOLIDATION,36,11.26,732,4.74,6.95,4,1,0,0
APP-19607,23,174599.74,0,MORTGAGE,17000,PERSONAL,36,10.8,703,44.54,16.35,16,0,0,0
APP-19608,66,120565.24,6,RENT,14000,PERSONAL,36,12.42,692,28.22,13.99,12,0,0,0
APP-19609,44,43224.73,1,MORTGAGE,36000,MEDICAL,36,13.3,689,9.0,43.14,7,0,0,0
APP-19610,54,31824.44,20,RENT,5000,MEDICAL,36,14.32,711,42.89,42.58,10,0,0,0
APP-19611,66,44269.05,11,OWN,26000,VENTURE,36,8.81,749,8.94,50.51,8,0,0,0
APP-19612,42,72404.73,8,OTHER,14000,PERSONAL,60,8.06,784,25.49,63.12,8,0,0,0
APP-19613,31,71191.6,19,MORTGAGE,29000,DEBTCONSOLIDATION,36,17.54,602,18.13,43.29,6,0,0,0
APP-19614,68,83471.89,18,MORTGAGE,13000,DEBTCONSOLIDATION,36,13.35,637,3.78,36.73,10,0,0,0
APP-19615,28,37695.59,7,MORTGAGE,25000,HOMEIMPROVEMENT,36,9.51,765,9.52,19.4,8,0,1,0
APP-19616,59,40572.82,18,MORTGAGE,29000,HOMEIMPROVEMENT,36,8.98,748,25.11,25.8,10,0,0,0
APP-19617,63,79163.19,0,MORTGAGE,2000,VENTURE,36,14.54,696,13.41,60.78,10,0,2,0
APP-19618,55,162015.98,18,RENT,35000,DEBTCONSOLIDATION,36,13.04,697,12.55,4.03,11,0,0,0
APP-19619,69,34597.06,5,RENT,4000,MEDICAL,36,10.24,720,32.54,20.86,10,0,0,0
APP-19620,66,57744.47,11,OWN,23000,DEBTCONSOLIDATION,36,13.71,715,36.98,41.08,10,0,0,1
APP-19621,58,50015.77,4,MORTGAGE,22000,DEBTCONSOLIDATION,36,16.41,656,15.16,45.4,10,0,0,0
APP-19622,28,64388.26,20,MORTGAGE,28000,DEBTCONSOLIDATION,36,13.75,606,18.45,51.86,13,0,0,0
APP-19623,57,32905.13,0,OWN,22000,PERSONAL,60,16.08,643,25.27,45.5,7,0,0,0
APP-19624,47,62571.29,8,OWN,23000,VENTURE,36,13.37,682,21.25,30.6,8,0,1,0
APP-19625,48,110237.41,12,RENT,14000,DEBTCONSOLIDATION,36,10.42,690,5.57,45.52,5,0,0,0
APP-19626,60,26582.42,12,MORTGAGE,17000,PERSONAL,36,13.96,653,10.23,58.63,15,0,0,0
APP-19627,54,98520.14,15,MORTGAGE,25000,VENTURE,36,9.0,802,20.37,46.64,12,0,0,0
APP-19628,52,32943.42,14,MORTGAGE,18000,DEBTCONSOLIDATION,60,11.91,637,21.19,19.53,11,0,0,0
APP-19629,35,68123.09,16,RENT,6000,DEBTCONSOLIDATION,36,18.07,634,7.0,26.68,8,0,0,0
APP-19630,64,76451.02,3,RENT,39000,PERSONAL,36,12.21,680,26.19,60.2,12,0,0,0
APP-19631,37,72228.36,6,RENT,28000,DEBTCONSOLIDATION,36,15.59,629,24.31,37.3,12,0,0,0
APP-19632,53,50678.67,6,RENT,33000,PERSONAL,36,9.79,769,30.38,55.33,8,0,0,0
APP-19633,67,83386.79,19,RENT,27000,DEBTCONSOLIDATION,60,12.42,688,29.99,76.02,15,0,0,0
APP-19634,66,31932.6,7,RENT,8000,EDUCATION,36,7.64,808,18.26,28.2,8,0,0,0
APP-19635,36,94588.09,3,MORTGAGE,37000,HOMEIMPROVEMENT,36,9.77,778,44.53,60.22,10,0,0,0
APP-19636,49,47452.45,12,RENT,8000,HOMEIMPROVEMENT,36,11.73,673,4.72,39.26,6,0,0,0
APP-19637,29,70333.22,7,MORTGAGE,28000,PERSONAL,60,14.35,646,3.28,27.0,9,0,0,0
APP-19638,53,50225.98,3,MORTGAGE,39000,VENTURE,36,9.59,712,14.18,42.24,11,0,2,1
APP-19639,69,128804.68,14,MORTGAGE,25000,VENTURE,60,11.23,770,10.11,39.14,9,0,0,0
APP-19640,49,74556.92,2,RENT,25000,DEBTCONSOLIDATION,36,14.26,624,20.58,39.74,13,2,1,0
APP-19641,33,82980.75,12,RENT,30000,VENTURE,60,16.75,572,44.43,49.09,8,0,0,0
APP-19642,41,88767.95,8,MORTGAGE,28000,PERSONAL,36,14.49,663,5.66,59.55,13,0,0,0
APP-19643,41,53077.35,5,MORTGAGE,35000,VENTURE,60,16.5,643,7.88,57.83,6,1,1,0
APP-19644,25,69191.73,19,RENT,22000,MEDICAL,60,13.35,749,26.46,30.53,7,0,0,0
APP-19645,30,65032.49,5,RENT,2000,DEBTCONSOLIDATION,36,16.46,626,12.09,31.25,7,2,0,0
APP-19646,26,82656.63,6,MORTGAGE,11000,PERSONAL,60,9.93,718,32.56,63.82,16,0,0,0
APP-19647,33,47915.7,18,MORTGAGE,31000,VENTURE,36,16.14,652,46.14,37.27,8,0,0,0
APP-19648,21,42054.19,1,OWN,29000,EDUCATION,36,13.03,643,22.01,39.62,13,0,0,0
APP-19649,40,108110.4,0,MORTGAGE,31000,HOMEIMPROVEMENT,36,10.17,718,17.5,32.42,10,0,0,0
APP-19650,67,88730.23,4,RENT,29000,HOMEIMPROVEMENT,60,14.85,613,16.92,7.79,4,0,0,0
APP-19651,66,39352.77,11,MORTGAGE,30000,VENTURE,36,10.84,761,31.59,78.26,7,0,0,0
APP-19652,28,154990.21,7,RENT,32000,VENTURE,60,15.72,705,38.61,55.49,3,0,1,0
APP-19653,30,44994.4,12,RENT,5000,MEDICAL,36,14.23,639,6.84,57.82,13,0,0,0
APP-19654,29,63532.8,1,OWN,20000,DEBTCONSOLIDATION,36,12.4,818,9.59,37.82,9,0,2,0
APP-19655,69,107403.0,4,RENT,11000,MEDICAL,36,10.6,786,18.56,66.26,10,5,0,0
APP-19656,61,106892.28,11,RENT,32000,DEBTCONSOLIDATION,60,16.19,575,18.76,21.99,9,0,0,0
APP-19657,23,42077.52,3,OWN,35000,PERSONAL,36,14.96,668,18.88,56.42,15,0,0,0
APP-19658,31,77545.57,7,RENT,40000,PERSONAL,36,12.22,663,10.02,9.66,7,0,0,0
APP-19659,32,51271.61,11,RENT,32000,VENTURE,60,13.76,643,29.73,40.73,8,0,0,0
APP-19660,30,73849.25,20,RENT,12000,DEBTCONSOLIDATION,36,9.0,762,14.88,49.11,10,1,0,0
APP-19661,45,,0,MORTGAGE,37000,DEBTCONSOLIDATION,36,15.63,638,26.38,49.41,9,0,1,0
APP-19662,69,48953.27,8,RENT,33000,HOMEIMPROVEMENT,36,15.02,676,6.76,69.94,5,0,0,0
APP-19663,69,37005.19,7,MORTGAGE,24000,HOMEIMPROVEMENT,36,13.43,674,29.14,46.81,14,0,1,0
APP-19664,45,108291.91,17,OWN,40000,VENTURE,36,17.39,550,32.04,17.73,4,0,0,0
APP-19665,31,41279.03,18,MORTGAGE,4000,VENTURE,36,10.64,739,15.2,20.39,7,0,0,0
APP-19666,56,124764.71,18,RENT,29000,MEDICAL,36,6.56,786,30.06,4.4,12,0,0,0
APP-19667,59,51694.12,6,MORTGAGE,26000,VENTURE,36,13.88,642,21.54,13.11,12,0,0,0
APP-19668,46,76292.21,5,MORTGAGE,29000,HOMEIMPROVEMENT,60,11.86,718,21.94,78.95,9,0,1,0
APP-19669,34,129265.68,8,MORTGAGE,20000,PERSONAL,36,15.73,699,15.21,37.77,7,0,0,0
APP-19670,59,48276.69,6,RENT,20000,DEBTCONSOLIDATION,36,9.42,734,6.23,41.4,12,0,0,0
APP-19671,60,75805.29,14,RENT,30000,DEBTCONSOLIDATION,36,9.97,781,41.86,53.39,11,0,0,0
APP-19672,21,76650.91,3,MORTGAGE,20000,HOMEIMPROVEMENT,36,10.98,684,28.08,41.33,6,0,0,0
APP-19673,24,42903.69,13,MORTGAGE,19000,DEBTCONSOLIDATION,36,16.2,611,14.05,31.29,12,0,0,0
APP-19674,50,66911.73,19,RENT,25000,VENTURE,36,8.39,825,10.22,27.03,8,0,0,0
APP-19675,32,86889.57,4,RENT,39000,PERSONAL,36,14.67,687,8.1,46.62,14,0,0,0
APP-19676,55,140150.79,13,RENT,17000,MEDICAL,36,15.06,630,23.43,12.8,9,0,0,0
APP-19677,33,48656.95,1,RENT,19000,HOMEIMPROVEMENT,36,13.81,667,14.1,37.05,12,0,0,0
APP-19678,51,71177.93,1,RENT,14000,VENTURE,36,13.68,682,36.37,35.04,8,0,0,0
APP-19679,58,56188.41,0,RENT,5000,DEBTCONSOLIDATION,60,14.83,623,45.64,25.36,5,0,0,1
APP-19680,63,65951.88,1,MORTGAGE,14000,DEBTCONSOLIDATION,60,14.96,636,17.31,31.65,14,0,0,0
APP-19681,43,44538.24,3,MORTGAGE,36000,DEBTCONSOLIDATION,36,10.58,749,23.25,21.89,15,0,0,0
APP-19682,24,55021.5,11,MORTGAGE,5000,DEBTCONSOLIDATION,36,10.68,707,14.08,11.13,9,0,0,0
APP-19683,36,127913.04,15,RENT,20000,MEDICAL,60,12.1,736,22.24,30.24,10,0,0,0
APP-19684,27,63813.13,1,RENT,25000,VENTURE,36,13.92,726,7.54,37.19,9,0,0,0
APP-19685,42,62196.42,18,MORTGAGE,34000,DEBTCONSOLIDATION,36,13.51,626,13.41,39.0,13,1,0,0
APP-19686,49,39097.01,17,RENT,34000,MEDICAL,60,13.38,688,7.44,82.67,7,0,0,0
APP-19687,31,103310.83,14,OWN,10000,VENTURE,60,11.89,772,17.86,8.69,14,0,0,0
APP-19688,53,91443.84,7,RENT,4000,HOMEIMPROVEMENT,36,12.46,693,9.63,44.28,14,0,0,0
APP-19689,49,63807.81,0,MORTGAGE,4000,PERSONAL,36,13.41,743,16.13,62.31,8,0,0,0
APP-19690,59,154904.16,14,RENT,31000,HOMEIMPROVEMENT,36,13.0,725,25.56,22.29,9,0,0,0
APP-19691,32,45876.26,18,MORTGAGE,19000,PERSONAL,36,13.1,637,11.9,41.41,15,0,0,1
APP-19692,27,35555.48,5,MORTGAGE,3000,VENTURE,36,9.59,756,40.59,18.88,9,0,0,0
APP-19693,59,57098.74,14,MORTGAGE,33000,DEBTCONSOLIDATION,36,11.19,773,27.91,33.55,13,0,0,0
APP-19694,62,39198.33,0,MORTGAGE,10000,MEDICAL,36,9.83,694,10.8,41.45,12,0,0,0
APP-19695,68,67530.35,14,RENT,3000,PERSONAL,60,9.28,752,22.97,13.66,16,0,0,0
APP-19696,46,62105.99,0,OWN,21000,VENTURE,36,13.17,696,21.01,65.16,8,0,0,1
APP-19697,60,106558.5,11,RENT,28000,DEBTCONSOLIDATION,36,11.86,692,6.26,26.18,3,0,0,0
APP-19698,29,47673.97,11,MORTGAGE,37000,DEBTCONSOLIDATION,36,11.57,671,3.25,33.27,3,0,2,0
APP-19699,61,70686.51,5,RENT,20000,MEDICAL,36,15.01,629,9.08,23.46,6,0,0,0
APP-19700,54,65684.43,0,RENT,17000,HOMEIMPROVEMENT,36,16.13,649,6.16,49.88,15,5,0,0
APP-19701,65,90786.61,19,RENT,27000,DEBTCONSOLIDATION,36,13.93,624,14.02,13.86,7,0,0,0
APP-19702,33,34022.99,10,MORTGAGE,15000,DEBTCONSOLIDATION,36,9.18,762,7.33,18.51,15,0,0,0
APP-19703,56,38219.88,11,MORTGAGE,19000,PERSONAL,60,12.41,692,19.62,46.04,11,0,0,0
APP-19704,45,44825.8,12,RENT,29000,VENTURE,60,13.05,762,29.31,19.3,9,0,0,0
APP-19705,44,34815.71,18,MORTGAGE,20000,DEBTCONSOLIDATION,36,15.77,564,12.81,11.25,11,0,0,0
APP-19706,64,,0,RENT,31000,MEDICAL,36,13.41,626,18.06,26.61,11,0,0,1
APP-19707,37,81711.25,18,OWN,22000,DEBTCONSOLIDATION,36,14.43,660,32.59,23.38,7,0,1,0
APP-19708,22,103366.05,3,RENT,22000,DEBTCONSOLIDATION,36,13.16,744,10.02,24.67,9,0,0,0
APP-19709,33,55666.49,0,RENT,31000,HOMEIMPROVEMENT,60,11.26,701,11.17,71.45,6,0,0,0
APP-19710,51,47515.13,13,RENT,38000,VENTURE,36,15.56,689,13.07,68.57,9,0,1,0
APP-19711,49,37287.71,20,OWN,33000,VENTURE,60,14.03,590,19.82,36.9,6,0,0,0
APP-19712,48,114895.8,0,MORTGAGE,31000,PERSONAL,36,8.99,737,25.54,38.31,9,0,1,0
APP-19713,47,53577.08,7,RENT,23000,HOMEIMPROVEMENT,36,11.69,688,11.58,13.41,9,1,0,0
APP-19714,35,41651.08,10,MORTGAGE,25000,DEBTCONSOLIDATION,36,8.62,803,21.74,47.56,14,0,0,1
APP-19715,51,87134.85,4,OWN,11000,PERSONAL,36,17.18,554,5.64,51.17,6,0,0,0
APP-19716,60,50533.5,20,RENT,25000,DEBTCONSOLIDATION,36,11.73,682,21.29,77.7,10,0,0,0
APP-19717,35,35119.64,12,RENT,2000,MEDICAL,36,11.77,622,10.65,7.16,10,1,0,0
APP-19718,53,38805.47,17,MORTGAGE,36000,HOMEIMPROVEMENT,36,15.29,620,24.55,48.73,8,0,0,0
APP-19719,40,62646.39,7,MORTGAGE,17000,PERSONAL,60,13.86,650,28.04,42.65,10,3,0,0
APP-19720,62,35025.89,6,RENT,6000,DEBTCONSOLIDATION,36,9.4,783,12.25,67.5,8,0,0,0
APP-19721,32,57365.95,10,MORTGAGE,32000,PERSONAL,60,11.09,693,11.21,42.01,8,1,0,0
APP-19722,57,38855.63,8,MORTGAGE,38000,VENTURE,36,12.84,673,24.88,42.7,4,0,0,0
APP-19723,29,37309.58,14,MORTGAGE,26000,DEBTCONSOLIDATION,36,13.15,674,20.86,66.02,9,1,0,1
APP-19724,43,46911.85,4,OTHER,26000,DEBTCONSOLIDATION,60,11.27,710,31.49,13.64,9,1,0,0
APP-19725,28,64837.6,8,RENT,4000,DEBTCONSOLIDATION,36,12.74,661,35.94,20.09,5,0,0,0
APP-19726,52,70245.27,18,MORTGAGE,39000,VENTURE,36,12.96,707,8.1,73.34,13,5,0,0
APP-19727,68,95050.45,15,RENT,33000,MEDICAL,36,10.24,702,17.14,35.11,8,1,0,0
APP-19728,34,40476.31,2,MORTGAGE,21000,PERSONAL,60,12.91,683,48.58,60.26,9,0,0,0
APP-19729,47,120060.91,18,RENT,31000,VENTURE,36,11.06,713,12.41,37.86,13,0,0,0
APP-19730,45,233392.23,11,OWN,3000,DEBTCONSOLIDATION,36,13.54,644,24.72,56.77,13,0,0,0
APP-19731,33,48534.34,13,RENT,6000,PERSONAL,36,14.51,677,24.8,67.97,12,0,0,0
APP-19732,41,24745.75,4,RENT,20000,DEBTCONSOLIDATION,36,16.76,609,5.79,54.9,8,0,1,0
APP-19733,65,25064.58,8,RENT,21000,HOMEIMPROVEMENT,36,16.88,583,30.31,51.87,9,0,1,0
APP-19734,51,46704.37,16,OWN,23000,HOMEIMPROVEMENT,36,10.73,769,23.61,19.12,9,0,0,0
APP-19735,57,42316.88,5,OTHER,12000,DEBTCONSOLIDATION,36,11.85,735,18.31,17.71,11,0,1,0
APP-19736,68,60028.18,2,OWN,19000,DEBTCONSOLIDATION,60,8.65,770,35.72,33.86,4,0,0,0
APP-19737,63,77199.06,6,MORTGAGE,28000,PERSONAL,36,10.52,747,12.43,10.93,15,0,0,0
APP-19738,25,31475.35,0,RENT,32000,VENTURE,36,13.12,647,12.95,57.25,6,0,0,0
APP-19739,33,54953.26,14,RENT,36000,VENTURE,36,17.4,560,4.33,54.53,9,0,0,1
APP-19740,48,46490.83,1,RENT,22000,HOMEIMPROVEMENT,36,9.58,645,30.72,29.15,2,0,3,0
APP-19741,63,165673.7,4,MORTGAGE,21000,DEBTCONSOLIDATION,36,7.26,717,21.17,25.86,14,0,0,0
APP-19742,45,,18,MORTGAGE,10000,DEBTCONSOLIDATION,36,12.87,695,18.67,28.01,6,0,0,0
APP-19743,55,40969.79,10,MORTGAGE,32000,DEBTCONSOLIDATION,36,14.67,692,17.49,17.95,13,0,0,0
APP-19744,67,60886.46,5,RENT,10000,HOMEIMPROVEMENT,36,13.44,667,15.79,19.44,14,1,1,0
APP-19745,59,41107.77,10,MORTGAGE,8000,HOMEIMPROVEMENT,60,13.92,619,19.91,48.22,10,0,1,0
APP-19746,27,105509.66,3,OWN,34000,DEBTCONSOLIDATION,36,8.47,788,9.49,49.0,15,0,0,0
APP-19747,58,35956.41,0,MORTGAGE,2000,HOMEIMPROVEMENT,36,11.91,726,35.78,30.83,10,0,0,0
APP-19748,52,37875.46,11,MORTGAGE,20000,DEBTCONSOLIDATION,60,14.2,721,24.29,38.69,11,0,1,0
APP-19749,23,110158.42,14,MORTGAGE,4000,VENTURE,36,10.8,598,21.19,17.98,6,0,0,0
APP-19750,65,33009.35,18,RENT,40000,VENTURE,36,14.28,678,19.19,73.94,11,0,0,0
APP-19751,59,90879.95,15,OTHER,13000,VENTURE,36,10.67,723,20.53,7.62,11,0,0,0
APP-19752,57,47749.08,19,RENT,31000,PERSONAL,60,8.47,807,36.26,5.31,16,0,0,0
APP-19753,42,43950.97,20,RENT,17000,DEBTCONSOLIDATION,36,6.23,755,10.37,40.61,10,0,0,0
APP-19754,28,46447.51,15,RENT,14000,PERSONAL,36,12.4,669,8.57,62.35,13,0,0,0
APP-19755,37,34191.31,17,MORTGAGE,25000,PERSONAL,36,10.93,731,40.15,33.05,12,0,0,0
APP-19756,47,94233.61,13,MORTGAGE,18000,DEBTCONSOLIDATION,36,12.49,712,12.83,56.84,10,0,0,0
APP-19757,53,64089.35,2,RENT,28000,MEDICAL,60,8.42,738,25.94,51.55,8,1,0,0
APP-19758,66,93478.01,2,OWN,30000,PERSONAL,60,14.53,671,2.28,38.1,16,0,0,0
APP-19759,37,107815.21,0,OWN,15000,DEBTCONSOLIDATION,36,13.57,699,5.5,44.11,10,0,0,0
APP-19760,62,78473.28,19,RENT,6000,EDUCATION,36,16.42,639,12.89,28.48,9,0,0,0
APP-19761,32,28958.3,13,MORTGAGE,39000,PERSONAL,36,13.49,670,13.8,25.75,13,0,0,0
APP-19762,68,36877.51,16,MORTGAGE,7000,MEDICAL,60,9.4,762,3.09,29.27,14,0,0,0
APP-19763,66,91624.77,5,RENT,25000,DEBTCONSOLIDATION,36,15.49,703,18.52,75.87,9,0,0,0
APP-19764,47,61559.05,8,RENT,34000,DEBTCONSOLIDATION,60,13.55,605,21.59,55.1,13,1,0,0
APP-19765,68,82883.36,0,RENT,10000,HOMEIMPROVEMENT,36,13.81,662,32.62,28.74,11,0,0,0
APP-19766,28,57270.2,18,MORTGAGE,4000,PERSONAL,60,11.37,729,9.79,16.11,8,0,0,0
APP-19767,43,48298.37,17,MORTGAGE,24000,MEDICAL,36,18.46,584,10.94,52.4,10,0,0,0
APP-19768,62,82936.2,16,MORTGAGE,22000,PERSONAL,60,10.49,735,17.6,65.17,20,0,0,0
APP-19769,69,25242.58,0,MORTGAGE,23000,DEBTCONSOLIDATION,36,9.97,753,20.06,18.06,8,5,0,0
APP-19770,49,51028.15,2,RENT,9000,EDUCATION,36,15.83,708,24.68,36.87,4,0,1,0
APP-19771,40,61897.69,5,RENT,21000,VENTURE,60,15.92,653,19.63,9.94,9,1,0,0
APP-19772,36,66459.39,4,RENT,15000,DEBTCONSOLIDATION,60,16.78,592,13.62,79.52,9,0,0,0
APP-19773,37,,17,RENT,31000,PERSONAL,36,14.2,626,2.0,25.4,15,0,0,0
APP-19774,36,31998.46,2,RENT,9000,DEBTCONSOLIDATION,36,10.3,784,5.38,80.49,8,0,0,0
APP-19775,39,49188.95,10,RENT,20000,DEBTCONSOLIDATION,36,14.82,681,16.64,4.03,12,1,0,0
APP-19776,28,58024.37,11,MORTGAGE,39000,MEDICAL,36,8.83,764,15.16,65.4,6,0,0,0
APP-19777,58,130291.47,7,RENT,37000,MEDICAL,36,11.58,670,12.85,38.42,17,0,0,0
APP-19778,58,38600.1,3,MORTGAGE,7000,HOMEIMPROVEMENT,36,15.1,647,5.19,75.08,10,0,0,0
APP-19779,49,46790.29,20,RENT,35000,EDUCATION,36,14.08,687,17.94,58.5,2,0,1,1
APP-19780,61,132687.29,7,MORTGAGE,11000,DEBTCONSOLIDATION,36,11.31,765,17.78,19.52,10,1,0,0
APP-19781,56,101930.22,14,MORTGAGE,32000,DEBTCONSOLIDATION,36,11.04,724,23.97,74.36,8,0,0,0
APP-19782,46,34303.44,2,RENT,12000,DEBTCONSOLIDATION,36,15.13,626,22.62,35.49,7,0,0,0
APP-19783,51,83928.73,16,RENT,36000,VENTURE,36,14.96,647,61.97,14.71,9,0,0,0
APP-19784,64,90780.66,3,MORTGAGE,12000,MEDICAL,36,16.42,607,12.0,39.23,12,0,0,0
APP-19785,32,66030.83,13,MORTGAGE,33000,PERSONAL,36,9.65,768,6.45,28.56,6,0,0,0
APP-19786,37,33302.99,9,RENT,27000,VENTURE,36,11.04,701,20.75,5.73,14,0,0,0
APP-19787,35,44455.67,1,MORTGAGE,23000,VENTURE,60,11.59,707,19.68,68.87,3,0,0,0
APP-19788,29,43740.03,0,RENT,2000,DEBTCONSOLIDATION,36,14.35,715,2.28,29.16,8,0,0,0
APP-19789,59,77999.25,19,RENT,30000,DEBTCONSOLIDATION,36,13.79,687,26.37,38.31,8,1,0,0
APP-19790,62,48304.59,1,RENT,40000,DEBTCONSOLIDATION,36,14.61,647,13.62,71.12,12,0,0,0
APP-19791,68,52449.19,14,MORTGAGE,23000,HOMEIMPROVEMENT,36,16.03,570,13.87,17.92,9,0,0,0
APP-19792,32,44311.64,13,MORTGAGE,33000,DEBTCONSOLIDATION,36,11.03,700,26.42,58.0,13,0,0,0
APP-19793,52,27467.93,6,MORTGAGE,26000,HOMEIMPROVEMENT,60,7.58,821,10.28,19.39,7,0,0,0
APP-19794,45,219158.0,2,OWN,30000,MEDICAL,60,12.8,632,3.92,62.46,9,0,0,0
APP-19795,59,73232.59,2,RENT,38000,PERSONAL,36,17.89,581,16.24,11.43,17,0,0,0
APP-19796,38,124992.19,11,OWN,33000,EDUCATION,36,15.95,671,10.93,6.79,13,0,0,0
APP-19797,35,34275.89,10,MORTGAGE,31000,PERSONAL,36,9.95,711,3.33,18.24,7,1,0,0
APP-19798,52,127945.19,18,RENT,19000,DEBTCONSOLIDATION,60,13.59,629,3.99,81.28,8,0,0,0
APP-19799,26,49107.31,12,OWN,4000,PERSONAL,60,14.5,653,30.77,31.68,10,2,0,0
APP-19800,64,78052.53,16,MORTGAGE,13000,DEBTCONSOLIDATION,60,15.55,615,4.66,50.42,15,0,0,0
APP-19801,63,98309.42,0,MORTGAGE,21000,DEBTCONSOLIDATION,36,12.85,692,15.86,17.05,16,0,0,0
APP-19802,55,127449.04,13,RENT,9000,DEBTCONSOLIDATION,36,12.61,711,8.19,22.73,7,0,0,0
APP-19803,54,58501.66,3,MORTGAGE,32000,HOMEIMPROVEMENT,60,16.23,668,16.01,29.17,10,0,2,0
APP-19804,58,36236.68,4,RENT,25000,MEDICAL,60,12.15,635,18.36,36.74,9,0,0,0
APP-19805,25,59433.48,14,RENT,14000,PERSONAL,36,14.58,725,19.63,34.78,14,0,0,0
APP-19806,38,80460.68,16,OWN,9000,DEBTCONSOLIDATION,60,10.4,734,20.96,39.76,10,0,0,0
APP-19807,36,45800.94,6,RENT,15000,HOMEIMPROVEMENT,36,12.46,677,2.88,48.29,10,0,0,0
APP-19808,28,48457.64,16,RENT,16000,MEDICAL,60,12.0,711,24.71,29.79,14,0,1,0
APP-19809,45,27608.07,8,OWN,22000,DEBTCONSOLIDATION,60,9.88,741,14.07,3.17,11,0,0,0
APP-19810,52,36714.15,17,RENT,16000,DEBTCONSOLIDATION,36,18.39,639,29.81,51.37,7,0,0,0
APP-19811,46,74768.3,0,RENT,27000,DEBTCONSOLIDATION,36,16.23,603,27.85,70.14,12,0,0,0
APP-19812,42,93057.35,0,MORTGAGE,39000,MEDICAL,36,12.36,736,28.92,23.06,15,1,0,0
APP-19813,51,103868.2,15,RENT,39000,PERSONAL,36,10.33,807,19.0,24.24,13,0,0,0
APP-19814,63,186834.29,12,OWN,34000,HOMEIMPROVEMENT,36,17.61,569,13.08,37.56,8,0,1,0
APP-19815,30,126005.59,10,RENT,11000,DEBTCONSOLIDATION,36,8.13,785,39.47,53.22,4,0,0,0
APP-19816,32,55491.74,12,MORTGAGE,20000,DEBTCONSOLIDATION,60,13.62,686,30.27,41.38,19,2,0,1
APP-19817,48,,19,RENT,12000,DEBTCONSOLIDATION,36,9.67,748,37.4,61.73,3,0,0,0
APP-19818,26,52676.63,13,RENT,4000,DEBTCONSOLIDATION,36,16.37,610,11.4,11.79,10,0,0,0
APP-19819,40,45452.37,12,RENT,24000,DEBTCONSOLIDATION,60,12.62,656,52.95,10.13,6,0,0,0
APP-19820,25,65051.96,15,RENT,7000,PERSONAL,36,10.43,746,17.91,31.97,14,0,0,0
APP-19821,43,93477.07,17,MORTGAGE,30000,PERSONAL,36,10.02,746,9.74,21.31,11,0,0,0
APP-19822,29,76106.04,4,MORTGAGE,5000,DEBTCONSOLIDATION,36,11.19,672,2.0,44.24,12,0,0,0
APP-19823,49,131659.94,12,MORTGAGE,4000,PERSONAL,36,11.48,684,5.62,44.62,5,1,0,0
APP-19824,36,72967.03,11,RENT,21000,VENTURE,36,14.26,662,19.16,66.12,8,0,1,1
APP-19825,66,31640.75,1,RENT,9000,DEBTCONSOLIDATION,36,12.75,610,12.99,58.19,12,0,0,0
APP-19826,42,45026.39,10,RENT,7000,DEBTCONSOLIDATION,36,12.76,697,18.09,32.51,9,0,0,0
APP-19827,28,73224.66,0,RENT,6000,DEBTCONSOLIDATION,60,13.3,681,22.57,79.16,9,0,0,0
APP-19828,40,67126.54,2,RENT,9000,MEDICAL,36,15.28,666,29.42,58.29,12,3,0,0
APP-19829,34,115165.58,19,RENT,9000,DEBTCONSOLIDATION,36,13.92,610,12.44,67.53,12,0,0,0
APP-19830,59,60085.21,0,RENT,36000,DEBTCONSOLIDATION,60,12.42,675,8.98,36.33,8,0,1,0
APP-19831,57,54819.35,11,MORTGAGE,20000,DEBTCONSOLIDATION,60,8.66,701,29.48,65.18,13,0,0,0
APP-19832,54,27255.45,5,MORTGAGE,11000,DEBTCONSOLIDATION,36,12.44,724,8.35,6.22,19,0,0,0
APP-19833,31,40000.15,10,RENT,36000,HOMEIMPROVEMENT,36,14.24,699,17.7,52.16,16,0,0,0
APP-19834,60,69869.61,3,RENT,10000,MEDICAL,36,18.61,595,14.96,8.63,13,0,0,0
APP-19835,53,66491.34,8,MORTGAGE,9000,VENTURE,36,16.03,673,19.93,47.81,7,0,2,0
APP-19836,51,80615.26,17,OWN,9000,DEBTCONSOLIDATION,36,10.44,746,3.51,7.68,5,1,0,0
APP-19837,64,75003.49,6,RENT,9000,HOMEIMPROVEMENT,36,13.75,656,13.25,16.54,12,0,0,0
APP-19838,54,56574.58,6,MORTGAGE,21000,HOMEIMPROVEMENT,60,18.77,570,5.89,19.8,2,0,0,0
APP-19839,27,36284.74,8,MORTGAGE,8000,DEBTCONSOLIDATION,60,12.75,660,12.95,28.6,13,0,0,0
APP-19840,69,59891.27,0,MORTGAGE,23000,PERSONAL,36,14.6,654,22.96,17.2,11,0,0,0
APP-19841,43,58564.11,7,OWN,18000,DEBTCONSOLIDATION,36,11.07,755,14.4,29.91,11,0,0,0
APP-19842,66,118884.87,0,OWN,6000,DEBTCONSOLIDATION,36,12.98,730,4.71,24.16,10,0,0,1
APP-19843,27,116319.19,9,RENT,35000,DEBTCONSOLIDATION,36,8.1,804,25.45,73.26,12,0,0,0
APP-19844,45,47127.42,17,MORTGAGE,26000,DEBTCONSOLIDATION,36,13.99,707,14.94,61.22,9,0,0,0
APP-19845,23,43872.33,10,MORTGAGE,16000,MEDICAL,36,8.08,842,22.75,66.22,9,0,0,0
APP-19846,58,30429.2,12,RENT,32000,DEBTCONSOLIDATION,36,8.2,814,11.31,13.89,8,0,1,0
APP-19847,40,55135.88,0,MORTGAGE,20000,PERSONAL,36,10.78,726,3.88,25.95,9,0,0,0
APP-19848,54,47235.28,17,OWN,32000,DEBTCONSOLIDATION,36,8.32,746,21.8,48.82,8,0,0,0
APP-19849,69,220502.28,7,MORTGAGE,13000,DEBTCONSOLIDATION,36,12.69,747,4.75,74.54,8,0,0,0
APP-19850,64,34279.76,20,OWN,24000,DEBTCONSOLIDATION,60,12.2,734,11.44,45.52,7,0,0,1
APP-19851,64,61653.82,1,MORTGAGE,24000,DEBTCONSOLIDATION,60,16.03,636,11.44,32.35,9,0,1,1
APP-19852,50,43415.41,19,MORTGAGE,37000,VENTURE,36,11.48,678,17.57,33.61,16,0,0,0
APP-19853,37,60615.66,12,MORTGAGE,12000,MEDICAL,36,10.18,676,14.38,28.12,9,0,0,0
APP-19854,30,50680.77,0,MORTGAGE,23000,PERSONAL,60,15.01,754,23.66,12.91,13,0,0,0
APP-19855,55,89836.67,20,RENT,31000,VENTURE,36,10.71,723,14.36,48.29,8,2,0,0
APP-19856,40,74619.64,0,MORTGAGE,6000,PERSONAL,36,10.86,701,9.7,38.68,11,0,0,0
APP-19857,38,88347.44,14,MORTGAGE,38000,PERSONAL,36,14.3,616,37.1,14.53,9,0,3,1
APP-19858,65,41109.65,18,MORTGAGE,21000,PERSONAL,36,16.99,658,15.15,24.75,15,0,3,0
APP-19859,64,102708.65,2,RENT,11000,VENTURE,60,13.38,656,7.26,35.76,15,0,0,0
APP-19860,47,47058.64,6,RENT,23000,MEDICAL,36,7.58,812,21.26,45.38,7,0,0,0
APP-19861,69,29639.89,11,MORTGAGE,31000,HOMEIMPROVEMENT,36,16.23,677,20.25,50.49,10,4,0,0
APP-19862,56,54669.15,13,MORTGAGE,31000,MEDICAL,36,15.3,638,6.44,27.71,11,5,0,0
APP-19863,43,63366.0,18,RENT,23000,HOMEIMPROVEMENT,36,12.61,699,5.63,21.14,12,0,0,0
APP-19864,52,32052.46,15,MORTGAGE,39000,VENTURE,60,12.8,706,22.46,27.02,15,1,0,0
APP-19865,30,92669.79,6,OWN,39000,PERSONAL,36,13.0,681,9.96,67.56,11,0,0,0
APP-19866,31,39911.51,16,RENT,39000,VENTURE,36,8.18,778,16.25,15.52,16,0,0,0
APP-19867,58,39066.52,20,OWN,8000,HOMEIMPROVEMENT,36,12.08,761,13.08,25.83,6,0,0,0
APP-19868,26,59872.92,3,MORTGAGE,37000,HOMEIMPROVEMENT,36,13.73,650,22.22,40.88,11,0,0,0
APP-19869,61,91917.98,0,RENT,15000,DEBTCONSOLIDATION,60,13.76,643,4.27,56.63,20,0,0,0
APP-19870,67,32600.68,7,MORTGAGE,12000,DEBTCONSOLIDATION,36,14.35,603,39.2,76.44,13,0,0,0
APP-19871,54,95828.38,18,MORTGAGE,8000,HOMEIMPROVEMENT,36,8.76,850,10.54,20.96,8,0,0,0
APP-19872,56,20339.43,1,OWN,33000,PERSONAL,60,14.24,651,20.81,17.73,15,0,0,0
APP-19873,57,70638.74,18,RENT,19000,VENTURE,36,13.73,690,2.48,42.6,12,0,0,0
APP-19874,37,34035.28,20,RENT,35000,DEBTCONSOLIDATION,36,15.85,662,19.21,18.47,7,0,0,0
APP-19875,60,40163.93,0,RENT,3000,MEDICAL,36,15.66,614,14.98,48.99,9,3,0,0
APP-19876,60,,9,RENT,8000,HOMEIMPROVEMENT,36,10.83,770,41.89,45.25,11,2,0,1
APP-19877,32,36531.08,5,RENT,32000,DEBTCONSOLIDATION,36,13.23,719,7.05,30.81,10,1,0,0
APP-19878,41,58213.83,7,RENT,19000,PERSONAL,60,13.49,674,9.2,11.61,13,0,0,0
APP-19879,60,35124.16,8,RENT,21000,DEBTCONSOLIDATION,60,17.62,579,19.13,28.28,12,0,0,0
APP-19880,39,87956.21,15,MORTGAGE,8000,DEBTCONSOLIDATION,36,12.94,682,11.59,60.63,7,0,0,0
APP-19881,23,73458.17,11,RENT,23000,MEDICAL,60,13.08,720,11.09,27.75,12,0,0,0
APP-19882,38,78818.34,20,MORTGAGE,38000,VENTURE,36,13.84,628,15.5,80.99,10,2,0,0
APP-19883,39,105391.23,5,RENT,35000,DEBTCONSOLIDATION,36,11.88,746,45.09,34.94,7,0,0,0
APP-19884,67,50569.06,10,RENT,40000,DEBTCONSOLIDATION,36,9.56,762,8.29,41.75,9,0,0,0
APP-19885,26,102462.67,16,MORTGAGE,17000,HOMEIMPROVEMENT,36,13.16,719,29.71,19.27,15,3,0,0
APP-19886,36,126115.45,6,RENT,15000,VENTURE,60,13.47,632,7.05,36.53,15,0,1,0
APP-19887,28,69024.91,8,RENT,33000,HOMEIMPROVEMENT,36,15.92,651,9.54,47.77,11,0,0,0
APP-19888,68,34436.01,13,RENT,39000,PERSONAL,36,8.16,718,28.59,60.73,9,0,0,0
APP-19889,38,32778.27,17,OWN,40000,EDUCATION,36,11.23,758,7.56,63.26,9,0,3,0
APP-19890,68,74692.64,7,MORTGAGE,27000,VENTURE,36,11.48,661,21.67,53.48,8,0,0,0
APP-19891,63,34424.97,10,RENT,31000,PERSONAL,36,13.28,684,10.14,47.66,9,0,0,0
APP-19892,59,30586.12,20,MORTGAGE,40000,PERSONAL,36,12.58,649,18.43,40.01,6,1,1,0
APP-19893,69,93141.12,0,RENT,10000,DEBTCONSOLIDATION,60,13.53,669,10.88,39.46,9,0,0,0
APP-19894,69,47600.63,8,RENT,33000,EDUCATION,36,11.03,768,61.0,69.16,16,2,0,0
APP-19895,32,200726.8,12,RENT,8000,DEBTCONSOLIDATION,36,11.14,688,37.94,53.11,10,0,0,1
APP-19896,65,43099.52,0,MORTGAGE,13000,HOMEIMPROVEMENT,36,14.57,626,19.51,40.01,8,0,1,0
APP-19897,30,46691.65,11,RENT,24000,HOMEIMPROVEMENT,60,10.78,607,5.25,26.33,13,0,3,0
APP-19898,27,71654.11,0,MORTGAGE,18000,DEBTCONSOLIDATION,36,15.53,676,28.54,45.41,11,0,0,0
APP-19899,66,66322.37,17,OWN,22000,DEBTCONSOLIDATION,36,13.31,778,25.1,34.75,8,0,0,0
APP-19900,21,57406.19,16,RENT,13000,HOMEIMPROVEMENT,36,16.9,627,21.31,25.11,7,0,0,0
APP-19901,69,56727.73,0,OWN,23000,MEDICAL,60,11.26,723,6.36,37.4,12,3,0,0
APP-19902,56,302978.17,0,OWN,24000,VENTURE,60,13.12,733,6.37,65.12,8,0,0,0
APP-19903,41,137363.42,15,MORTGAGE,6000,PERSONAL,36,16.04,610,7.98,41.05,9,0,0,0
APP-19904,57,91286.84,6,MORTGAGE,19000,DEBTCONSOLIDATION,60,16.85,632,6.92,10.86,11,0,0,0
APP-19905,44,32444.62,11,MORTGAGE,38000,MEDICAL,60,13.85,657,13.44,23.01,7,0,0,0
APP-19906,45,57701.86,4,OWN,38000,PERSONAL,36,12.5,724,25.53,48.01,13,0,0,0
APP-19907,27,83305.69,2,MORTGAGE,8000,DEBTCONSOLIDATION,36,16.23,571,17.56,15.43,13,0,1,1
APP-19908,62,87038.82,5,RENT,4000,DEBTCONSOLIDATION,60,7.19,765,30.71,55.76,10,0,0,1
APP-19909,37,113414.41,3,MORTGAGE,2000,EDUCATION,36,17.85,629,5.6,51.72,16,0,0,0
APP-19910,49,43452.5,8,OWN,7000,VENTURE,36,16.44,658,15.17,15.45,7,0,0,0
APP-19911,50,58731.53,15,RENT,8000,DEBTCONSOLIDATION,36,18.3,559,13.25,18.47,12,0,1,0
APP-19912,27,41047.8,10,MORTGAGE,28000,DEBTCONSOLIDATION,36,13.37,652,10.87,12.84,11,0,0,0
APP-19913,53,116701.35,12,MORTGAGE,32000,EDUCATION,36,8.85,787,19.01,72.06,8,1,0,0
APP-19914,27,84915.64,8,RENT,9000,DEBTCONSOLIDATION,60,15.22,630,18.87,39.52,12,0,1,0
APP-19915,44,46459.15,5,RENT,15000,PERSONAL,36,13.15,777,30.52,12.32,10,0,0,0
APP-19916,31,66999.4,1,RENT,16000,HOMEIMPROVEMENT,36,16.15,591,16.7,66.07,6,0,0,1
APP-19917,29,61399.36,6,MORTGAGE,8000,DEBTCONSOLIDATION,36,13.86,634,3.72,33.79,9,0,0,0
APP-19918,32,38562.44,13,MORTGAGE,8000,DEBTCONSOLIDATION,36,11.06,690,22.65,30.12,7,0,1,0
APP-19919,55,95328.41,14,RENT,34000,MEDICAL,36,9.81,707,8.81,9.78,8,0,0,0
APP-19920,24,62223.48,8,RENT,8000,HOMEIMPROVEMENT,36,10.71,711,13.36,28.8,14,0,0,0
APP-19921,56,45951.42,12,RENT,21000,DEBTCONSOLIDATION,60,17.98,602,19.69,38.5,10,0,0,0
APP-19922,48,38232.66,3,MORTGAGE,8000,VENTURE,60,6.91,780,13.46,78.46,12,0,0,0
APP-19923,33,91793.63,17,RENT,15000,VENTURE,36,13.7,679,11.0,64.59,10,0,0,0
APP-19924,43,68464.5,17,RENT,16000,DEBTCONSOLIDATION,36,10.9,743,18.07,45.62,12,0,0,0
APP-19925,39,42305.54,5,OWN,19000,PERSONAL,36,14.1,645,13.41,17.62,8,0,0,0
APP-19926,62,46680.53,10,MORTGAGE,11000,DEBTCONSOLIDATION,36,10.6,710,9.01,30.53,11,0,0,0
APP-19927,57,60039.62,12,MORTGAGE,36000,PERSONAL,36,14.42,667,16.61,76.23,14,0,0,0
APP-19928,59,61815.24,9,MORTGAGE,28000,PERSONAL,36,10.74,752,10.97,42.05,12,0,0,0
APP-19929,44,65908.8,18,RENT,2000,PERSONAL,36,12.61,725,6.08,31.52,7,0,0,0
APP-19930,36,24720.92,15,RENT,29000,PERSONAL,60,12.71,708,14.57,33.17,13,0,0,0
APP-19931,53,63589.67,13,MORTGAGE,35000,DEBTCONSOLIDATION,36,10.99,692,13.02,18.04,11,0,0,0
APP-19932,32,32546.48,10,MORTGAGE,4000,DEBTCONSOLIDATION,36,15.95,588,6.22,61.38,11,0,0,0
APP-19933,54,121722.86,0,RENT,4000,PERSONAL,60,9.84,780,9.43,71.39,12,0,0,0
APP-19934,27,,0,MORTGAGE,12000,MEDICAL,36,5.4,827,2.25,52.56,12,0,0,0
APP-19935,31,106762.84,5,RENT,5000,HOMEIMPROVEMENT,36,13.59,705,11.59,19.7,18,1,0,0
APP-19936,51,18000.0,3,RENT,31000,DEBTCONSOLIDATION,36,16.42,648,24.45,62.97,11,0,0,1
APP-19937,49,51555.24,19,MORTGAGE,40000,DEBTCONSOLIDATION,36,13.69,674,15.38,50.11,10,0,0,0
APP-19938,33,57583.78,7,RENT,33000,DEBTCONSOLIDATION,36,9.41,766,20.82,74.25,10,0,3,0
APP-19939,51,79817.51,18,OWN,17000,VENTURE,36,11.36,667,16.36,11.39,8,0,1,0
APP-19940,22,93942.42,16,MORTGAGE,18000,EDUCATION,60,8.76,781,6.78,68.54,6,0,0,0
APP-19941,59,113813.09,16,RENT,12000,DEBTCONSOLIDATION,36,12.76,715,26.34,31.63,10,0,0,0
APP-19942,35,18802.54,3,OWN,37000,DEBTCONSOLIDATION,36,16.33,630,5.68,46.64,12,0,0,0
APP-19943,31,40108.75,8,MORTGAGE,33000,MEDICAL,60,11.64,750,25.42,11.95,5,0,0,0
APP-19944,54,61629.71,5,OTHER,36000,VENTURE,36,5.56,737,16.42,33.28,4,0,0,0
APP-19945,59,90648.94,20,MORTGAGE,28000,VENTURE,36,12.66,649,9.6,9.0,11,0,0,0
APP-19946,24,89402.67,18,OWN,35000,DEBTCONSOLIDATION,60,13.16,704,28.44,12.44,13,0,0,0
APP-19947,31,75921.2,3,MORTGAGE,6000,HOMEIMPROVEMENT,36,13.51,615,25.21,29.74,9,0,0,0
APP-19948,49,43541.49,5,MORTGAGE,26000,DEBTCONSOLIDATION,36,11.72,692,29.92,30.8,13,0,0,0
APP-19949,22,46402.08,10,MORTGAGE,29000,DEBTCONSOLIDATION,60,10.28,725,37.69,43.54,10,0,0,0
APP-19950,36,43707.53,4,OWN,19000,DEBTCONSOLIDATION,36,11.75,653,12.23,40.5,18,0,0,1
APP-19951,59,36661.16,17,MORTGAGE,4000,MEDICAL,36,12.12,736,7.33,23.58,7,0,0,0
APP-19952,33,36405.35,16,MORTGAGE,29000,DEBTCONSOLIDATION,36,14.11,679,32.04,32.09,10,0,0,0
APP-19953,57,34705.5,14,OWN,3000,PERSONAL,60,13.76,660,9.07,25.81,10,4,0,1
APP-19954,37,70825.55,13,RENT,35000,EDUCATION,36,10.91,803,6.91,32.49,13,0,0,0
APP-19955,41,63714.36,10,RENT,23000,DEBTCONSOLIDATION,36,11.44,750,5.9,29.7,9,0,0,0
APP-19956,64,37669.52,6,RENT,23000,VENTURE,36,18.22,545,36.11,15.64,10,0,0,1
APP-19957,39,25444.6,17,OWN,31000,PERSONAL,60,10.06,768,22.05,40.4,11,0,1,0
APP-19958,27,49778.25,17,MORTGAGE,35000,DEBTCONSOLIDATION,36,13.91,694,8.14,20.32,5,0,0,0
APP-19959,58,125495.82,0,MORTGAGE,2000,DEBTCONSOLIDATION,60,12.7,711,8.77,42.61,9,0,0,0
APP-19960,28,60055.33,7,OWN,30000,DEBTCONSOLIDATION,36,12.74,664,12.02,18.57,13,0,2,0
APP-19961,33,89325.15,0,RENT,20000,DEBTCONSOLIDATION,36,15.55,631,18.0,54.71,11,0,0,0
APP-19962,57,65514.25,17,RENT,20000,PERSONAL,60,11.17,778,6.76,19.61,9,1,0,0
APP-19963,22,58158.81,2,MORTGAGE,30000,HOMEIMPROVEMENT,36,15.54,674,6.8,84.79,5,0,0,0
APP-19964,61,28666.2,13,RENT,34000,DEBTCONSOLIDATION,36,17.29,664,17.31,43.04,9,1,0,0
APP-19965,31,48857.22,6,RENT,18000,PERSONAL,36,17.96,603,22.47,55.23,8,0,0,0
APP-19966,44,45825.96,16,MORTGAGE,39000,HOMEIMPROVEMENT,36,9.6,728,26.82,55.62,9,0,0,0
APP-19967,26,125568.83,9,RENT,2000,HOMEIMPROVEMENT,60,15.52,630,22.37,56.49,12,0,0,0
APP-19968,46,65618.33,5,MORTGAGE,34000,PERSONAL,60,16.62,627,24.92,20.27,7,0,0,0
APP-19969,27,113410.35,5,RENT,37000,PERSONAL,60,8.26,749,12.21,12.68,14,0,0,0
APP-19970,59,105211.01,5,OTHER,23000,HOMEIMPROVEMENT,60,18.96,527,38.88,45.14,13,0,0,0
APP-19971,39,39223.96,16,MORTGAGE,19000,DEBTCONSOLIDATION,60,14.87,613,21.94,50.32,11,0,0,0
APP-19972,26,59908.87,14,MORTGAGE,18000,PERSONAL,60,10.34,731,5.73,11.09,14,0,0,0
APP-19973,63,139029.21,5,RENT,33000,EDUCATION,36,11.07,755,36.9,26.08,11,0,3,0
APP-19974,49,79347.29,9,OWN,21000,HOMEIMPROVEMENT,36,14.32,607,21.21,33.24,13,0,0,0
APP-19975,63,76984.51,0,RENT,24000,PERSONAL,36,8.63,773,10.89,8.52,12,0,0,0
APP-19976,59,94541.16,17,RENT,29000,PERSONAL,36,10.37,733,15.48,58.32,9,0,0,0
APP-19977,22,76129.46,4,RENT,27000,DEBTCONSOLIDATION,60,12.73,640,25.75,44.23,13,0,0,0
APP-19978,39,78682.62,18,OWN,8000,PERSONAL,60,10.4,733,4.36,46.3,13,0,0,0
APP-19979,24,69637.27,11,MORTGAGE,21000,VENTURE,36,14.46,704,22.62,46.91,10,0,0,0
APP-19980,26,50519.84,11,OWN,12000,PERSONAL,36,11.84,672,19.28,49.84,13,0,0,0
APP-19981,69,35275.87,1,MORTGAGE,8000,DEBTCONSOLIDATION,36,11.61,726,6.44,53.64,12,0,0,0
APP-19982,57,23659.6,0,RENT,39000,PERSONAL,60,13.95,652,19.75,38.93,16,0,0,0
APP-19983,48,50782.77,10,OWN,28000,DEBTCONSOLIDATION,60,13.74,736,14.94,43.16,8,1,0,0
APP-19984,50,74481.21,8,RENT,10000,DEBTCONSOLIDATION,36,15.2,656,22.29,24.83,7,0,0,0
APP-19985,27,67459.69,0,RENT,5000,DEBTCONSOLIDATION,36,11.67,718,13.39,63.41,6,0,0,0
APP-19986,29,,17,RENT,39000,DEBTCONSOLIDATION,36,16.55,650,10.73,18.28,6,0,0,0
APP-19987,45,56217.21,7,RENT,30000,VENTURE,36,12.34,675,15.11,10.2,13,0,0,0
APP-19988,53,233514.64,4,MORTGAGE,27000,VENTURE,60,17.36,628,3.52,56.59,7,0,0,0
APP-19989,21,164988.1,16,RENT,26000,PERSONAL,36,17.33,620,8.88,57.96,8,0,0,0
APP-19990,26,28034.81,19,RENT,15000,VENTURE,60,10.5,763,2.75,29.08,11,0,0,0
APP-19991,38,83137.77,5,MORTGAGE,38000,EDUCATION,60,9.79,747,14.07,49.01,8,0,0,0
APP-19992,30,97186.56,15,RENT,29000,PERSONAL,36,11.67,775,16.77,16.7,6,0,0,0
APP-19993,48,20717.64,13,RENT,9000,EDUCATION,36,12.94,717,18.62,77.6,6,0,0,0
APP-19994,31,65084.53,20,OWN,12000,DEBTCONSOLIDATION,36,9.33,817,10.47,65.59,10,0,0,0
APP-19995,53,77532.9,2,RENT,36000,EDUCATION,36,15.06,641,18.61,66.78,11,2,0,1
APP-19996,21,59706.08,20,MORTGAGE,32000,MEDICAL,60,11.54,710,28.69,51.3,8,0,0,0
APP-19997,33,72619.36,5,MORTGAGE,35000,DEBTCONSOLIDATION,36,18.49,557,19.27,21.93,14,0,0,0
APP-19998,57,62288.48,7,RENT,37000,DEBTCONSOLIDATION,36,10.83,708,22.56,44.67,10,0,0,0
APP-19999,40,85075.1,6,MORTGAGE,18000,HOMEIMPROVEMENT,60,13.89,628,23.92,16.23,3,0,0,0
